customerID,tenure,MonthlyCharges,TotalCharges,Contract,InternetService,OnlineSecurity,TechSupport,StreamingTV,StreamingMovies,MonthlyServiceCalls,City,PlanType,Churn
CUST_00000,51,101.46665196281694,8308.213016292299,Two year,Fiber optic,Yes,No,No internet service,No,1,Hyderabad,Premium,0
CUST_00001,14,87.69928898802846,459.8204922958698,Month-to-month,Fiber optic,No internet service,Yes,No,No internet service,6,Chennai,Standard,1
CUST_00002,71,36.72353965012715,3004.838617557986,Month-to-month,DSL,No internet service,No internet service,No internet service,No,1,Delhi,Standard,0
CUST_00003,60,101.73375978852603,3653.7909854850623,Month-to-month,No,No internet service,No internet service,Yes,No internet service,3,Hyderabad,Basic,0
CUST_00004,20,61.746207718260436,7008.889095871043,One year,DSL,No internet service,No,No internet service,Yes,12,Pune,Basic,0
CUST_00005,23,37.27653731705986,6517.101942310319,One year,No,No internet service,No,Yes,No internet service,13,Chennai,Standard,1
CUST_00006,2,46.743329740442235,3198.683373436973,Two year,DSL,No,No internet service,No internet service,No,19,Pune,Premium,0
CUST_00007,21,45.287757085330924,4815.082409111103,Two year,DSL,Yes,Yes,Yes,No internet service,2,Mumbai,Basic,0
CUST_00008,52,70.95911140955293,7105.518177720769,One year,No,No internet service,Yes,No internet service,Yes,8,Hyderabad,Basic,0
CUST_00009,1,41.9057492491433,172.3689406252291,One year,DSL,No,Yes,No,Yes,17,Hyderabad,Basic,0
CUST_00010,29,30.603781714960768,6822.074640166573,Month-to-month,Fiber optic,No,No,Yes,Yes,15,Pune,Basic,0
CUST_00011,37,30.616466762603594,8049.572086951201,One year,Fiber optic,No internet service,Yes,Yes,No internet service,18,Chennai,Standard,0
CUST_00012,1,77.49417210818785,289.9712712287398,One year,No,No internet service,No,No internet service,No,19,Delhi,Standard,0
CUST_00013,63,92.94544746263662,404.6179323971447,One year,DSL,No,No,No,No internet service,8,Bangalore,Standard,1
CUST_00014,59,50.79636690151076,2940.167795210982,One year,Fiber optic,No internet service,No internet service,Yes,No internet service,18,Delhi,Premium,0
CUST_00015,20,21.534372401029742,762.4614398774154,Month-to-month,No,No,No internet service,Yes,No internet service,5,Pune,Basic,0
CUST_00016,32,30.976938467575096,4083.21971305276,Two year,No,No internet service,Yes,No,No,11,Mumbai,Basic,0
CUST_00017,57,111.29884515437982,6198.924030931503,Month-to-month,No,No,Yes,No,Yes,14,Hyderabad,Basic,1
CUST_00018,21,68.3414532781242,4826.439311539878,One year,Fiber optic,No internet service,No,No,Yes,5,Pune,Standard,0
CUST_00019,48,64.26442658074782,1684.1354527549834,One year,Fiber optic,No,No internet service,Yes,Yes,4,Pune,Basic,0
CUST_00020,58,21.881016187629275,5572.109446857494,Two year,Fiber optic,Yes,No internet service,No internet service,No,13,Chennai,Standard,0
CUST_00021,41,92.3209762763237,5826.935692395564,Two year,Fiber optic,No internet service,No,No internet service,No internet service,18,Hyderabad,Standard,0
CUST_00022,59,71.86294425507205,7927.0065961202945,Two year,DSL,No internet service,Yes,Yes,No internet service,17,Bangalore,Premium,0
CUST_00023,14,38.61225548082512,1263.13128355213,Month-to-month,Fiber optic,No,Yes,Yes,No internet service,12,Delhi,Basic,1
CUST_00024,61,29.227523538467835,5890.395350764274,Two year,No,No internet service,No,Yes,No,8,Delhi,Standard,1
CUST_00025,61,57.10556209046385,7748.725670312397,One year,DSL,Yes,No internet service,Yes,No internet service,19,Mumbai,Basic,0
CUST_00026,46,103.39052034789262,4272.267148465619,One year,Fiber optic,Yes,No,No,No,6,Chennai,Standard,0
CUST_00027,61,106.2600450385045,3086.7848845984445,One year,DSL,No,No,Yes,Yes,11,Bangalore,Standard,0
CUST_00028,50,79.49033080035491,1466.2972099838644,Month-to-month,No,No,Yes,Yes,Yes,8,Pune,Standard,0
CUST_00029,54,92.20871557747455,7370.086371206125,Two year,Fiber optic,No internet service,No internet service,Yes,No,1,Bangalore,Standard,0
CUST_00030,63,29.745890315092776,3361.997751397922,Two year,DSL,No,Yes,No,Yes,2,Chennai,Premium,0
CUST_00031,2,77.9888586777212,7862.852883796566,Two year,Fiber optic,Yes,Yes,No,No,4,Mumbai,Basic,1
CUST_00032,50,86.03050175569254,7208.685884745244,Two year,DSL,Yes,No internet service,No,No internet service,17,Pune,Basic,0
CUST_00033,6,38.472709977206804,3212.6592229438143,One year,DSL,No internet service,Yes,Yes,Yes,13,Bangalore,Standard,0
CUST_00034,20,107.77578275684641,4885.941168482199,Month-to-month,No,Yes,No,No,Yes,18,Mumbai,Basic,1
CUST_00035,72,37.88966722714402,248.4901758450418,Two year,No,No,No,Yes,No internet service,4,Chennai,Basic,1
CUST_00036,38,49.974690704337945,2250.6439391190365,One year,Fiber optic,No internet service,No internet service,Yes,No internet service,9,Chennai,Basic,0
CUST_00037,17,81.29679839639277,6042.534301564376,One year,Fiber optic,No internet service,No,No internet service,No,15,Chennai,Premium,1
CUST_00038,3,83.11170664333454,5768.040642668035,Month-to-month,DSL,No internet service,No,No,Yes,19,Bangalore,Standard,1
CUST_00039,59,89.33724358071146,3015.279755833132,Two year,No,No,No,No internet service,No internet service,0,Chennai,Premium,0
CUST_00040,13,29.425194732956978,6876.61332665601,Month-to-month,No,No internet service,No,No internet service,Yes,3,Bangalore,Basic,0
CUST_00041,8,104.64537185271264,2018.3613922147067,Two year,DSL,No internet service,Yes,No,Yes,4,Mumbai,Basic,1
CUST_00042,52,72.35040749289251,3930.4966621975677,Month-to-month,No,Yes,No,No,Yes,10,Hyderabad,Premium,1
CUST_00043,1,66.07482299871697,4026.0048487070603,Two year,No,Yes,No internet service,No internet service,Yes,13,Mumbai,Standard,1
CUST_00044,59,118.07195770037798,2908.807833555485,Two year,DSL,No internet service,Yes,Yes,No,10,Bangalore,Basic,0
CUST_00045,70,93.51858628798402,8115.477869743669,Month-to-month,Fiber optic,No,No,No internet service,No internet service,7,Delhi,Premium,1
CUST_00046,43,30.036614715176235,5927.273972275089,Two year,Fiber optic,No,No,No,Yes,0,Delhi,Premium,0
CUST_00047,7,95.16699505707655,4591.488762246172,Month-to-month,Fiber optic,No,No internet service,Yes,No internet service,6,Pune,Standard,1
CUST_00048,46,27.71539126523269,4348.189022122517,Month-to-month,DSL,No,Yes,No internet service,No internet service,12,Hyderabad,Premium,0
CUST_00049,34,20.801997376324454,1369.149456339841,Two year,Fiber optic,Yes,No,No internet service,No,19,Chennai,Premium,0
CUST_00050,35,59.1698413175295,3174.8892609316094,Two year,DSL,No,No internet service,No internet service,No,5,Mumbai,Premium,0
CUST_00051,49,119.34497362756031,5724.463255532289,Month-to-month,DSL,No,Yes,No,Yes,3,Mumbai,Basic,1
CUST_00052,3,35.838161491875994,7860.204603382876,One year,No,No internet service,Yes,No internet service,Yes,11,Bangalore,Basic,0
CUST_00053,1,86.60972303973259,6943.248151761574,Month-to-month,No,No,No,No,No,4,Pune,Standard,1
CUST_00054,5,35.68639875302418,2565.9063171884754,One year,Fiber optic,No,No internet service,Yes,No internet service,4,Hyderabad,Premium,0
CUST_00055,53,91.92827144575539,3698.8200991020144,One year,DSL,No,No internet service,Yes,No internet service,16,Chennai,Premium,0
CUST_00056,3,69.54607416025826,721.3064106859235,Month-to-month,Fiber optic,No,No,No internet service,No,5,Hyderabad,Basic,1
CUST_00057,53,87.35711442911638,884.6256439877961,Month-to-month,Fiber optic,Yes,No,No,Yes,9,Delhi,Basic,0
CUST_00058,62,38.69306394325193,4006.4941425231013,Month-to-month,No,No internet service,No,No internet service,Yes,15,Pune,Basic,0
CUST_00059,17,94.0540899170912,4515.321008622644,One year,Fiber optic,Yes,No internet service,Yes,Yes,13,Hyderabad,Standard,0
CUST_00060,43,119.55314408151608,2257.477825701224,Month-to-month,Fiber optic,No internet service,Yes,No,No,9,Chennai,Basic,1
CUST_00061,33,85.8963510638479,5470.082769675154,Month-to-month,No,No internet service,No,Yes,No,16,Pune,Premium,0
CUST_00062,61,68.33495980343352,5984.074975090729,Two year,Fiber optic,No internet service,No,Yes,No internet service,4,Chennai,Premium,0
CUST_00063,13,112.16374683916501,2555.1030283326254,Two year,Fiber optic,No internet service,Yes,No,No,1,Mumbai,Premium,0
CUST_00064,47,19.616887907651382,6450.95852345137,Two year,DSL,Yes,Yes,No,Yes,3,Mumbai,Standard,0
CUST_00065,14,92.45219896715375,1761.940923289929,Month-to-month,Fiber optic,No internet service,No internet service,No,No internet service,17,Chennai,Premium,1
CUST_00066,71,108.65214471500892,4634.340182051417,Month-to-month,No,No,No,No internet service,Yes,7,Mumbai,Premium,1
CUST_00067,61,24.290807529337663,6839.912235594354,Month-to-month,No,No,No internet service,No internet service,Yes,13,Mumbai,Premium,0
CUST_00068,39,63.90654538240734,4572.911064759434,One year,DSL,No internet service,Yes,No,No internet service,12,Mumbai,Basic,0
CUST_00069,52,38.88138430289989,7719.339778495551,One year,No,No,No,No,Yes,6,Chennai,Premium,0
CUST_00070,23,75.78485288995867,514.2074572426611,Two year,No,No,No internet service,No internet service,No internet service,8,Mumbai,Basic,0
CUST_00071,25,84.25338177757337,5008.078037458664,One year,No,No internet service,No internet service,No,Yes,3,Delhi,Basic,1
CUST_00072,59,48.86756465873301,4782.809748481516,One year,Fiber optic,No internet service,Yes,Yes,Yes,4,Pune,Standard,0
CUST_00073,40,64.91813030716628,5619.116932699051,One year,DSL,No internet service,No,No,No internet service,14,Chennai,Standard,1
CUST_00074,28,46.49262749820907,7086.956805686369,Two year,DSL,Yes,No internet service,No internet service,Yes,8,Hyderabad,Premium,0
CUST_00075,14,55.67789877442161,6174.685861358266,Two year,DSL,No internet service,No internet service,No,Yes,17,Pune,Standard,0
CUST_00076,44,34.27307558221921,6721.178161432444,One year,DSL,No internet service,Yes,No,No internet service,13,Bangalore,Basic,0
CUST_00077,64,108.32706324573441,2467.743467536866,Month-to-month,No,Yes,No,Yes,No internet service,14,Pune,Basic,1
CUST_00078,70,19.021061877031915,3304.7527650219577,Two year,Fiber optic,No,Yes,No,No internet service,0,Bangalore,Premium,0
CUST_00079,8,108.00573701726643,5334.322293860126,One year,No,Yes,No internet service,No internet service,No,18,Delhi,Premium,1
CUST_00080,0,76.31124559167333,4712.4602048673005,Month-to-month,No,No,No,No internet service,Yes,0,Chennai,Premium,1
CUST_00081,7,51.82910010605578,8170.083067500091,Month-to-month,No,Yes,Yes,Yes,No internet service,5,Hyderabad,Basic,0
CUST_00082,62,91.75182679695364,1602.730228443745,Two year,No,No internet service,No,Yes,Yes,7,Chennai,Basic,1
CUST_00083,10,69.79071948999176,2997.5431551305837,Month-to-month,DSL,Yes,No,No internet service,No internet service,3,Hyderabad,Premium,0
CUST_00084,7,68.90908312697587,4876.109888722138,Two year,DSL,No internet service,No,No,Yes,15,Hyderabad,Premium,0
CUST_00085,34,29.23451285773458,7380.068696598441,One year,Fiber optic,No,No internet service,No internet service,Yes,10,Chennai,Basic,0
CUST_00086,34,57.73063464643169,7900.734186428992,Two year,No,No internet service,No,Yes,No internet service,3,Pune,Standard,1
CUST_00087,32,42.58856327738714,2868.260158079691,Month-to-month,DSL,Yes,Yes,No internet service,No internet service,10,Mumbai,Basic,1
CUST_00088,4,19.600982370820525,587.2139706665146,Two year,Fiber optic,Yes,No,Yes,No,9,Bangalore,Standard,1
CUST_00089,40,54.73016233977555,3594.178277775974,Two year,No,No,No,No internet service,No internet service,16,Mumbai,Premium,0
CUST_00090,27,27.161857201411685,3362.827022906607,One year,No,No internet service,No internet service,No,No internet service,8,Bangalore,Basic,0
CUST_00091,6,44.19666384796889,8385.383310179626,Month-to-month,DSL,No,Yes,No,No internet service,9,Mumbai,Premium,1
CUST_00092,72,27.436695360675635,3674.2614740744757,Two year,No,No internet service,No,Yes,No,7,Chennai,Premium,0
CUST_00093,71,28.296045806752684,2611.142480089992,One year,No,No internet service,No internet service,No,Yes,13,Chennai,Premium,0
CUST_00094,11,38.299152030349205,3117.13089080531,One year,DSL,No,No internet service,Yes,No,12,Hyderabad,Basic,0
CUST_00095,33,119.98462293761283,3384.7287122511893,One year,Fiber optic,No,No,No,Yes,2,Delhi,Basic,0
CUST_00096,32,18.222782571439375,6986.305521791696,One year,Fiber optic,No internet service,No,No internet service,No internet service,13,Chennai,Standard,0
CUST_00097,47,83.14460888428134,705.1683209947827,One year,DSL,No,No,No,No internet service,13,Bangalore,Basic,0
CUST_00098,22,32.40685719870885,2702.6127885579763,Two year,DSL,No internet service,No internet service,No internet service,No internet service,2,Hyderabad,Standard,0
CUST_00099,61,111.90406994449913,8214.313448356019,Two year,Fiber optic,No,No,Yes,No,15,Bangalore,Standard,1
CUST_00100,36,27.550555120030182,1316.615445703421,Month-to-month,Fiber optic,No,No internet service,No,No,9,Mumbai,Basic,1
CUST_00101,43,115.41644508687612,6316.744409239428,Two year,DSL,No,Yes,No,No internet service,3,Delhi,Basic,0
CUST_00102,34,80.31449152331476,3040.929677163899,Month-to-month,DSL,Yes,No,No internet service,No,19,Chennai,Premium,1
CUST_00103,64,18.129343845380006,4952.704833181964,Month-to-month,DSL,No,Yes,Yes,No internet service,17,Mumbai,Premium,1
CUST_00104,46,109.18873418751421,862.3664626323376,Month-to-month,No,Yes,Yes,No,No,3,Hyderabad,Basic,1
CUST_00105,2,71.21460373942567,2616.9837624961747,Two year,DSL,No internet service,Yes,Yes,No internet service,1,Bangalore,Standard,0
CUST_00106,0,44.792313003709424,4266.336435167654,One year,No,No internet service,No internet service,Yes,No,10,Pune,Basic,0
CUST_00107,4,96.26247610659428,1983.2849826476308,Month-to-month,Fiber optic,No,No internet service,No,Yes,14,Delhi,Premium,1
CUST_00108,13,112.51988649646074,4614.140856976836,One year,Fiber optic,Yes,No internet service,No internet service,No internet service,10,Chennai,Standard,1
CUST_00109,26,67.33646396097298,1881.9985018799598,Month-to-month,DSL,No internet service,No internet service,Yes,No,5,Bangalore,Premium,0
CUST_00110,8,50.18645439319731,5532.152887581998,Two year,DSL,Yes,Yes,Yes,No,17,Chennai,Basic,1
CUST_00111,14,98.47240264136254,7688.7335140031655,Month-to-month,Fiber optic,Yes,No internet service,No,No internet service,17,Chennai,Basic,0
CUST_00112,41,87.54212077442237,743.1146220160288,Two year,Fiber optic,No internet service,Yes,Yes,No,0,Bangalore,Basic,0
CUST_00113,50,108.65275334252779,1855.3372154527644,One year,Fiber optic,Yes,Yes,No,Yes,12,Chennai,Premium,0
CUST_00114,62,88.63642930164168,7180.396117222118,Two year,Fiber optic,Yes,No internet service,Yes,Yes,0,Hyderabad,Basic,0
CUST_00115,51,42.839890567752704,5374.836663518684,One year,DSL,No internet service,Yes,No internet service,No,12,Delhi,Basic,0
CUST_00116,3,113.02924347541995,685.6090352032382,Two year,No,No,No internet service,No internet service,No internet service,4,Mumbai,Basic,1
CUST_00117,22,28.693246215011115,4143.221676358739,Month-to-month,Fiber optic,No,Yes,No internet service,No,16,Delhi,Premium,0
CUST_00118,14,45.33016051089848,1797.1717243261437,Month-to-month,Fiber optic,Yes,No,No internet service,No,15,Mumbai,Premium,0
CUST_00119,42,71.05984998783633,1706.7356145023316,Two year,No,No,No internet service,No,Yes,17,Hyderabad,Basic,0
CUST_00120,28,75.70568665923194,7996.553802383963,One year,DSL,No internet service,Yes,No,No,9,Delhi,Premium,0
CUST_00121,35,19.561679835944354,6477.395410781556,One year,No,No internet service,No internet service,No,No internet service,16,Hyderabad,Standard,0
CUST_00122,12,97.61841803373588,5923.427894271787,One year,DSL,No internet service,Yes,No,Yes,6,Bangalore,Standard,1
CUST_00123,31,54.88394647938973,2044.594226454397,Two year,DSL,Yes,No internet service,No,No,14,Mumbai,Standard,0
CUST_00124,70,59.454691182218056,1023.7398590533419,Two year,DSL,No internet service,No,No internet service,No internet service,18,Bangalore,Standard,0
CUST_00125,58,100.55569353256847,7404.40229374234,Two year,DSL,Yes,No,Yes,Yes,8,Bangalore,Basic,1
CUST_00126,27,56.68690595620954,67.87050716266879,Two year,DSL,Yes,No internet service,Yes,No internet service,4,Delhi,Standard,0
CUST_00127,65,22.81693740246499,3309.833865832048,One year,Fiber optic,No internet service,No internet service,No internet service,No internet service,9,Chennai,Basic,0
CUST_00128,41,35.99685658797573,2372.7092501180314,One year,DSL,No internet service,Yes,No internet service,No internet service,12,Chennai,Basic,0
CUST_00129,44,115.5021235835946,4855.930931358722,Two year,Fiber optic,Yes,Yes,No,No,0,Hyderabad,Premium,0
CUST_00130,61,25.181346965056445,2142.81255318365,Two year,DSL,No internet service,No internet service,No,Yes,5,Delhi,Standard,0
CUST_00131,56,54.202982498737654,2657.643857822708,One year,Fiber optic,No,No,Yes,No,2,Bangalore,Basic,0
CUST_00132,5,69.32427503923715,7228.038050052268,One year,No,Yes,No,Yes,Yes,16,Pune,Premium,0
CUST_00133,27,68.31464438853313,5134.247600117128,Month-to-month,No,Yes,No internet service,No,No internet service,11,Hyderabad,Basic,1
CUST_00134,27,18.40391418723856,1253.6791968077025,Two year,Fiber optic,No internet service,Yes,No,No internet service,10,Bangalore,Basic,0
CUST_00135,43,69.11859860866402,6179.931631931643,Month-to-month,DSL,No internet service,No internet service,No internet service,No,7,Hyderabad,Premium,1
CUST_00136,29,57.14479071369574,1777.6689469523285,One year,Fiber optic,Yes,No internet service,No,No internet service,11,Pune,Basic,0
CUST_00137,61,117.15209221840483,3690.7478172140563,One year,Fiber optic,Yes,No,No internet service,No internet service,10,Mumbai,Premium,1
CUST_00138,61,34.23422656737064,5502.522582870886,Two year,DSL,Yes,No,No,No internet service,4,Hyderabad,Standard,0
CUST_00139,0,54.12372806946849,2324.506336714407,Month-to-month,No,No internet service,Yes,Yes,Yes,7,Hyderabad,Basic,0
CUST_00140,26,60.78711147916162,3275.9940020800695,One year,Fiber optic,Yes,Yes,No internet service,Yes,11,Bangalore,Basic,0
CUST_00141,61,57.850740784296775,6245.056884333808,Month-to-month,No,No,No internet service,Yes,No,5,Chennai,Standard,0
CUST_00142,2,85.91474442048998,7973.360706945281,Month-to-month,No,No,No internet service,No internet service,Yes,8,Bangalore,Basic,0
CUST_00143,69,39.98231146987242,4507.0565731302495,Month-to-month,No,No internet service,No internet service,No internet service,No internet service,16,Delhi,Premium,0
CUST_00144,71,40.549298387027164,102.57378074327411,Month-to-month,Fiber optic,Yes,No internet service,Yes,No internet service,1,Bangalore,Premium,0
CUST_00145,26,92.37951674708702,2888.849538033206,Month-to-month,Fiber optic,Yes,No,Yes,No internet service,0,Pune,Premium,0
CUST_00146,8,69.02963290517432,3399.2164281598234,Two year,DSL,No,Yes,No,No,17,Chennai,Basic,0
CUST_00147,61,60.34587895784566,2894.870644859034,Two year,DSL,Yes,Yes,No internet service,No internet service,2,Delhi,Standard,0
CUST_00148,36,35.25871127107968,3718.432479982203,Month-to-month,Fiber optic,No internet service,Yes,No,No internet service,13,Pune,Basic,0
CUST_00149,50,37.127776737040996,5384.2751648876665,Two year,DSL,No internet service,Yes,No internet service,No,12,Chennai,Standard,0
CUST_00150,43,19.076266955221854,1045.4079249949423,One year,No,No internet service,No,No,Yes,1,Delhi,Standard,0
CUST_00151,23,27.325479423894343,2330.4519762141817,Month-to-month,No,Yes,No internet service,Yes,Yes,3,Bangalore,Basic,0
CUST_00152,58,74.79754685840459,4323.871065601492,Two year,Fiber optic,Yes,Yes,Yes,Yes,14,Chennai,Standard,0
CUST_00153,31,108.9710592608578,2694.692799982549,Two year,No,No,Yes,No,No,4,Pune,Basic,1
CUST_00154,51,47.29080604331686,8424.385838064118,One year,Fiber optic,No,No internet service,Yes,No,9,Pune,Basic,0
CUST_00155,61,51.43021704140507,3677.401703411975,One year,Fiber optic,No internet service,No,No,No internet service,8,Chennai,Basic,0
CUST_00156,57,29.791772282374247,7395.636420769179,One year,Fiber optic,Yes,No,No internet service,No internet service,17,Pune,Basic,1
CUST_00157,51,57.64035645192448,7622.196425676798,One year,No,Yes,Yes,No internet service,No,2,Pune,Premium,0
CUST_00158,11,21.796613866071574,7109.011371644972,Month-to-month,Fiber optic,No internet service,Yes,Yes,No,13,Mumbai,Basic,1
CUST_00159,38,111.59527101871382,415.7908796969134,Two year,Fiber optic,No internet service,Yes,Yes,No internet service,9,Mumbai,Premium,0
CUST_00160,1,86.65735750870192,8056.787777544447,Two year,DSL,No,No,Yes,No internet service,16,Hyderabad,Basic,1
CUST_00161,2,119.05637855810832,1109.9944120136067,One year,No,No,Yes,No internet service,No internet service,14,Mumbai,Standard,0
CUST_00162,55,108.04796259320636,309.811570272646,Two year,Fiber optic,No internet service,No internet service,No,Yes,17,Chennai,Premium,1
CUST_00163,58,66.24504055721158,3532.683014263421,Two year,DSL,Yes,No,Yes,Yes,16,Hyderabad,Basic,1
CUST_00164,1,71.00787317733844,1668.885865852135,Two year,Fiber optic,No,No,No,No internet service,2,Bangalore,Basic,0
CUST_00165,1,37.438756744753775,1580.3549646035694,One year,No,No internet service,No internet service,Yes,No,15,Hyderabad,Standard,0
CUST_00166,53,65.12801296963468,2459.2859606565094,Two year,DSL,Yes,No internet service,Yes,Yes,18,Pune,Standard,0
CUST_00167,0,110.1088430962668,2124.9763437038227,Two year,DSL,No internet service,No,Yes,No internet service,12,Delhi,Basic,0
CUST_00168,18,23.187049210853754,5826.434601037598,Two year,Fiber optic,Yes,Yes,No,Yes,16,Hyderabad,Standard,0
CUST_00169,1,106.08279390582759,1602.2451148871462,Month-to-month,Fiber optic,No,No,No,No,15,Mumbai,Standard,1
CUST_00170,52,52.776675767546195,4624.729464683147,Month-to-month,No,Yes,Yes,No,No,8,Bangalore,Premium,0
CUST_00171,43,109.75030203982361,8384.86996438942,Two year,No,Yes,No internet service,No internet service,No,11,Delhi,Standard,0
CUST_00172,31,113.96975044683144,3685.4676945512424,Two year,Fiber optic,No internet service,Yes,No internet service,No internet service,2,Hyderabad,Standard,0
CUST_00173,69,86.42821847419441,5462.367708802892,Two year,DSL,Yes,No internet service,No internet service,No internet service,8,Bangalore,Premium,0
CUST_00174,31,85.77122623245315,8240.210570504789,Two year,No,No,Yes,No,Yes,15,Mumbai,Basic,0
CUST_00175,67,64.18094244629148,1185.4539813868516,Two year,No,No internet service,Yes,No internet service,No internet service,4,Bangalore,Premium,0
CUST_00176,54,103.22510290345816,3568.6246528236447,Two year,DSL,No internet service,No internet service,Yes,No internet service,18,Bangalore,Standard,0
CUST_00177,55,116.08450136019489,7229.3319384561455,Month-to-month,Fiber optic,No internet service,Yes,No,No internet service,12,Delhi,Premium,1
CUST_00178,16,97.05834363459016,7925.81680104207,One year,No,No internet service,No,Yes,Yes,1,Chennai,Standard,1
CUST_00179,37,81.43754684318435,5117.684243607433,Two year,DSL,No internet service,Yes,Yes,No internet service,18,Mumbai,Premium,0
CUST_00180,23,79.89287537377635,1234.4935507461746,Two year,No,No internet service,No,No,No,17,Delhi,Premium,0
CUST_00181,68,104.64592996153355,7664.28197504401,Two year,DSL,No internet service,No internet service,Yes,No internet service,11,Delhi,Basic,0
CUST_00182,69,73.20278410867243,1497.6557744315749,One year,No,No,Yes,No,No internet service,17,Delhi,Standard,0
CUST_00183,10,99.9937083973799,3011.1099095530294,Two year,Fiber optic,No,Yes,No internet service,No,4,Chennai,Premium,0
CUST_00184,15,69.90629602777307,3203.058667379504,Two year,DSL,No internet service,No,No,Yes,19,Chennai,Premium,0
CUST_00185,72,24.369316047340263,3811.926841199631,One year,No,Yes,No,No,No internet service,19,Hyderabad,Standard,0
CUST_00186,58,57.16259490822383,6720.186450726314,Two year,No,No internet service,No internet service,Yes,No internet service,7,Hyderabad,Premium,0
CUST_00187,69,63.33297768249287,6821.788615065275,One year,DSL,No internet service,No,Yes,No internet service,15,Mumbai,Basic,0
CUST_00188,2,32.44495898863495,6122.114331544964,One year,DSL,No internet service,No,Yes,No internet service,1,Pune,Standard,1
CUST_00189,19,28.45462557729971,205.6954164438553,Two year,Fiber optic,Yes,No,Yes,No,12,Mumbai,Basic,0
CUST_00190,58,72.61742486500933,4809.01615700588,Month-to-month,DSL,No,Yes,Yes,No internet service,0,Chennai,Standard,0
CUST_00191,35,26.68465092872038,6358.2352517860345,Month-to-month,No,Yes,Yes,Yes,Yes,4,Chennai,Basic,1
CUST_00192,18,48.900407124788565,3789.311286202006,Two year,Fiber optic,Yes,Yes,Yes,No,11,Chennai,Standard,0
CUST_00193,66,93.94889154823375,8032.947536789293,One year,DSL,Yes,Yes,Yes,No,3,Delhi,Premium,0
CUST_00194,18,116.37208231593404,7005.560846589137,One year,No,Yes,Yes,Yes,Yes,4,Chennai,Standard,0
CUST_00195,19,91.2227992162967,5430.831265459298,One year,DSL,No internet service,No,No,No internet service,10,Delhi,Premium,1
CUST_00196,70,119.24780594219276,547.4904079950784,Two year,No,No,No,Yes,No internet service,9,Delhi,Basic,1
CUST_00197,51,89.23047307049907,5551.200872000179,Month-to-month,No,Yes,Yes,Yes,No internet service,7,Mumbai,Premium,0
CUST_00198,32,47.96703600674141,7750.018177821321,One year,Fiber optic,No,Yes,No,Yes,8,Bangalore,Basic,0
CUST_00199,39,86.54935913154691,3236.45577152423,One year,Fiber optic,No internet service,No internet service,No internet service,No,6,Hyderabad,Premium,0
CUST_00200,38,89.6199900500842,7127.040082184672,Two year,DSL,No internet service,No internet service,No internet service,No internet service,13,Hyderabad,Basic,0
CUST_00201,0,55.91615243087898,2674.232813757002,Month-to-month,Fiber optic,No,No,No,Yes,10,Mumbai,Standard,1
CUST_00202,10,19.80681276215768,4853.616118904222,Month-to-month,DSL,No internet service,No internet service,No internet service,Yes,17,Mumbai,Standard,1
CUST_00203,56,89.72637804709967,5517.935916620976,Two year,Fiber optic,No,No,Yes,No internet service,17,Chennai,Premium,0
CUST_00204,49,20.213409718105247,5768.753908574547,Month-to-month,Fiber optic,Yes,No internet service,Yes,Yes,7,Chennai,Standard,1
CUST_00205,22,82.38118396212725,7503.783285286601,Two year,DSL,No internet service,Yes,Yes,No internet service,1,Chennai,Premium,0
CUST_00206,30,34.68888185174062,2008.0660687472846,One year,Fiber optic,No internet service,Yes,No internet service,No internet service,6,Delhi,Basic,0
CUST_00207,41,75.69155983030042,2243.4188224210834,Two year,Fiber optic,No,No,No,No internet service,4,Delhi,Basic,0
CUST_00208,6,69.3991285888212,5989.6757052616695,One year,Fiber optic,No internet service,No,Yes,No,13,Chennai,Standard,0
CUST_00209,15,19.37839151523062,1520.9579174896112,Two year,Fiber optic,Yes,No,No,Yes,13,Delhi,Standard,0
CUST_00210,59,55.01231333350055,3955.9415749043114,One year,DSL,No internet service,No,No,No,2,Mumbai,Premium,0
CUST_00211,1,79.31129907442289,187.9316457429388,One year,No,No internet service,No internet service,Yes,No internet service,5,Chennai,Premium,0
CUST_00212,0,104.55786829367554,1213.786736350148,Two year,DSL,No internet service,Yes,No,Yes,16,Hyderabad,Basic,0
CUST_00213,47,108.64149561132476,5775.975037814803,One year,DSL,No,No internet service,No,No internet service,7,Hyderabad,Basic,0
CUST_00214,11,67.35269694338876,6357.969320732237,Month-to-month,DSL,Yes,Yes,Yes,Yes,19,Pune,Premium,1
CUST_00215,68,92.29909370454268,996.1360399236714,Two year,Fiber optic,Yes,Yes,No,No internet service,2,Delhi,Standard,1
CUST_00216,36,50.27836680641268,1949.432406587773,Month-to-month,Fiber optic,No internet service,No internet service,No internet service,Yes,14,Hyderabad,Standard,0
CUST_00217,31,52.90301338738306,856.9075155272675,One year,No,No internet service,No,Yes,No internet service,4,Chennai,Premium,0
CUST_00218,8,37.835278956596,3694.207742172841,One year,Fiber optic,No,No internet service,Yes,No internet service,18,Hyderabad,Premium,1
CUST_00219,18,75.31870721931041,1087.7165120559794,One year,No,Yes,No internet service,Yes,No,1,Mumbai,Standard,0
CUST_00220,47,50.085543394591255,3727.1448176095614,Two year,No,No internet service,No internet service,Yes,No,7,Delhi,Standard,0
CUST_00221,2,26.605831436727513,6227.6574057051985,One year,Fiber optic,Yes,Yes,Yes,Yes,8,Hyderabad,Standard,0
CUST_00222,19,87.87062083964423,5814.502386322467,Month-to-month,No,No internet service,No,Yes,Yes,4,Delhi,Standard,0
CUST_00223,23,90.19082717575061,2396.8658494773513,Month-to-month,DSL,No internet service,Yes,Yes,No,2,Mumbai,Premium,0
CUST_00224,53,54.719226715463904,5732.8539427124815,Two year,DSL,No,No internet service,No internet service,No internet service,11,Hyderabad,Basic,0
CUST_00225,32,25.825786744514325,7886.854294290211,Month-to-month,DSL,Yes,No internet service,No,No internet service,2,Pune,Standard,0
CUST_00226,23,61.48236717514944,2965.701851254253,Two year,No,Yes,Yes,No internet service,Yes,18,Chennai,Basic,0
CUST_00227,71,63.118216721121975,2809.588661663099,Two year,No,No internet service,Yes,No,Yes,15,Bangalore,Basic,0
CUST_00228,35,86.20443025958508,4864.942641870472,One year,DSL,No internet service,No,Yes,No internet service,15,Hyderabad,Standard,0
CUST_00229,37,50.17247190838572,2100.3463611350157,Month-to-month,Fiber optic,No,No internet service,No internet service,No,0,Mumbai,Premium,1
CUST_00230,24,87.62512653769315,5544.692467128497,Month-to-month,DSL,No internet service,Yes,Yes,Yes,16,Pune,Basic,1
CUST_00231,17,106.8918312592536,7077.244338843983,Month-to-month,Fiber optic,Yes,Yes,No,No internet service,19,Pune,Basic,0
CUST_00232,65,42.22357632094438,3913.939560246597,One year,Fiber optic,No,Yes,No internet service,Yes,2,Bangalore,Premium,0
CUST_00233,53,117.84979472422978,5781.581130042539,Two year,No,Yes,Yes,No internet service,No,16,Pune,Standard,0
CUST_00234,34,57.40954998795431,5547.292165375567,Month-to-month,No,No,No internet service,No,Yes,16,Hyderabad,Standard,0
CUST_00235,60,45.2603858850003,345.96129559125427,Month-to-month,Fiber optic,Yes,No,No,No internet service,15,Delhi,Premium,1
CUST_00236,40,60.994140616049634,1573.7370156809354,Month-to-month,Fiber optic,No internet service,Yes,No internet service,No,5,Mumbai,Premium,0
CUST_00237,32,27.628542542193635,7596.921475421378,Month-to-month,Fiber optic,Yes,Yes,No internet service,No internet service,17,Hyderabad,Basic,1
CUST_00238,67,30.822002464235798,7981.683193950094,One year,No,Yes,No,No internet service,No,13,Mumbai,Standard,0
CUST_00239,32,60.272272790769804,6637.689025726607,Two year,DSL,No,No internet service,No,No internet service,19,Chennai,Standard,0
CUST_00240,13,95.76934123778821,7832.026794115506,Month-to-month,Fiber optic,Yes,Yes,Yes,Yes,7,Bangalore,Premium,0
CUST_00241,20,109.83184843659808,2614.7528570913514,Month-to-month,No,No internet service,No,No internet service,No,18,Bangalore,Premium,1
CUST_00242,47,85.81143505305963,2119.0844626298767,Two year,DSL,No,No,No,No,8,Chennai,Standard,0
CUST_00243,19,28.732394634293314,3277.6341908883305,One year,No,No,No internet service,No internet service,No,17,Bangalore,Standard,0
CUST_00244,7,86.54601574241458,487.4108317049411,One year,DSL,Yes,No,No,Yes,0,Bangalore,Standard,1
CUST_00245,6,82.81364791170314,6887.331072708542,One year,No,No,No internet service,No internet service,No,16,Pune,Basic,0
CUST_00246,66,100.1879196659198,8365.776464746084,One year,DSL,No internet service,No,No,Yes,3,Chennai,Basic,1
CUST_00247,16,102.17536399852246,7007.416458447325,Month-to-month,Fiber optic,Yes,Yes,No,Yes,15,Delhi,Basic,1
CUST_00248,32,106.55671372945585,4725.300790219313,Two year,No,No internet service,No internet service,No internet service,No,11,Pune,Standard,0
CUST_00249,47,60.241414487068035,2522.58167363638,Two year,DSL,Yes,No,No,No internet service,12,Bangalore,Standard,0
CUST_00250,58,89.18216832591872,1694.8734906266507,Two year,DSL,Yes,Yes,No,No,1,Delhi,Standard,0
CUST_00251,21,45.361536610075696,3105.9812785792697,One year,DSL,No,No,No,No internet service,11,Mumbai,Standard,1
CUST_00252,29,119.93230055831744,5675.235549627886,One year,Fiber optic,No,Yes,No,No internet service,9,Mumbai,Standard,1
CUST_00253,37,35.884092620439716,3809.976114097266,Two year,No,No,No internet service,No,No,14,Bangalore,Premium,0
CUST_00254,50,19.031672029405254,7940.695393956611,Month-to-month,DSL,Yes,Yes,No,No,4,Mumbai,Basic,0
CUST_00255,53,33.178488880853955,7263.496949035342,One year,Fiber optic,No,No,No,No internet service,0,Chennai,Standard,0
CUST_00256,7,97.13897353350092,886.5620245973089,Month-to-month,Fiber optic,No internet service,Yes,No,No,7,Bangalore,Premium,1
CUST_00257,26,63.571935003837574,1133.596948998592,Two year,Fiber optic,No,Yes,No internet service,No,17,Chennai,Basic,0
CUST_00258,26,63.64502527666369,5753.86076971554,One year,Fiber optic,No internet service,No internet service,No,Yes,5,Delhi,Premium,0
CUST_00259,20,115.41233780039019,1975.3774838133654,Month-to-month,Fiber optic,No,Yes,Yes,No internet service,0,Hyderabad,Standard,0
CUST_00260,29,111.80276061886357,6727.515416813673,One year,Fiber optic,Yes,Yes,No internet service,Yes,13,Hyderabad,Premium,0
CUST_00261,27,49.74186325600894,5033.899763212127,Two year,Fiber optic,No,No,No internet service,No,9,Pune,Premium,0
CUST_00262,63,39.32392913564835,1967.4225362342747,Two year,No,No internet service,No,Yes,No,3,Bangalore,Premium,0
CUST_00263,68,104.54518541324144,4078.2214162303744,Two year,No,No internet service,No internet service,No,Yes,17,Chennai,Basic,1
CUST_00264,60,110.41394524652505,3462.3391118571767,Month-to-month,Fiber optic,No,No internet service,Yes,Yes,18,Hyderabad,Premium,1
CUST_00265,47,73.24288612544566,7424.137684644531,One year,DSL,No internet service,No internet service,Yes,No,7,Bangalore,Basic,0
CUST_00266,18,82.20121853394426,290.8021127553404,One year,DSL,Yes,No,Yes,No internet service,11,Pune,Standard,1
CUST_00267,3,44.20525703861392,7616.547878939312,One year,DSL,No,Yes,No internet service,Yes,9,Hyderabad,Standard,1
CUST_00268,34,99.6818741738095,5548.965316185983,Two year,Fiber optic,No internet service,No internet service,No,No internet service,12,Pune,Basic,0
CUST_00269,63,82.47648770180035,6273.798906785349,Month-to-month,DSL,No,No,No internet service,No,6,Hyderabad,Standard,1
CUST_00270,48,69.35837815239566,40.116504496319344,Two year,No,No,No,No,No internet service,16,Mumbai,Basic,1
CUST_00271,16,24.131072719996375,5346.726879503805,Two year,No,No,No internet service,Yes,No internet service,11,Bangalore,Basic,0
CUST_00272,43,111.42536617613767,5009.539640596923,Month-to-month,No,No,No,No internet service,No,5,Pune,Premium,0
CUST_00273,29,80.77604487920942,4574.577529268596,Two year,No,No,Yes,No,No,6,Pune,Basic,0
CUST_00274,45,37.65449165868273,6683.722678579316,Two year,Fiber optic,Yes,No,No,No,12,Hyderabad,Standard,0
CUST_00275,5,79.85138393227137,4732.898639635157,One year,No,No,No,Yes,No internet service,13,Pune,Basic,0
CUST_00276,36,87.10126213247729,7287.898361846712,Month-to-month,DSL,Yes,Yes,No internet service,Yes,12,Bangalore,Basic,0
CUST_00277,23,71.62857434168899,1991.1802677265528,Month-to-month,DSL,No,No internet service,No internet service,No,5,Mumbai,Basic,0
CUST_00278,45,91.24637727151429,6854.344319657958,One year,No,No internet service,No,No internet service,No,18,Bangalore,Premium,0
CUST_00279,52,77.30830268871968,1538.9309391000022,Month-to-month,No,No,Yes,No internet service,Yes,12,Mumbai,Basic,0
CUST_00280,59,114.67249736727912,6914.865111480888,One year,No,No,No internet service,No internet service,No,8,Hyderabad,Standard,0
CUST_00281,62,23.477102017129297,7995.011566703912,Two year,DSL,No internet service,Yes,No internet service,No,10,Pune,Premium,0
CUST_00282,31,28.83706226389517,2865.357715076678,Month-to-month,DSL,Yes,No,No internet service,Yes,9,Pune,Standard,1
CUST_00283,32,35.714506969342665,4512.495715179962,Month-to-month,No,Yes,Yes,Yes,No internet service,2,Hyderabad,Premium,0
CUST_00284,66,88.39744920164188,5601.946772434138,Two year,DSL,Yes,No internet service,No,No internet service,18,Hyderabad,Premium,0
CUST_00285,17,83.85077902048049,692.0786697778233,Two year,DSL,Yes,No internet service,Yes,No internet service,6,Mumbai,Standard,0
CUST_00286,24,108.99000374138879,4208.792651807348,Month-to-month,Fiber optic,No internet service,No internet service,No,No,4,Delhi,Standard,0
CUST_00287,53,92.75350019415764,3076.4817714215087,Month-to-month,No,Yes,Yes,No,Yes,14,Mumbai,Premium,1
CUST_00288,57,69.85225973158842,7418.168664273595,Month-to-month,No,Yes,Yes,No,No internet service,1,Mumbai,Premium,0
CUST_00289,66,119.1668428312903,7453.995677684023,One year,Fiber optic,Yes,No internet service,No internet service,Yes,10,Pune,Standard,0
CUST_00290,45,45.14301152926851,5962.012054439662,Month-to-month,Fiber optic,Yes,No internet service,No internet service,No internet service,5,Chennai,Premium,0
CUST_00291,23,102.9855492981163,5579.85499349357,Month-to-month,DSL,Yes,No internet service,No,No internet service,4,Hyderabad,Premium,1
CUST_00292,31,61.53261796377977,6241.145511577817,Two year,Fiber optic,No,No,No,No,19,Hyderabad,Premium,0
CUST_00293,46,84.17098416532488,3122.3008943058094,Two year,No,No,No,No internet service,No internet service,6,Chennai,Premium,0
CUST_00294,22,92.18138398614828,3449.132250938805,One year,No,Yes,No,No internet service,No internet service,3,Pune,Premium,0
CUST_00295,65,82.64291689341431,4714.523459541999,Two year,No,No internet service,No internet service,No,Yes,4,Delhi,Basic,0
CUST_00296,26,32.33174491707651,7974.354576305413,Month-to-month,DSL,No internet service,No,No,No,4,Bangalore,Basic,0
CUST_00297,1,63.18100309628914,6158.96693228213,Month-to-month,DSL,No,No internet service,Yes,No,9,Hyderabad,Premium,1
CUST_00298,16,75.26671454917869,4691.490771816966,One year,No,No internet service,Yes,No internet service,No internet service,17,Hyderabad,Basic,0
CUST_00299,32,104.60246343621687,6552.643192353933,Two year,No,No,No internet service,No internet service,No,1,Mumbai,Premium,1
CUST_00300,8,63.25186637745438,3163.891628406321,Two year,DSL,Yes,No internet service,No,Yes,14,Delhi,Premium,0
CUST_00301,42,111.71222509003366,6213.818559106551,Two year,DSL,Yes,No,Yes,No,8,Delhi,Premium,0
CUST_00302,47,62.91817074857149,3501.355937933864,One year,Fiber optic,No internet service,Yes,No internet service,No internet service,1,Pune,Basic,0
CUST_00303,38,73.97554564482718,2390.088054301112,Two year,DSL,No internet service,Yes,Yes,No,2,Delhi,Premium,0
CUST_00304,41,99.2211396601657,5189.679371084085,Two year,DSL,No internet service,Yes,Yes,No,19,Delhi,Basic,0
CUST_00305,25,77.47290381105864,5844.095460952864,Two year,No,Yes,No,No internet service,No internet service,1,Chennai,Premium,1
CUST_00306,49,115.94224338304811,3913.727985925064,Month-to-month,No,Yes,No,No,No,1,Mumbai,Basic,1
CUST_00307,24,85.35425471244102,4814.577203357364,One year,No,No internet service,No,Yes,No,18,Pune,Basic,0
CUST_00308,23,71.31636431489531,5905.068446928226,Month-to-month,Fiber optic,No internet service,No,No,No internet service,13,Chennai,Standard,0
CUST_00309,12,20.406380713641177,6529.716657310795,One year,DSL,No internet service,No,No internet service,No internet service,17,Chennai,Premium,0
CUST_00310,59,60.200755553193645,7614.2372855826525,Two year,Fiber optic,No internet service,No internet service,Yes,Yes,0,Bangalore,Basic,0
CUST_00311,6,48.52333876453636,3025.2439575340313,Month-to-month,DSL,No,Yes,No,No internet service,6,Mumbai,Standard,1
CUST_00312,56,94.3067781245239,8088.430058695699,Two year,DSL,No internet service,No,Yes,No internet service,7,Delhi,Premium,1
CUST_00313,35,39.24432286566167,5423.407349464029,Two year,No,No internet service,Yes,Yes,No,11,Pune,Basic,0
CUST_00314,44,38.93244890399532,6699.287369052476,One year,DSL,No,No,Yes,No internet service,3,Mumbai,Standard,0
CUST_00315,19,37.33094241021243,5953.44102680956,Two year,Fiber optic,No,No internet service,No internet service,No,6,Delhi,Standard,0
CUST_00316,64,30.812792541936062,1761.659374405185,Month-to-month,No,No,Yes,No,No internet service,17,Bangalore,Standard,0
CUST_00317,7,49.72271437443052,623.9403646808818,One year,Fiber optic,No,No,Yes,Yes,17,Hyderabad,Basic,1
CUST_00318,15,108.36405567322936,6178.361787801696,One year,Fiber optic,No internet service,No internet service,No,Yes,9,Chennai,Premium,0
CUST_00319,13,97.0427041752074,4352.748728233598,Month-to-month,No,Yes,No internet service,No internet service,No,9,Bangalore,Premium,0
CUST_00320,14,92.99562406329294,5974.173790839409,Two year,DSL,Yes,Yes,Yes,No,5,Chennai,Standard,0
CUST_00321,65,99.32835417629619,4062.5806628109294,Two year,Fiber optic,Yes,No,Yes,No,11,Pune,Premium,0
CUST_00322,31,45.480624711616315,2666.373202172787,Two year,DSL,Yes,No internet service,Yes,Yes,9,Delhi,Standard,0
CUST_00323,62,108.51905245675376,2435.521906339658,Two year,No,Yes,No internet service,No,Yes,12,Pune,Basic,0
CUST_00324,50,32.00494426444365,6214.373534039291,Two year,DSL,Yes,No internet service,No,No internet service,11,Delhi,Basic,0
CUST_00325,24,52.30726412498936,2365.6486509927013,One year,DSL,No,Yes,Yes,No internet service,18,Bangalore,Premium,0
CUST_00326,57,77.84830813466897,6079.88921918942,One year,No,No,Yes,No,No,0,Hyderabad,Standard,0
CUST_00327,62,28.496319010884065,3274.749791424005,Month-to-month,DSL,Yes,No,No,Yes,0,Hyderabad,Basic,1
CUST_00328,61,92.47327915319534,6556.760265432083,Two year,Fiber optic,No internet service,No,Yes,No internet service,10,Chennai,Premium,1
CUST_00329,21,57.499096916754446,1229.3137904886034,Two year,Fiber optic,No internet service,Yes,Yes,Yes,17,Delhi,Standard,0
CUST_00330,57,98.0093778920568,1756.639878259259,Two year,Fiber optic,Yes,Yes,Yes,Yes,1,Delhi,Basic,0
CUST_00331,57,68.27542112962948,5835.902239718427,Month-to-month,DSL,No internet service,Yes,No internet service,No,5,Hyderabad,Premium,0
CUST_00332,48,36.44920149138431,4769.880361521663,Two year,Fiber optic,No,No internet service,Yes,Yes,15,Delhi,Standard,0
CUST_00333,51,92.94570475824513,1747.2961021164044,One year,DSL,No,Yes,Yes,No,0,Pune,Standard,1
CUST_00334,41,43.71868349557224,7675.7787134669015,Two year,DSL,No internet service,No,Yes,No internet service,8,Delhi,Basic,0
CUST_00335,69,68.06265072934036,2358.558258354066,Month-to-month,DSL,Yes,No internet service,Yes,Yes,14,Bangalore,Premium,0
CUST_00336,14,25.704393454004578,3589.527599478402,One year,DSL,No,Yes,Yes,No,15,Hyderabad,Premium,0
CUST_00337,53,81.02239875002775,1733.806322962867,One year,No,No internet service,No,Yes,Yes,13,Hyderabad,Standard,0
CUST_00338,59,85.91749215406028,3309.2502587727236,One year,Fiber optic,No internet service,Yes,Yes,Yes,6,Pune,Basic,0
CUST_00339,7,56.62476941722392,4188.147734445524,Two year,Fiber optic,No,No,Yes,No internet service,0,Pune,Basic,0
CUST_00340,52,115.35112359274953,2522.28551637858,Month-to-month,DSL,No,No internet service,No internet service,No,15,Mumbai,Premium,0
CUST_00341,59,107.16522999117097,6541.452536052572,Month-to-month,No,Yes,No internet service,No,Yes,8,Pune,Standard,1
CUST_00342,4,90.20997340547946,3359.3395248774677,Two year,DSL,No internet service,No,No internet service,Yes,10,Hyderabad,Premium,0
CUST_00343,67,90.79251159836176,6205.703819650263,Month-to-month,Fiber optic,Yes,No,No internet service,No internet service,9,Hyderabad,Premium,1
CUST_00344,5,43.744974924099424,1774.3861916600442,One year,Fiber optic,No,No internet service,Yes,Yes,10,Pune,Standard,0
CUST_00345,46,84.99515357102179,3216.0150837997417,One year,No,No internet service,No internet service,Yes,No,5,Mumbai,Basic,0
CUST_00346,54,38.217039054023004,86.35040641192931,Month-to-month,DSL,No,No,Yes,No,1,Delhi,Premium,1
CUST_00347,39,32.68832883982186,6452.763986756103,Month-to-month,No,No,No,Yes,No,17,Delhi,Standard,1
CUST_00348,51,119.94572520866318,5326.770517211166,Two year,DSL,No,Yes,No,Yes,11,Chennai,Basic,0
CUST_00349,15,81.48234501026377,6954.77744197531,Two year,No,Yes,Yes,No,Yes,13,Delhi,Standard,1
CUST_00350,12,61.960763011033436,3882.490704687214,Two year,Fiber optic,No,No internet service,No internet service,No,7,Hyderabad,Standard,0
CUST_00351,29,47.39278133416303,6801.400139972302,Two year,No,Yes,No internet service,No,Yes,3,Chennai,Standard,0
CUST_00352,18,79.5998852535472,5510.795140506439,Two year,Fiber optic,No,Yes,No internet service,No internet service,17,Chennai,Basic,0
CUST_00353,16,23.058537838448785,48.64489375541237,Two year,Fiber optic,No,Yes,Yes,No,12,Pune,Basic,0
CUST_00354,62,27.657461031489095,2169.8350109407584,One year,DSL,No internet service,No internet service,No internet service,No internet service,13,Pune,Basic,0
CUST_00355,18,21.351383169520428,4207.186449413396,Month-to-month,No,No,No internet service,No internet service,No internet service,19,Delhi,Premium,0
CUST_00356,57,68.91532299279149,5265.70610025694,Two year,No,No internet service,No,No,Yes,14,Chennai,Premium,1
CUST_00357,54,79.26187617709262,574.3417140854523,One year,No,No internet service,No,No internet service,Yes,19,Mumbai,Basic,0
CUST_00358,61,24.372935658497727,5998.487950854921,Month-to-month,No,Yes,No internet service,Yes,No,18,Chennai,Premium,0
CUST_00359,22,91.56489568488949,4628.2731802440585,Month-to-month,DSL,No internet service,Yes,Yes,Yes,13,Bangalore,Standard,1
CUST_00360,8,41.50029729448557,4477.660080432699,Month-to-month,DSL,No internet service,No,Yes,No internet service,11,Mumbai,Standard,1
CUST_00361,11,87.89054828452635,2495.130423786516,Two year,DSL,No,No internet service,Yes,Yes,14,Hyderabad,Standard,0
CUST_00362,0,118.15350828359506,5063.289529879073,Two year,Fiber optic,No,Yes,No,No,5,Delhi,Premium,1
CUST_00363,57,88.49279874549282,251.1946898567126,Two year,Fiber optic,Yes,Yes,No internet service,Yes,18,Delhi,Basic,1
CUST_00364,0,108.08569139820807,566.7882033348304,Month-to-month,Fiber optic,No internet service,No internet service,No internet service,No internet service,1,Pune,Premium,1
CUST_00365,33,114.71624768779287,6242.686079739322,Month-to-month,DSL,No internet service,No,No internet service,No internet service,5,Bangalore,Premium,1
CUST_00366,47,67.64860693193619,2748.282367373082,One year,Fiber optic,Yes,No,No internet service,No,10,Delhi,Basic,0
CUST_00367,0,89.63714790081009,2960.974735446872,One year,No,No,No internet service,Yes,No,0,Hyderabad,Standard,0
CUST_00368,15,104.90086386269586,1785.5232940212243,One year,Fiber optic,No internet service,Yes,No,Yes,8,Chennai,Basic,0
CUST_00369,60,54.37410911318739,3797.7547103916245,One year,DSL,Yes,No,No internet service,Yes,12,Delhi,Standard,0
CUST_00370,63,44.66252628916028,459.0082852306492,Month-to-month,DSL,No,No internet service,No internet service,No,8,Hyderabad,Basic,0
CUST_00371,62,114.55305442339055,2565.6808623301863,Two year,DSL,Yes,No,No,No internet service,14,Pune,Premium,1
CUST_00372,68,92.08295703761944,4489.06510451843,Two year,DSL,Yes,No internet service,No internet service,Yes,17,Mumbai,Basic,0
CUST_00373,21,40.407577604334286,3967.4899586646,Two year,No,No internet service,No,No,No,3,Hyderabad,Basic,0
CUST_00374,66,63.80650605296357,8497.197912969572,Two year,Fiber optic,No,No,No internet service,No,3,Pune,Standard,0
CUST_00375,25,99.23808049285655,3315.501779255631,One year,Fiber optic,No internet service,No,No,No internet service,11,Bangalore,Basic,0
CUST_00376,15,73.8004250736811,3300.526020595048,Month-to-month,DSL,No internet service,No internet service,No internet service,No,8,Hyderabad,Basic,1
CUST_00377,50,84.29511401292068,4289.380636029452,Two year,Fiber optic,No,No internet service,Yes,Yes,17,Delhi,Basic,0
CUST_00378,56,94.88435660859534,1632.1509813205712,Month-to-month,No,No,Yes,No internet service,Yes,5,Chennai,Basic,0
CUST_00379,28,81.44493725851602,7450.814115539577,One year,DSL,No,No,Yes,No,16,Hyderabad,Premium,0
CUST_00380,68,73.08809083606397,4871.975385148252,One year,Fiber optic,No internet service,No,No,No,16,Bangalore,Basic,1
CUST_00381,46,94.4606570075529,1647.456995689501,Two year,Fiber optic,No,No internet service,Yes,No internet service,12,Mumbai,Basic,0
CUST_00382,61,92.21142961408447,6747.971578018426,Two year,Fiber optic,No,No,No internet service,No internet service,11,Bangalore,Standard,0
CUST_00383,68,82.24698481868425,309.20547563368126,One year,Fiber optic,No,No internet service,Yes,No,13,Pune,Basic,0
CUST_00384,15,54.69852016495682,8352.109549365594,One year,DSL,Yes,Yes,Yes,Yes,7,Mumbai,Premium,0
CUST_00385,47,59.392833404427705,7356.1966575307715,Month-to-month,DSL,No,No,No internet service,No internet service,14,Hyderabad,Standard,1
CUST_00386,38,116.98473198617793,4934.501861839556,One year,No,No internet service,No internet service,No,No,8,Chennai,Standard,0
CUST_00387,32,29.463365093735632,962.0098115054379,Month-to-month,DSL,Yes,No internet service,Yes,No internet service,0,Bangalore,Basic,0
CUST_00388,22,45.3875015597892,1843.943663042993,One year,Fiber optic,No internet service,No,No internet service,No internet service,16,Chennai,Standard,0
CUST_00389,9,68.22497943884224,2388.1691145996424,Month-to-month,Fiber optic,Yes,Yes,Yes,No internet service,9,Pune,Standard,1
CUST_00390,68,103.34642798666616,2062.4312008984284,One year,Fiber optic,No,No internet service,No,No internet service,4,Hyderabad,Basic,0
CUST_00391,33,34.69491770043224,4237.964728666127,One year,No,Yes,No,No,No internet service,10,Chennai,Premium,0
CUST_00392,51,46.2493710487102,8029.761060605948,Month-to-month,DSL,No internet service,Yes,No,No internet service,2,Chennai,Premium,1
CUST_00393,9,24.711418215114378,3785.471864000569,Month-to-month,DSL,Yes,No internet service,Yes,Yes,1,Bangalore,Basic,1
CUST_00394,18,90.01049713718348,5629.390667246826,Two year,DSL,No,Yes,No internet service,No internet service,3,Hyderabad,Standard,0
CUST_00395,57,42.29736241851285,5858.562753112378,Two year,Fiber optic,No,No internet service,No,No,1,Chennai,Basic,0
CUST_00396,0,57.644824568436945,7410.747711608522,One year,Fiber optic,No internet service,No,No internet service,No,0,Mumbai,Basic,1
CUST_00397,68,63.25754759702612,304.8721611816263,One year,Fiber optic,Yes,No,No,No internet service,8,Delhi,Standard,0
CUST_00398,3,108.91402143185847,3447.5275633858528,Month-to-month,No,No internet service,No,Yes,No internet service,2,Mumbai,Standard,1
CUST_00399,15,59.955689613786156,6674.123237678295,One year,No,No internet service,Yes,Yes,No,5,Pune,Basic,0
CUST_00400,23,32.8129520313554,6929.702020936915,Two year,Fiber optic,No internet service,Yes,No,No internet service,13,Chennai,Standard,0
CUST_00401,1,71.48012371069234,7883.635241905963,Month-to-month,No,No,No,No internet service,No,0,Hyderabad,Standard,1
CUST_00402,31,116.22171545416022,5979.101759976295,One year,No,Yes,No internet service,No internet service,No,11,Mumbai,Premium,0
CUST_00403,23,79.98393538718273,2097.3957708604344,Month-to-month,No,No,Yes,No,Yes,15,Hyderabad,Premium,0
CUST_00404,11,118.3054964869784,4307.056832841696,Two year,DSL,No,Yes,Yes,Yes,19,Pune,Basic,0
CUST_00405,49,103.79294551176474,292.3527321280892,Two year,No,No,No internet service,No internet service,No,18,Mumbai,Basic,0
CUST_00406,34,21.668507133768106,5505.24618919533,Two year,Fiber optic,Yes,No internet service,No internet service,No internet service,17,Hyderabad,Basic,0
CUST_00407,32,85.15675872845827,4719.531984017274,One year,DSL,No,No,Yes,No,13,Chennai,Premium,0
CUST_00408,32,47.25022151090413,5674.105333417288,One year,No,No,Yes,No internet service,No,2,Bangalore,Standard,0
CUST_00409,60,75.08091927576183,7907.452173833585,One year,Fiber optic,No,No internet service,No,No internet service,13,Mumbai,Basic,0
CUST_00410,50,46.49320947498511,5847.480220612701,One year,No,Yes,No internet service,Yes,Yes,16,Pune,Premium,0
CUST_00411,42,53.58478249373962,2736.056309438725,One year,Fiber optic,Yes,No,No,No,12,Hyderabad,Basic,0
CUST_00412,11,112.16320859892629,1703.6843829466695,One year,Fiber optic,No internet service,No,Yes,Yes,0,Mumbai,Premium,0
CUST_00413,66,39.07760485895394,7267.02430623583,Two year,No,No,Yes,No,No internet service,7,Hyderabad,Premium,0
CUST_00414,64,107.15913003863471,1666.3252392480372,Two year,No,No,No internet service,No,Yes,1,Hyderabad,Standard,0
CUST_00415,32,21.106696423190673,1388.7724626098766,One year,DSL,Yes,No,No,No internet service,18,Bangalore,Premium,1
CUST_00416,39,27.269406913704135,1770.4836683360368,Two year,No,Yes,Yes,No internet service,No internet service,14,Hyderabad,Standard,0
CUST_00417,42,105.17685422119489,4333.988073842958,Month-to-month,Fiber optic,No,No,No internet service,Yes,13,Mumbai,Basic,1
CUST_00418,43,82.31671515273793,1071.357892878513,One year,DSL,No internet service,Yes,No,No,13,Pune,Standard,0
CUST_00419,28,94.21808608003413,7975.119680121228,Month-to-month,Fiber optic,No internet service,No internet service,No,No,17,Chennai,Basic,1
CUST_00420,12,39.360602423829135,8213.76394481044,One year,Fiber optic,No,No,Yes,No internet service,14,Pune,Basic,0
CUST_00421,11,72.78251247019057,8277.787319546396,One year,No,No internet service,Yes,No internet service,Yes,9,Delhi,Standard,0
CUST_00422,45,93.19636080427308,349.8565944808634,Two year,Fiber optic,No internet service,Yes,No,Yes,17,Hyderabad,Basic,0
CUST_00423,1,81.98604197504677,8043.64741960363,Month-to-month,No,No,No internet service,No internet service,Yes,19,Delhi,Basic,1
CUST_00424,34,66.11327422290337,8478.073458461,Two year,Fiber optic,No internet service,No,Yes,Yes,3,Chennai,Basic,0
CUST_00425,7,115.89794621664691,8011.683705468421,One year,DSL,Yes,Yes,No,No internet service,6,Pune,Basic,1
CUST_00426,25,86.96804801225142,5708.903798679273,Month-to-month,No,No,Yes,No internet service,Yes,1,Delhi,Premium,0
CUST_00427,33,110.59058162460626,5965.834152728904,One year,DSL,Yes,Yes,Yes,Yes,8,Hyderabad,Premium,0
CUST_00428,6,92.43659218051549,1054.949436006583,Two year,No,No,Yes,No,No,3,Mumbai,Standard,1
CUST_00429,67,93.01727991696369,7433.787807749832,One year,DSL,Yes,No,No internet service,No internet service,11,Pune,Premium,0
CUST_00430,57,26.161863515283294,523.8629568212399,One year,No,No internet service,No,Yes,Yes,9,Pune,Premium,0
CUST_00431,28,54.66539142910224,2712.9904964108205,Two year,DSL,Yes,Yes,Yes,Yes,10,Bangalore,Premium,0
CUST_00432,35,105.55367948540515,8424.948254146922,One year,DSL,Yes,No,No internet service,No internet service,0,Pune,Premium,1
CUST_00433,20,41.72559393917311,3600.1850705516063,Month-to-month,No,Yes,No,No,No internet service,12,Hyderabad,Premium,1
CUST_00434,35,29.78159834795955,1130.4670916733244,Two year,No,Yes,No internet service,No internet service,No,6,Hyderabad,Premium,0
CUST_00435,9,51.26281777715693,8239.557323500298,One year,Fiber optic,Yes,No internet service,Yes,No internet service,5,Bangalore,Standard,0
CUST_00436,72,40.484664259046625,8365.472486208006,Two year,Fiber optic,No,Yes,Yes,Yes,8,Bangalore,Standard,0
CUST_00437,23,112.37939586890182,1604.4960561947753,One year,No,Yes,No internet service,No,No,17,Pune,Standard,0
CUST_00438,63,106.53259748421738,7353.265905734129,Two year,No,Yes,No,No internet service,Yes,2,Bangalore,Premium,0
CUST_00439,48,68.96768948885622,3329.5706527765897,Two year,DSL,No,Yes,No,No internet service,12,Bangalore,Premium,0
CUST_00440,35,24.25707519735454,3252.767315776312,Month-to-month,DSL,No,No internet service,No,No internet service,2,Bangalore,Premium,0
CUST_00441,23,90.88535930150194,2246.2013137495196,Two year,Fiber optic,No internet service,Yes,Yes,No internet service,12,Hyderabad,Basic,0
CUST_00442,22,81.58799659629898,397.2325487746322,Month-to-month,Fiber optic,Yes,Yes,No internet service,No,5,Delhi,Premium,0
CUST_00443,61,116.99657641430657,2291.252199618066,Two year,Fiber optic,Yes,No internet service,No internet service,Yes,17,Mumbai,Standard,0
CUST_00444,36,75.01323050757844,474.1357110349472,Two year,DSL,No internet service,No,Yes,Yes,1,Hyderabad,Basic,1
CUST_00445,11,52.31215978709676,7858.52369722521,One year,DSL,Yes,No,Yes,No,19,Chennai,Basic,1
CUST_00446,54,70.94021274501269,5630.714743235123,One year,DSL,No internet service,No internet service,No internet service,No internet service,16,Pune,Premium,0
CUST_00447,12,117.88485572326066,7538.333317439033,One year,Fiber optic,No,No internet service,No,Yes,0,Hyderabad,Premium,0
CUST_00448,22,89.02896811836912,6102.05956023338,Two year,No,Yes,No internet service,No,No internet service,16,Pune,Standard,0
CUST_00449,29,86.54156606855922,1131.5752405229462,Two year,Fiber optic,Yes,No internet service,No internet service,No internet service,4,Hyderabad,Standard,0
CUST_00450,16,42.54952215204031,7996.012594588797,Month-to-month,DSL,No,Yes,No,Yes,8,Delhi,Premium,1
CUST_00451,61,93.847456791183,7650.89288091313,Month-to-month,Fiber optic,Yes,No,No,No internet service,3,Pune,Standard,1
CUST_00452,12,94.52772660612072,2970.3812927565846,Month-to-month,Fiber optic,No,No,Yes,Yes,13,Bangalore,Standard,1
CUST_00453,58,50.36347634514234,964.0257928629201,One year,Fiber optic,No,No internet service,No,Yes,7,Pune,Premium,0
CUST_00454,18,67.33881090385275,5990.640596191228,One year,Fiber optic,No internet service,No,Yes,No,12,Chennai,Standard,0
CUST_00455,48,48.04953995992652,6195.96056981288,Month-to-month,DSL,No,No,No,Yes,5,Delhi,Basic,1
CUST_00456,11,44.38791717307724,7624.903958338878,Two year,Fiber optic,No internet service,No,No internet service,No,13,Mumbai,Basic,0
CUST_00457,60,20.641399165447485,464.6261516640599,One year,DSL,No,No internet service,Yes,No internet service,8,Chennai,Standard,0
CUST_00458,18,47.09159795463987,1219.931954148168,One year,Fiber optic,No internet service,No internet service,No internet service,No,16,Chennai,Basic,0
CUST_00459,8,74.50493488758403,5092.3462612012245,Month-to-month,DSL,No internet service,No,Yes,No internet service,6,Delhi,Standard,0
CUST_00460,70,18.16332113000094,5269.47381448004,One year,No,No internet service,No internet service,No,No,8,Chennai,Basic,0
CUST_00461,27,46.88834654858608,303.07715575588327,Month-to-month,DSL,No internet service,No,No internet service,No internet service,14,Hyderabad,Standard,0
CUST_00462,51,107.90385389697151,3384.7776571049867,One year,DSL,Yes,No internet service,Yes,Yes,9,Hyderabad,Premium,0
CUST_00463,15,78.5521556809508,4972.859804683449,Two year,No,No,No,No internet service,No,13,Bangalore,Standard,0
CUST_00464,68,80.00200805626001,6276.963927793006,Two year,No,No,No internet service,No internet service,Yes,15,Delhi,Premium,0
CUST_00465,11,59.14315911268803,2699.5901676637827,One year,No,No,No,No,Yes,1,Hyderabad,Standard,0
CUST_00466,24,87.00015863622592,4122.469427811259,Month-to-month,No,No,No internet service,Yes,No internet service,3,Chennai,Standard,0
CUST_00467,51,37.37314215549664,6922.813426950463,One year,No,No internet service,No internet service,No,No internet service,14,Chennai,Premium,0
CUST_00468,52,101.51217465918755,8108.937931980635,Month-to-month,No,Yes,No,No internet service,No internet service,10,Hyderabad,Basic,1
CUST_00469,22,29.90229023346178,1971.5290766566698,One year,Fiber optic,No,Yes,Yes,No internet service,10,Delhi,Premium,0
CUST_00470,15,84.91213817461714,2164.30398976436,Two year,Fiber optic,No,No,No internet service,No,12,Delhi,Basic,0
CUST_00471,56,52.79723123360767,7989.537865814132,Two year,No,No,No,No internet service,Yes,15,Mumbai,Standard,1
CUST_00472,38,94.24632299941263,3376.1183807690823,One year,DSL,No internet service,Yes,Yes,No internet service,8,Delhi,Basic,0
CUST_00473,52,74.07598422913404,6111.03048858494,One year,DSL,No,No internet service,No internet service,Yes,1,Pune,Standard,0
CUST_00474,41,64.14000992482906,5211.23367008681,One year,No,No,Yes,Yes,No,1,Pune,Premium,0
CUST_00475,57,35.281085013511195,2440.3547000131857,Two year,Fiber optic,Yes,No,Yes,No internet service,4,Pune,Basic,0
CUST_00476,38,82.955789357004,5561.514766647968,Two year,Fiber optic,No internet service,Yes,Yes,No,4,Hyderabad,Standard,0
CUST_00477,13,117.42652402888213,5578.509971917048,Month-to-month,DSL,Yes,No internet service,No internet service,No,4,Mumbai,Basic,0
CUST_00478,4,102.21154934051553,5043.103098639785,One year,No,No,No,No,Yes,13,Chennai,Premium,1
CUST_00479,34,24.120835644079204,863.3231163735683,One year,Fiber optic,No internet service,No,No internet service,Yes,5,Hyderabad,Standard,0
CUST_00480,17,56.37539659284149,8459.047397376587,Two year,No,No,No internet service,No internet service,No,15,Bangalore,Premium,0
CUST_00481,8,112.40946693740773,3414.332423650958,One year,No,No,No internet service,Yes,No,15,Bangalore,Standard,1
CUST_00482,57,69.31046225081619,5431.64485813726,Month-to-month,DSL,No internet service,No,No,No internet service,7,Delhi,Basic,1
CUST_00483,16,85.53540623243427,7531.030689463237,One year,No,Yes,No internet service,Yes,Yes,4,Mumbai,Basic,1
CUST_00484,6,111.08513325032183,3608.3329587770518,Two year,No,No internet service,Yes,No internet service,No,12,Mumbai,Basic,1
CUST_00485,45,107.12705842282783,6582.432331824663,One year,DSL,No internet service,Yes,No,No,2,Chennai,Basic,1
CUST_00486,12,69.18567830513211,8261.014770130721,Two year,Fiber optic,Yes,Yes,Yes,Yes,8,Delhi,Premium,0
CUST_00487,39,62.63992287107541,3062.4846364663554,Month-to-month,No,No internet service,Yes,No internet service,No,3,Mumbai,Standard,1
CUST_00488,41,52.64864708491788,3455.4964947140725,Month-to-month,DSL,Yes,No internet service,No internet service,No internet service,7,Hyderabad,Basic,0
CUST_00489,8,91.33998320261489,7699.096132408896,One year,Fiber optic,Yes,Yes,No,No,15,Chennai,Basic,0
CUST_00490,49,47.272653546097416,1372.0908048083822,One year,No,No internet service,Yes,No internet service,No,10,Mumbai,Basic,0
CUST_00491,26,43.48853585595181,260.5414189647897,Two year,Fiber optic,No internet service,No,No internet service,Yes,18,Bangalore,Basic,0
CUST_00492,65,54.337489249585566,7727.1965391301665,Month-to-month,DSL,Yes,No internet service,No internet service,Yes,9,Bangalore,Standard,0
CUST_00493,4,36.07593580163679,6986.739731665316,Month-to-month,No,Yes,No internet service,No internet service,No internet service,6,Mumbai,Basic,0
CUST_00494,28,88.90222122646827,8267.449282100399,Month-to-month,DSL,Yes,No internet service,No,No,11,Pune,Standard,1
CUST_00495,36,80.85654623172246,511.97287295197293,Month-to-month,DSL,Yes,No,No internet service,No internet service,7,Pune,Premium,1
CUST_00496,37,67.25361047981605,1342.6961168004539,One year,No,Yes,No,No internet service,No,9,Bangalore,Basic,0
CUST_00497,7,57.81322948467857,911.2611261997587,One year,DSL,No internet service,No internet service,No internet service,No,4,Hyderabad,Basic,0
CUST_00498,64,110.72437937546661,5814.735634115242,Two year,Fiber optic,No,Yes,No,Yes,4,Chennai,Premium,0
CUST_00499,16,20.970626068888738,5158.177445523269,Month-to-month,DSL,No internet service,No,No,No internet service,12,Hyderabad,Premium,0
CUST_00500,70,96.44898983774452,3065.8811612027366,One year,No,No,No,Yes,No,1,Bangalore,Basic,0
CUST_00501,44,109.99477631838666,505.0659522898422,One year,No,Yes,No,No,No,11,Mumbai,Basic,0
CUST_00502,3,63.528167101852446,5443.61294868276,Month-to-month,Fiber optic,No internet service,No internet service,No internet service,Yes,10,Mumbai,Premium,1
CUST_00503,35,74.17043013000597,4853.761954745911,One year,No,No,Yes,No,Yes,1,Chennai,Standard,0
CUST_00504,69,114.33529616396787,975.6450362161427,Two year,DSL,Yes,No,No,Yes,14,Bangalore,Standard,0
CUST_00505,30,39.65230655912247,7727.372113346043,Two year,DSL,No internet service,No,No,No internet service,19,Bangalore,Premium,0
CUST_00506,18,71.05375447403786,1705.4914374378238,Month-to-month,No,No,No internet service,No internet service,No internet service,6,Bangalore,Basic,0
CUST_00507,60,66.42155496707772,6324.44462848419,Two year,Fiber optic,No internet service,Yes,Yes,No,7,Delhi,Basic,0
CUST_00508,53,44.35605008277775,7525.213466089287,One year,Fiber optic,No,No,Yes,No internet service,2,Mumbai,Basic,0
CUST_00509,38,101.49650949805701,4933.106871064035,Two year,No,No internet service,No internet service,Yes,Yes,16,Bangalore,Premium,0
CUST_00510,18,109.75926066585005,2111.7724147397676,One year,DSL,No internet service,No internet service,Yes,Yes,19,Chennai,Premium,0
CUST_00511,38,97.7571231383973,2641.0459264964493,Month-to-month,No,No,No,No,No internet service,5,Pune,Standard,1
CUST_00512,66,37.926614006558054,7530.910581003136,Month-to-month,No,No internet service,No internet service,Yes,No,14,Delhi,Premium,0
CUST_00513,44,26.848360821140922,2547.817200385343,One year,Fiber optic,No internet service,No internet service,No,No,12,Bangalore,Basic,0
CUST_00514,12,79.75533750114492,6347.187679497375,One year,DSL,Yes,No,No,No,12,Mumbai,Premium,0
CUST_00515,57,23.82366557200816,8416.581330350347,Two year,Fiber optic,No,No internet service,Yes,No,11,Pune,Premium,0
CUST_00516,19,86.62824063292459,8498.445413634234,One year,Fiber optic,No internet service,Yes,No internet service,Yes,13,Delhi,Basic,0
CUST_00517,71,72.10327047337876,4542.9752248204695,Month-to-month,DSL,No,Yes,Yes,No internet service,8,Hyderabad,Basic,0
CUST_00518,60,85.60414473985368,7028.846268339682,One year,DSL,No internet service,No,Yes,Yes,9,Chennai,Premium,1
CUST_00519,38,78.19741891227389,8417.299379707614,Two year,DSL,No,Yes,No,No,4,Mumbai,Premium,0
CUST_00520,0,61.115662091771625,3195.9754516396933,Two year,No,No,Yes,No,No,4,Hyderabad,Basic,1
CUST_00521,2,38.48947237430328,2158.9381005663345,One year,DSL,Yes,No,Yes,Yes,19,Mumbai,Basic,1
CUST_00522,61,49.18161785266983,986.9273242533978,Two year,No,Yes,No internet service,Yes,No,5,Chennai,Premium,0
CUST_00523,62,71.49905857033559,1213.1107301362556,Two year,Fiber optic,No,Yes,No internet service,Yes,11,Bangalore,Premium,0
CUST_00524,24,84.4905455520558,7257.865076230466,Month-to-month,DSL,No internet service,No internet service,No internet service,Yes,16,Hyderabad,Standard,0
CUST_00525,55,97.50726772222191,5011.549251984602,One year,No,No,No,No internet service,Yes,15,Hyderabad,Basic,1
CUST_00526,32,96.2514132818042,7428.801225679064,Month-to-month,No,No internet service,Yes,No,Yes,17,Delhi,Premium,0
CUST_00527,37,117.2142518126307,6714.158065170853,Month-to-month,No,No,No,No internet service,No,5,Bangalore,Basic,1
CUST_00528,5,47.15582776366776,5732.701952067287,Two year,No,Yes,No internet service,No,No,9,Chennai,Basic,1
CUST_00529,57,25.25329223777055,5186.186011753993,Month-to-month,Fiber optic,Yes,No,No,No,19,Pune,Basic,0
CUST_00530,43,53.25700742526965,428.0105852385844,One year,DSL,No internet service,Yes,Yes,No internet service,8,Delhi,Basic,0
CUST_00531,44,93.81603647285581,7416.638212499077,One year,DSL,No,No,No internet service,Yes,1,Hyderabad,Premium,0
CUST_00532,31,62.687388405396106,3562.1363671673366,One year,DSL,No internet service,No,Yes,No internet service,2,Mumbai,Standard,0
CUST_00533,44,101.41441992012078,4766.112121679546,Month-to-month,DSL,Yes,No,Yes,Yes,9,Chennai,Standard,0
CUST_00534,60,74.03128924897354,204.20960292088975,One year,DSL,No,No internet service,No,Yes,7,Delhi,Premium,0
CUST_00535,46,112.83875570831131,7957.77544280016,One year,DSL,Yes,No internet service,No internet service,No,8,Pune,Standard,1
CUST_00536,20,114.68207108390502,7675.044590982357,Month-to-month,No,Yes,No internet service,Yes,Yes,18,Bangalore,Basic,0
CUST_00537,35,25.06905961391237,4626.084249765371,Month-to-month,DSL,No,No internet service,No,No internet service,0,Pune,Premium,0
CUST_00538,18,64.55417085066728,4914.757272534008,Month-to-month,No,No internet service,Yes,Yes,No,1,Mumbai,Premium,0
CUST_00539,19,80.18828424745594,5997.955995606391,Month-to-month,Fiber optic,No,No internet service,No internet service,No,19,Delhi,Premium,1
CUST_00540,56,44.0989991628457,2263.1421115714247,Two year,No,Yes,No internet service,No,Yes,3,Chennai,Basic,0
CUST_00541,17,59.521831496655984,1900.2883118542322,Month-to-month,Fiber optic,Yes,Yes,No internet service,No,15,Mumbai,Basic,0
CUST_00542,46,87.12351719400523,5735.062633075049,Month-to-month,DSL,Yes,No internet service,Yes,No internet service,11,Delhi,Basic,0
CUST_00543,48,41.12689114363286,903.711188319859,One year,Fiber optic,Yes,No,No,Yes,1,Delhi,Premium,0
CUST_00544,13,79.40209800339414,3869.3539240637156,One year,Fiber optic,No internet service,No internet service,Yes,No internet service,14,Pune,Basic,0
CUST_00545,14,89.13967847275921,4197.593916360282,Month-to-month,No,No,Yes,Yes,No,17,Chennai,Premium,1
CUST_00546,30,27.230623731778408,3252.500238194455,Month-to-month,No,No,No,No internet service,No internet service,15,Bangalore,Basic,1
CUST_00547,0,68.74799023480018,1589.4446662681855,Month-to-month,Fiber optic,No internet service,Yes,No,No internet service,11,Mumbai,Basic,1
CUST_00548,53,44.834163052267456,3031.7925540076585,One year,Fiber optic,No internet service,No,Yes,No,17,Pune,Basic,0
CUST_00549,2,91.88740831180054,2881.1606246997367,One year,DSL,Yes,No,No internet service,Yes,13,Delhi,Basic,0
CUST_00550,15,37.33466187076793,4252.771452370701,Month-to-month,No,No,No,No internet service,Yes,11,Pune,Standard,1
CUST_00551,56,109.00826738488685,5740.642898269001,One year,Fiber optic,No,Yes,No,No,4,Pune,Basic,0
CUST_00552,11,61.956016324869346,8230.57031774898,One year,No,No,No,Yes,Yes,3,Pune,Standard,1
CUST_00553,15,38.19630909137046,1240.792772798652,Month-to-month,DSL,No internet service,No,No,No internet service,17,Chennai,Premium,1
CUST_00554,71,62.67822322773359,7422.931126520256,One year,DSL,Yes,No,No,No,16,Delhi,Premium,0
CUST_00555,23,59.69186380646984,2428.3977993102058,Month-to-month,Fiber optic,Yes,No,Yes,No,15,Chennai,Standard,0
CUST_00556,27,61.74973386835845,5034.023835151923,Two year,DSL,No,No,No,Yes,9,Chennai,Premium,0
CUST_00557,7,77.72725193673958,4655.422792799169,Two year,Fiber optic,Yes,No internet service,No,Yes,16,Delhi,Basic,0
CUST_00558,35,71.15971994118082,4742.036486804926,Two year,No,No internet service,Yes,No,No,11,Pune,Standard,0
CUST_00559,7,33.277267431452074,6153.5277445989705,One year,No,No internet service,No,No internet service,No,11,Pune,Standard,0
CUST_00560,57,24.689065409956903,3255.4802093629833,Two year,Fiber optic,No,No,Yes,No,3,Chennai,Premium,0
CUST_00561,59,92.40037577010713,2724.6058881750096,One year,Fiber optic,Yes,No,No,No,2,Mumbai,Premium,1
CUST_00562,49,75.09117846468797,7251.742849759218,Month-to-month,Fiber optic,No internet service,No,No internet service,No internet service,0,Pune,Standard,0
CUST_00563,27,54.6180783440849,1884.8461316063606,Two year,No,No internet service,No,No internet service,No internet service,11,Chennai,Premium,1
CUST_00564,40,100.45249789480353,1546.8468884731155,One year,No,No internet service,No internet service,No,No,7,Bangalore,Standard,1
CUST_00565,63,57.58196437461761,150.38227770992276,Two year,DSL,No internet service,No internet service,Yes,No,7,Bangalore,Standard,0
CUST_00566,26,99.18843913926197,1804.120747171562,One year,DSL,Yes,No,No internet service,No,11,Chennai,Standard,1
CUST_00567,62,49.18712500626222,4416.18361739232,One year,No,No internet service,No,No,No internet service,3,Mumbai,Basic,0
CUST_00568,16,25.430220349610373,4585.6322609057115,Month-to-month,No,No internet service,No,Yes,Yes,15,Pune,Basic,1
CUST_00569,72,113.12924876759277,2175.994606320522,One year,Fiber optic,Yes,Yes,Yes,No internet service,1,Hyderabad,Premium,0
CUST_00570,32,58.24421518670006,631.0295102894571,One year,No,No,Yes,No,No,3,Hyderabad,Standard,0
CUST_00571,28,98.85464243063655,6334.043234600039,Two year,No,No,No internet service,No internet service,No,3,Mumbai,Premium,0
CUST_00572,12,46.47270158867505,6447.146906505426,Month-to-month,DSL,No internet service,No internet service,Yes,No,10,Bangalore,Basic,0
CUST_00573,45,83.92924143661291,8481.648313345026,One year,DSL,No,Yes,Yes,No,2,Chennai,Premium,0
CUST_00574,34,107.07770907228829,7652.050817275475,Two year,Fiber optic,Yes,No,Yes,No internet service,9,Delhi,Standard,1
CUST_00575,5,22.247690278677993,7872.858431238644,Month-to-month,DSL,No internet service,No internet service,Yes,Yes,11,Chennai,Standard,0
CUST_00576,68,102.7248479979811,6788.364849960115,One year,Fiber optic,Yes,No,No internet service,No,16,Chennai,Basic,0
CUST_00577,46,76.27596650713673,5238.695202390358,Two year,No,No,No,No internet service,No,8,Hyderabad,Standard,0
CUST_00578,24,79.96211889867406,1108.326812401458,Month-to-month,No,No,No internet service,No,No,1,Chennai,Premium,0
CUST_00579,65,71.36211608221024,5296.461389020755,Month-to-month,Fiber optic,No internet service,Yes,No,Yes,17,Hyderabad,Standard,0
CUST_00580,9,107.19646053493153,492.6176080368631,Month-to-month,DSL,No,Yes,No internet service,No internet service,11,Delhi,Basic,1
CUST_00581,55,22.43020243803502,7527.107061802253,Month-to-month,DSL,No internet service,Yes,No,Yes,5,Chennai,Standard,0
CUST_00582,29,44.62489593665651,4104.8085669832235,One year,No,No internet service,No,Yes,No internet service,17,Mumbai,Basic,0
CUST_00583,4,107.32777896363385,5933.9645608187375,One year,DSL,Yes,No,No internet service,No,12,Chennai,Standard,1
CUST_00584,32,94.73926165825951,461.1307554691667,Month-to-month,Fiber optic,No,No,Yes,Yes,14,Pune,Basic,0
CUST_00585,64,19.799806338217795,4549.495123231405,Month-to-month,No,No,Yes,No internet service,Yes,0,Pune,Basic,0
CUST_00586,17,70.73464088739028,2573.316140592221,One year,DSL,No internet service,No,No internet service,No,7,Mumbai,Standard,0
CUST_00587,48,72.01641343269283,2435.1008299833175,Two year,No,No internet service,No internet service,No,Yes,17,Hyderabad,Premium,0
CUST_00588,10,58.88997778304686,3323.061468512394,Month-to-month,No,No internet service,No,No internet service,No,19,Chennai,Basic,1
CUST_00589,25,48.33411987032295,23.423907019057037,One year,DSL,No internet service,No internet service,No,No,11,Hyderabad,Standard,0
CUST_00590,62,87.5359347420589,3976.2175987505116,One year,Fiber optic,Yes,Yes,No internet service,No internet service,19,Mumbai,Premium,0
CUST_00591,58,39.194627399884894,4145.058610362533,Two year,DSL,No,No,Yes,No internet service,11,Hyderabad,Premium,0
CUST_00592,26,99.49275333131402,7339.076428146942,One year,DSL,Yes,No,Yes,No,0,Bangalore,Premium,0
CUST_00593,48,99.90979039828213,3822.394206059216,Month-to-month,DSL,No,Yes,Yes,No,9,Pune,Premium,1
CUST_00594,32,60.3566666324277,3101.6844845856012,One year,DSL,Yes,No,Yes,Yes,18,Mumbai,Basic,0
CUST_00595,0,46.92189711278406,8455.444489656415,Month-to-month,DSL,No internet service,No internet service,Yes,No,18,Hyderabad,Basic,1
CUST_00596,20,46.955574522252746,4863.0314192783735,One year,DSL,Yes,Yes,Yes,No,10,Chennai,Basic,0
CUST_00597,54,67.19371504761344,4026.705235634771,Month-to-month,Fiber optic,Yes,No internet service,No internet service,Yes,2,Hyderabad,Premium,1
CUST_00598,5,91.39708092443459,4224.527748639354,Month-to-month,No,No internet service,Yes,No,No,13,Delhi,Basic,1
CUST_00599,68,54.604606481373594,6881.475765469685,One year,Fiber optic,No internet service,No internet service,No internet service,No,17,Mumbai,Standard,0
CUST_00600,4,80.22442123669066,2907.616961604904,Month-to-month,DSL,No,No internet service,Yes,No internet service,5,Hyderabad,Premium,1
CUST_00601,2,57.013414979424624,3318.859044502191,One year,Fiber optic,No,No internet service,Yes,No,8,Pune,Standard,0
CUST_00602,52,49.0613652934411,6429.317833900381,One year,No,Yes,No,No internet service,No,8,Bangalore,Premium,0
CUST_00603,22,20.535670623411004,637.0480794039927,One year,Fiber optic,Yes,No,No,Yes,16,Pune,Standard,0
CUST_00604,52,18.399238785009846,7356.36479937112,Month-to-month,DSL,Yes,No,No,No internet service,3,Delhi,Standard,1
CUST_00605,36,41.175183138864455,3666.979271441321,One year,No,No internet service,No,No,No internet service,3,Mumbai,Standard,0
CUST_00606,16,59.453441253701534,4948.5270182389095,Two year,DSL,No,No,No,No,18,Delhi,Basic,0
CUST_00607,72,104.82863907093015,6442.912782841921,Month-to-month,DSL,Yes,No internet service,Yes,No internet service,15,Chennai,Basic,0
CUST_00608,0,99.4453927789034,2274.652406130523,Two year,No,No,No,Yes,No internet service,16,Bangalore,Premium,1
CUST_00609,50,45.25085678397497,7569.645114975763,Two year,No,No,No internet service,No,No internet service,2,Chennai,Basic,0
CUST_00610,44,42.94312518439853,8323.786214680573,Two year,DSL,No internet service,Yes,No internet service,Yes,6,Pune,Basic,0
CUST_00611,3,41.1868512491428,4210.435133446748,Two year,Fiber optic,No internet service,No internet service,No internet service,Yes,4,Pune,Basic,0
CUST_00612,61,52.60220873394444,7965.102730207135,One year,No,Yes,No,Yes,No internet service,2,Hyderabad,Premium,0
CUST_00613,64,68.81626939529191,27.57297627386776,Two year,Fiber optic,Yes,Yes,No internet service,No internet service,11,Delhi,Premium,0
CUST_00614,31,62.7441127472207,7602.925270968552,Month-to-month,Fiber optic,Yes,No,Yes,No,18,Chennai,Basic,0
CUST_00615,33,40.26386627571236,2656.2864021305736,Two year,No,Yes,Yes,Yes,No internet service,8,Hyderabad,Premium,0
CUST_00616,71,31.30604381424904,2660.1041925395198,Two year,Fiber optic,Yes,No internet service,No,Yes,2,Bangalore,Premium,0
CUST_00617,38,19.28293687359193,1952.649750978626,Two year,No,No,Yes,No,No,2,Pune,Premium,0
CUST_00618,25,33.70425034398339,2706.91190956195,One year,No,No,No,No,Yes,15,Chennai,Basic,0
CUST_00619,33,89.94634975980006,1828.776238931823,Two year,No,No internet service,Yes,No,Yes,19,Delhi,Basic,0
CUST_00620,53,42.851134073249455,7701.581759721181,Two year,No,No internet service,No internet service,No,Yes,12,Chennai,Standard,0
CUST_00621,2,65.797384632394,7643.519254223774,Two year,Fiber optic,No,Yes,No,Yes,5,Bangalore,Standard,0
CUST_00622,49,78.31271719017096,884.9563731567202,Month-to-month,Fiber optic,No internet service,No internet service,No internet service,Yes,0,Hyderabad,Standard,0
CUST_00623,11,108.45777208882393,1229.7251936455891,One year,No,No internet service,Yes,No,No,10,Chennai,Premium,0
CUST_00624,64,108.66322003612879,7329.642096088473,One year,No,Yes,No internet service,No,Yes,17,Chennai,Standard,0
CUST_00625,53,94.06484083549861,3401.7901725426314,One year,No,No internet service,No internet service,Yes,No internet service,2,Pune,Standard,1
CUST_00626,4,21.586013188947145,1453.7623671917584,Month-to-month,No,No internet service,No internet service,Yes,No,17,Mumbai,Premium,1
CUST_00627,56,76.65718274671232,4349.497871466963,Two year,DSL,No internet service,No internet service,No,No internet service,10,Hyderabad,Premium,0
CUST_00628,16,98.23151402481366,3552.1783994222455,Month-to-month,Fiber optic,No,No,Yes,No,14,Pune,Basic,0
CUST_00629,46,19.76338056586305,1876.9282988054208,One year,Fiber optic,No,No internet service,No internet service,No internet service,2,Mumbai,Standard,0
CUST_00630,22,74.06783059297098,6131.420315430894,One year,No,Yes,No,No internet service,Yes,11,Mumbai,Basic,0
CUST_00631,13,105.49194287017501,5372.595947206223,One year,DSL,No internet service,No internet service,No internet service,No internet service,11,Pune,Premium,0
CUST_00632,65,66.35841173591123,863.3298061772468,Month-to-month,DSL,No,Yes,No internet service,Yes,16,Bangalore,Standard,1
CUST_00633,50,18.41883269553974,7867.130110907555,One year,DSL,Yes,Yes,No,No,0,Bangalore,Standard,0
CUST_00634,37,19.12336255023196,4754.9422493224465,Two year,No,No internet service,No,No internet service,Yes,10,Delhi,Standard,1
CUST_00635,63,60.496875816202554,2140.234459272962,Month-to-month,DSL,Yes,Yes,No internet service,No internet service,14,Pune,Basic,0
CUST_00636,37,33.81088407650897,1767.7671754437872,Two year,No,Yes,No internet service,No internet service,Yes,8,Hyderabad,Standard,0
CUST_00637,49,85.77396702351247,1171.1107779990134,One year,DSL,No internet service,Yes,No internet service,Yes,6,Hyderabad,Basic,0
CUST_00638,29,90.2975250204277,3619.774481002955,One year,No,No,No,Yes,No,10,Bangalore,Basic,0
CUST_00639,50,36.14373913698412,1167.6588730364774,Month-to-month,No,No internet service,Yes,No internet service,Yes,17,Bangalore,Premium,1
CUST_00640,62,108.63039542949745,3544.9548116327082,Two year,Fiber optic,No internet service,No,No internet service,No,6,Mumbai,Standard,0
CUST_00641,51,63.07460018785044,1279.8707722817862,Month-to-month,No,No internet service,No internet service,Yes,No internet service,17,Bangalore,Basic,0
CUST_00642,37,32.57028257437622,5589.041397565629,Two year,DSL,No,No internet service,Yes,No,14,Chennai,Standard,0
CUST_00643,29,95.95366300307833,6678.422827943691,One year,Fiber optic,No internet service,Yes,No,No internet service,15,Hyderabad,Standard,0
CUST_00644,50,98.57739900171083,4679.051944488039,Month-to-month,DSL,No,Yes,Yes,No internet service,14,Delhi,Premium,0
CUST_00645,4,83.20813821187666,5786.242412519239,Month-to-month,No,Yes,Yes,Yes,Yes,3,Mumbai,Basic,1
CUST_00646,28,105.05348642666041,7977.328447947005,Two year,Fiber optic,No,No internet service,Yes,No,2,Chennai,Basic,0
CUST_00647,3,93.21204314712847,5432.667313817896,One year,No,Yes,Yes,No internet service,No internet service,13,Bangalore,Premium,0
CUST_00648,9,107.98498519715304,3106.7898369956924,One year,No,Yes,No internet service,No,Yes,2,Delhi,Basic,1
CUST_00649,55,62.256580945518905,3830.4907058806334,Two year,DSL,No internet service,No,No,Yes,15,Bangalore,Basic,0
CUST_00650,16,94.25490706614313,7316.974967543018,Two year,DSL,No,Yes,No internet service,No internet service,14,Pune,Basic,0
CUST_00651,16,119.97465946976253,1126.7697453347175,Two year,DSL,Yes,Yes,No,Yes,18,Chennai,Premium,0
CUST_00652,68,91.94298214700116,2780.90142442457,Two year,Fiber optic,Yes,No,No internet service,No,9,Pune,Basic,0
CUST_00653,33,29.646745584187478,4914.4895450076465,Two year,DSL,No,No,Yes,No internet service,16,Pune,Standard,0
CUST_00654,5,70.86850968777667,5755.136327722341,One year,No,No,No,No internet service,No internet service,3,Delhi,Premium,1
CUST_00655,52,77.90947470678884,6493.999157811724,One year,Fiber optic,Yes,No,No internet service,Yes,17,Pune,Premium,0
CUST_00656,65,35.769488857281885,2717.030043638811,Month-to-month,DSL,Yes,No internet service,Yes,No internet service,9,Bangalore,Premium,1
CUST_00657,42,116.21494668615983,1255.1771746656127,One year,DSL,No,Yes,Yes,No internet service,15,Chennai,Basic,0
CUST_00658,22,35.90913731873086,8116.94617647658,Two year,DSL,No,No internet service,No,No internet service,2,Chennai,Premium,0
CUST_00659,54,36.11090781074872,665.9587857139588,One year,No,Yes,No internet service,No internet service,No,11,Delhi,Basic,0
CUST_00660,15,111.34704807340461,830.6210277843622,One year,DSL,No internet service,No,Yes,No,18,Pune,Standard,0
CUST_00661,7,65.45095417841046,4216.1026404125,One year,No,No,Yes,No,No,2,Pune,Premium,0
CUST_00662,3,24.44520448600065,6967.056860714001,Month-to-month,Fiber optic,Yes,No internet service,No internet service,No,8,Chennai,Premium,1
CUST_00663,3,79.01512499372993,6587.343830105881,Month-to-month,DSL,Yes,No internet service,Yes,Yes,6,Bangalore,Premium,1
CUST_00664,55,79.38628756057088,7971.565175858287,Two year,No,No internet service,No,Yes,No internet service,15,Delhi,Standard,0
CUST_00665,24,24.579077386029304,1219.0730463493676,Two year,DSL,No,Yes,No internet service,No,0,Pune,Basic,0
CUST_00666,66,117.19729455463353,3204.9185944035826,Month-to-month,DSL,Yes,Yes,Yes,Yes,14,Pune,Premium,1
CUST_00667,66,73.4910564600467,2411.129535817545,One year,Fiber optic,No internet service,Yes,No internet service,No,1,Mumbai,Standard,0
CUST_00668,26,75.09916366233595,7319.900387990728,One year,Fiber optic,No,No internet service,No internet service,Yes,15,Chennai,Basic,0
CUST_00669,31,71.05177227924423,4160.223889225142,Month-to-month,No,No internet service,No,No internet service,No,6,Bangalore,Premium,1
CUST_00670,49,80.29464152375124,245.724179713682,Two year,No,Yes,Yes,Yes,No,13,Delhi,Basic,0
CUST_00671,60,44.95857478292301,6022.9540988032795,One year,No,No internet service,No internet service,Yes,No internet service,1,Pune,Premium,0
CUST_00672,50,47.29861749343376,3314.937265765243,Two year,Fiber optic,Yes,No internet service,No internet service,No,17,Mumbai,Standard,0
CUST_00673,18,70.15658715920554,4523.186846912927,One year,No,Yes,Yes,No,No,0,Mumbai,Basic,0
CUST_00674,20,100.28195718588512,7599.104955898803,Two year,Fiber optic,No internet service,No,No internet service,Yes,15,Hyderabad,Standard,1
CUST_00675,4,23.086186802406242,2195.6498044355085,One year,Fiber optic,No internet service,No,No internet service,No internet service,8,Pune,Premium,0
CUST_00676,41,79.5472296464651,2055.9249785424863,Two year,DSL,Yes,Yes,No internet service,No internet service,2,Hyderabad,Standard,0
CUST_00677,60,100.29137053564402,2250.3988204555176,Two year,DSL,No internet service,No internet service,No,Yes,12,Pune,Basic,1
CUST_00678,21,34.005561747797174,2885.8319818647983,Two year,No,No,No,Yes,No,1,Delhi,Basic,1
CUST_00679,20,19.53229928201776,928.5764129482171,Month-to-month,Fiber optic,No,No internet service,Yes,Yes,17,Chennai,Premium,1
CUST_00680,69,49.89675610442872,5931.817162978456,Two year,Fiber optic,No internet service,No internet service,No internet service,No,1,Pune,Basic,0
CUST_00681,0,77.99065808641902,1777.1559246267361,Month-to-month,Fiber optic,No internet service,No,No internet service,No,7,Bangalore,Premium,0
CUST_00682,4,32.10488368728427,7873.568228349108,Month-to-month,DSL,No,No internet service,Yes,No internet service,2,Chennai,Standard,1
CUST_00683,11,61.464481839193525,1847.4513145835233,Two year,Fiber optic,Yes,No internet service,No internet service,No,16,Bangalore,Standard,0
CUST_00684,45,74.33679273217635,2186.3556925970306,Month-to-month,No,Yes,Yes,Yes,No internet service,1,Bangalore,Standard,1
CUST_00685,33,79.08607566524634,2537.3255807733444,Month-to-month,No,No,No,No,No internet service,5,Hyderabad,Premium,1
CUST_00686,48,45.989995542038265,6536.74013885083,Month-to-month,DSL,Yes,No internet service,No internet service,Yes,7,Hyderabad,Standard,0
CUST_00687,44,58.80302287060172,3644.9582264832966,One year,No,No internet service,No,Yes,No,16,Chennai,Premium,0
CUST_00688,26,97.39060136489098,6967.596281027707,Two year,Fiber optic,No internet service,No,Yes,Yes,5,Delhi,Standard,0
CUST_00689,72,114.00389880030991,6675.129188201798,Month-to-month,Fiber optic,No,No internet service,No,Yes,11,Bangalore,Standard,1
CUST_00690,25,105.91179377406223,7901.937765913651,Two year,No,No,No,No internet service,Yes,15,Hyderabad,Basic,1
CUST_00691,46,75.55691717681006,6435.516443592593,Month-to-month,DSL,No,Yes,No,Yes,5,Delhi,Standard,0
CUST_00692,55,59.849865900282545,458.31054113299103,Two year,Fiber optic,No,Yes,Yes,No internet service,1,Hyderabad,Standard,0
CUST_00693,62,51.961574665884655,7119.819763515413,Month-to-month,Fiber optic,Yes,No internet service,Yes,No internet service,2,Bangalore,Premium,0
CUST_00694,47,30.74556974056984,7974.731765255297,One year,DSL,Yes,No,No,No internet service,8,Mumbai,Basic,0
CUST_00695,60,28.868227216043522,8446.471731206293,One year,Fiber optic,Yes,No internet service,No,No internet service,18,Hyderabad,Premium,0
CUST_00696,25,88.21247774119308,1080.5197334315692,One year,No,No internet service,No,No,No,9,Delhi,Standard,0
CUST_00697,35,44.49903044945836,5219.783870427666,Month-to-month,No,No internet service,No internet service,No internet service,No internet service,12,Chennai,Standard,0
CUST_00698,0,43.97549201610957,1709.80840402944,Two year,DSL,No,No internet service,Yes,No,19,Chennai,Basic,0
CUST_00699,7,119.81589555673413,2244.6067742206646,Month-to-month,DSL,No,No,No internet service,Yes,12,Bangalore,Standard,1
CUST_00700,51,37.16844770312713,6342.046356806281,One year,No,Yes,Yes,No internet service,No,19,Pune,Premium,0
CUST_00701,46,33.10209546786062,8310.57758152343,Month-to-month,DSL,Yes,No internet service,No,No internet service,14,Mumbai,Premium,0
CUST_00702,55,28.0658932315119,5063.56436340936,Two year,No,Yes,Yes,No internet service,No internet service,12,Hyderabad,Basic,0
CUST_00703,13,77.1401452070132,7232.657473032302,One year,DSL,No,No,No internet service,No internet service,12,Pune,Standard,0
CUST_00704,27,82.04211025221434,93.35242407611841,Month-to-month,No,Yes,No internet service,No,Yes,5,Hyderabad,Basic,0
CUST_00705,1,55.25324847820196,328.70956920447054,Two year,Fiber optic,No,No,No,Yes,17,Mumbai,Standard,1
CUST_00706,25,72.6121602221697,5079.415829197973,One year,Fiber optic,No,Yes,No,No internet service,6,Bangalore,Standard,0
CUST_00707,13,98.41675215638108,3317.3546677749246,Two year,No,No internet service,No,Yes,Yes,2,Bangalore,Standard,0
CUST_00708,58,101.44662516881833,7564.925786602291,Two year,Fiber optic,No internet service,No internet service,Yes,No,0,Delhi,Premium,0
CUST_00709,55,115.70703172299612,2579.4105867931935,One year,No,No,Yes,No internet service,No,11,Delhi,Basic,0
CUST_00710,6,102.0753345641332,3682.6568152893306,Month-to-month,DSL,Yes,No internet service,No internet service,No,4,Delhi,Premium,1
CUST_00711,2,75.61382654517752,4495.725816007362,Month-to-month,Fiber optic,No,Yes,Yes,No,10,Bangalore,Premium,0
CUST_00712,22,36.32501051535829,2333.9153805411515,Month-to-month,Fiber optic,No,No,No internet service,No internet service,11,Hyderabad,Premium,1
CUST_00713,17,28.175882885689923,7723.853465738843,Month-to-month,Fiber optic,No,No,No,No internet service,15,Chennai,Basic,1
CUST_00714,37,23.56021277090764,3958.17386506998,Two year,No,No,No internet service,Yes,No,0,Bangalore,Premium,0
CUST_00715,14,85.98563484210914,3615.6878765475017,Month-to-month,Fiber optic,No internet service,No internet service,No internet service,No,17,Mumbai,Premium,1
CUST_00716,63,100.3686980505953,7225.605361061009,Month-to-month,DSL,No internet service,No internet service,No internet service,No internet service,0,Chennai,Standard,0
CUST_00717,27,69.88576296977607,2664.200802777475,Two year,Fiber optic,No,Yes,No internet service,Yes,4,Bangalore,Standard,0
CUST_00718,38,23.580845833031276,6951.741052141971,Two year,DSL,No internet service,Yes,Yes,No,3,Pune,Premium,0
CUST_00719,56,72.6179986083165,1055.1183367824863,One year,Fiber optic,No internet service,No internet service,Yes,Yes,0,Bangalore,Basic,0
CUST_00720,16,113.44642467550415,1568.4123400010787,Two year,Fiber optic,Yes,Yes,Yes,No internet service,14,Delhi,Premium,0
CUST_00721,43,78.95654547511097,8083.039012468654,One year,DSL,No internet service,Yes,No,No,4,Hyderabad,Basic,0
CUST_00722,24,100.56160382320712,7163.639617030979,One year,Fiber optic,No internet service,No,No internet service,No,6,Pune,Standard,1
CUST_00723,16,99.61557013595856,3308.158482153238,Month-to-month,DSL,No,No,No internet service,Yes,16,Hyderabad,Basic,1
CUST_00724,12,113.07716817762659,5433.387598017844,Month-to-month,DSL,No internet service,No,No,Yes,19,Chennai,Premium,1
CUST_00725,24,96.56333409628708,8016.273146753367,Month-to-month,DSL,No internet service,No internet service,Yes,Yes,5,Bangalore,Standard,1
CUST_00726,67,94.26545242933514,1814.9872140931627,Two year,Fiber optic,No internet service,No,Yes,Yes,12,Delhi,Basic,1
CUST_00727,9,41.87847182700534,518.5268084314915,Two year,Fiber optic,No,No,Yes,No,14,Pune,Premium,0
CUST_00728,66,24.112365842750307,4576.804123133999,Month-to-month,DSL,No,Yes,No,No internet service,6,Mumbai,Premium,0
CUST_00729,17,70.7951454354884,1227.5067248245982,Month-to-month,Fiber optic,No internet service,No,No internet service,Yes,6,Bangalore,Basic,0
CUST_00730,33,30.69228921056903,1606.840544377884,Two year,No,No,Yes,No,Yes,12,Delhi,Basic,0
CUST_00731,7,116.14397938035512,7580.035407303257,One year,DSL,No,No,No internet service,No internet service,3,Mumbai,Basic,1
CUST_00732,39,47.57232578856892,80.79613622596833,One year,DSL,Yes,No internet service,No internet service,No,17,Mumbai,Premium,0
CUST_00733,41,105.0003087451979,6946.267464466533,Month-to-month,No,No internet service,No internet service,No internet service,No internet service,7,Chennai,Standard,1
CUST_00734,40,57.53771177065085,4402.776484878624,Month-to-month,No,Yes,No,No,No internet service,18,Hyderabad,Standard,1
CUST_00735,5,50.9658134854525,4761.934996007438,Month-to-month,DSL,No internet service,No,Yes,Yes,15,Hyderabad,Premium,1
CUST_00736,51,113.38617438241536,5715.935840590866,One year,No,No internet service,No,Yes,No internet service,19,Chennai,Basic,1
CUST_00737,25,55.058902352794846,3677.516424756544,Month-to-month,DSL,Yes,No internet service,No,No internet service,17,Bangalore,Premium,1
CUST_00738,63,57.809366683639915,998.6200356480618,One year,Fiber optic,Yes,Yes,No internet service,No,15,Pune,Premium,0
CUST_00739,58,28.821361520516735,890.1211383125155,Two year,No,No internet service,Yes,No,Yes,15,Delhi,Premium,0
CUST_00740,55,86.38555985881595,6416.500173478201,Two year,DSL,Yes,No,Yes,Yes,1,Pune,Premium,1
CUST_00741,58,47.46162027670638,1892.8200851931106,Two year,DSL,Yes,No internet service,No,Yes,13,Pune,Standard,0
CUST_00742,69,77.73162511962974,256.3584804448581,Month-to-month,DSL,No,Yes,No internet service,No,18,Hyderabad,Basic,0
CUST_00743,32,78.31787381342737,8327.085007337218,Two year,No,No internet service,No,Yes,No,15,Pune,Premium,0
CUST_00744,52,91.35836895076824,8333.680867217401,One year,Fiber optic,No,No internet service,No internet service,No,3,Chennai,Premium,0
CUST_00745,21,94.014631589589,3225.394823349941,One year,Fiber optic,No internet service,No internet service,No,No,12,Hyderabad,Basic,0
CUST_00746,20,70.47414830895701,234.4932495334342,One year,No,No,Yes,No internet service,Yes,7,Hyderabad,Basic,0
CUST_00747,69,51.761178655547106,6186.658834183703,Month-to-month,DSL,No internet service,No internet service,No,Yes,2,Hyderabad,Premium,1
CUST_00748,69,103.41999127314286,7066.644297039446,Month-to-month,DSL,No,No,Yes,No internet service,2,Bangalore,Premium,1
CUST_00749,3,49.60629623966544,1078.3661195622983,One year,DSL,No internet service,No,Yes,No,4,Chennai,Basic,1
CUST_00750,61,69.7659276358718,1166.9599716601422,One year,No,No,Yes,Yes,No internet service,10,Hyderabad,Basic,0
CUST_00751,61,58.92776348678026,6992.103965428178,One year,No,Yes,No internet service,No internet service,No,12,Hyderabad,Standard,0
CUST_00752,23,105.21799536890819,7837.618471082622,One year,DSL,No internet service,Yes,No,No internet service,1,Chennai,Premium,1
CUST_00753,54,62.055690176874535,6725.182524670136,Two year,DSL,Yes,Yes,No,Yes,5,Mumbai,Basic,0
CUST_00754,8,57.382117261423396,1720.7186588559498,One year,DSL,No,No internet service,No,Yes,6,Pune,Basic,0
CUST_00755,2,88.36201667555902,3508.522983241062,Month-to-month,No,No internet service,Yes,No internet service,No,3,Bangalore,Standard,1
CUST_00756,30,79.44899320586717,5114.345456194683,Month-to-month,No,No,No internet service,No,Yes,8,Bangalore,Standard,0
CUST_00757,39,28.9391770165763,1377.609244948269,Month-to-month,Fiber optic,No,No,Yes,No,17,Pune,Basic,1
CUST_00758,35,69.83321824708425,1804.3303425089355,Month-to-month,DSL,Yes,Yes,No,No internet service,13,Delhi,Premium,1
CUST_00759,23,93.01879560999126,2417.439663285483,Month-to-month,DSL,No internet service,No internet service,No internet service,No,5,Delhi,Premium,0
CUST_00760,5,119.19162598831834,4339.691558606875,One year,Fiber optic,No,No internet service,Yes,No internet service,19,Pune,Premium,0
CUST_00761,65,82.17297706497256,4350.647053039958,One year,DSL,Yes,No internet service,Yes,No internet service,1,Mumbai,Standard,0
CUST_00762,3,55.76989277701441,6924.846113105941,Two year,Fiber optic,Yes,Yes,No internet service,No,3,Delhi,Basic,0
CUST_00763,5,41.06746317981607,6405.03252223244,Two year,No,Yes,No,Yes,Yes,14,Hyderabad,Basic,1
CUST_00764,50,107.02868388363866,7768.305996282528,Two year,Fiber optic,Yes,Yes,No,No internet service,2,Hyderabad,Standard,1
CUST_00765,61,101.08565163557728,7082.672412998227,One year,Fiber optic,No,No,No internet service,Yes,3,Pune,Premium,0
CUST_00766,56,41.86012771949726,2171.389364728563,Two year,No,No,Yes,No,No internet service,3,Delhi,Basic,0
CUST_00767,65,38.46447319495049,2828.059197236527,One year,DSL,No,Yes,No internet service,No internet service,14,Pune,Premium,0
CUST_00768,7,90.94395123473991,4262.589952491151,Month-to-month,Fiber optic,No internet service,Yes,No internet service,No internet service,10,Bangalore,Basic,1
CUST_00769,25,50.125110315713464,139.04776336883344,One year,Fiber optic,No internet service,No,No internet service,No internet service,16,Mumbai,Standard,0
CUST_00770,50,49.2526774329197,7684.896817298525,One year,DSL,Yes,No internet service,No,No,14,Hyderabad,Standard,0
CUST_00771,44,33.53360520090084,394.1276109537613,Month-to-month,Fiber optic,No,Yes,No internet service,No internet service,2,Mumbai,Premium,0
CUST_00772,43,44.92550301040265,2752.9468590667093,Month-to-month,No,Yes,Yes,Yes,Yes,9,Delhi,Standard,0
CUST_00773,4,61.60577087445026,4845.740578927922,Month-to-month,Fiber optic,No,No,No,Yes,3,Chennai,Basic,1
CUST_00774,69,92.74951040178638,4410.330658163436,Two year,DSL,No internet service,Yes,No internet service,No,12,Pune,Standard,1
CUST_00775,25,52.303425630202476,5569.128810949069,Two year,DSL,Yes,No internet service,No internet service,No internet service,1,Pune,Premium,0
CUST_00776,67,51.51764262694395,4492.426126845481,Two year,Fiber optic,No,No internet service,No,No,5,Mumbai,Standard,0
CUST_00777,18,47.06115176034845,1960.3900928131377,Month-to-month,DSL,No,No,Yes,Yes,18,Mumbai,Basic,0
CUST_00778,19,66.78493408612638,1723.5451888676212,Two year,DSL,No,No,Yes,No internet service,7,Delhi,Standard,0
CUST_00779,11,36.42494319001416,7713.269639898379,Month-to-month,Fiber optic,Yes,No internet service,No internet service,Yes,5,Delhi,Basic,0
CUST_00780,46,67.5343348712768,2256.9658609912963,Month-to-month,Fiber optic,No internet service,No internet service,No internet service,No,19,Hyderabad,Premium,0
CUST_00781,0,89.82590673185837,2401.248897766033,Month-to-month,DSL,No,No internet service,Yes,No,13,Chennai,Basic,0
CUST_00782,13,21.03863141132746,3520.6664647231228,Two year,Fiber optic,Yes,No,No internet service,Yes,7,Chennai,Standard,1
CUST_00783,63,18.99749679118771,1200.715890886079,Two year,No,No,No internet service,Yes,No internet service,5,Mumbai,Standard,0
CUST_00784,37,25.66253683575994,4320.688266397925,Month-to-month,Fiber optic,Yes,No internet service,Yes,No internet service,11,Chennai,Premium,0
CUST_00785,36,72.63732629626743,5658.799402757479,Two year,DSL,No internet service,No internet service,Yes,Yes,8,Delhi,Standard,0
CUST_00786,10,105.15441848491115,6684.856173800226,One year,No,No,Yes,Yes,Yes,6,Pune,Premium,0
CUST_00787,2,18.498215534065697,6052.554879492392,Two year,DSL,Yes,No,No internet service,No internet service,12,Delhi,Premium,1
CUST_00788,32,113.53945306763747,1270.2482473287967,Month-to-month,DSL,No,No,No,Yes,15,Delhi,Basic,1
CUST_00789,5,28.84040818019465,3886.3615236433766,Month-to-month,No,Yes,No,No,No,7,Mumbai,Standard,1
CUST_00790,49,103.88231986193908,345.2881552549694,Month-to-month,Fiber optic,No internet service,No,Yes,No internet service,13,Bangalore,Basic,1
CUST_00791,9,67.25118602826058,168.96260818709183,One year,DSL,No internet service,Yes,No internet service,No internet service,15,Delhi,Premium,0
CUST_00792,4,85.25445350244209,3751.186207798377,Month-to-month,Fiber optic,Yes,Yes,No,No,19,Chennai,Premium,1
CUST_00793,22,70.08966441361261,2163.6109139896093,Month-to-month,Fiber optic,No internet service,Yes,No,Yes,5,Chennai,Premium,0
CUST_00794,9,66.65891896829417,5814.266262115863,Two year,No,No,Yes,Yes,No internet service,3,Delhi,Basic,1
CUST_00795,43,103.15974169316793,6161.010353751365,One year,DSL,No internet service,Yes,Yes,No internet service,3,Pune,Basic,1
CUST_00796,1,95.10041071591726,7612.814391703125,Two year,No,No,No,No internet service,No internet service,2,Bangalore,Premium,1
CUST_00797,12,67.30702812534642,6470.1090798381265,Month-to-month,No,No internet service,No,No,Yes,9,Mumbai,Standard,1
CUST_00798,39,29.386864798398282,427.20665244414664,Month-to-month,DSL,No internet service,No,Yes,No internet service,5,Delhi,Standard,0
CUST_00799,1,29.77110185006963,3170.1063738545854,One year,DSL,No,Yes,Yes,Yes,17,Mumbai,Standard,1
CUST_00800,64,99.7570249933457,2333.7840695614996,Month-to-month,No,No internet service,No internet service,No internet service,No,12,Bangalore,Premium,1
CUST_00801,62,71.99784337744842,3293.1754394339814,One year,No,No,No,Yes,Yes,10,Delhi,Premium,0
CUST_00802,72,67.122092302375,1375.7617393725268,Two year,No,No,No,Yes,Yes,3,Pune,Standard,0
CUST_00803,16,87.41781781879294,846.7262075036138,One year,DSL,No internet service,No internet service,Yes,No,7,Delhi,Basic,1
CUST_00804,8,105.60184150825455,4436.990889556254,Two year,DSL,No internet service,Yes,Yes,Yes,2,Delhi,Standard,0
CUST_00805,14,82.14506073015713,6128.274278768757,Month-to-month,No,No,No internet service,Yes,No,11,Hyderabad,Basic,0
CUST_00806,23,95.81048603934086,5971.608270186739,Two year,DSL,Yes,No internet service,No internet service,No internet service,12,Delhi,Standard,0
CUST_00807,37,96.0575934599296,3842.909740698759,Two year,DSL,No internet service,No,Yes,No,10,Delhi,Premium,1
CUST_00808,34,54.33866777688183,4447.970361702841,Two year,DSL,No internet service,No,No,No,8,Pune,Standard,1
CUST_00809,48,45.95648595538157,4397.500224318296,One year,Fiber optic,Yes,Yes,Yes,No internet service,3,Bangalore,Basic,0
CUST_00810,68,99.71873485186619,5883.899944228652,Two year,Fiber optic,Yes,No internet service,Yes,No internet service,10,Bangalore,Basic,0
CUST_00811,61,56.47223676199284,424.50134245899625,One year,No,No internet service,Yes,No,Yes,7,Hyderabad,Standard,0
CUST_00812,59,110.14027266531593,6039.338795445721,One year,Fiber optic,No internet service,No internet service,No,Yes,17,Delhi,Premium,0
CUST_00813,49,25.108451066472202,4956.228040223313,One year,No,No internet service,No,Yes,Yes,2,Chennai,Premium,0
CUST_00814,8,23.938186231684647,1698.3581178442923,Month-to-month,No,Yes,No internet service,No internet service,No internet service,3,Mumbai,Basic,1
CUST_00815,33,112.55442433034365,434.11719747581554,Month-to-month,DSL,No internet service,Yes,No,No internet service,16,Pune,Premium,0
CUST_00816,34,84.14240124650635,938.5327195120095,Month-to-month,No,Yes,No internet service,No internet service,No internet service,15,Delhi,Standard,1
CUST_00817,0,56.7191343577299,4468.431957918246,One year,No,Yes,Yes,Yes,Yes,6,Pune,Basic,0
CUST_00818,39,95.01616231125064,6450.821152234261,Month-to-month,No,No,No internet service,Yes,No internet service,1,Hyderabad,Basic,1
CUST_00819,63,86.5773346193514,2856.563109390019,Two year,No,Yes,No,No,No internet service,4,Chennai,Standard,0
CUST_00820,21,72.18250677559882,3233.7290106016903,One year,DSL,No,No,No,No,0,Bangalore,Standard,0
CUST_00821,59,28.085080951590438,7941.429892421125,Month-to-month,DSL,Yes,Yes,No internet service,No,12,Mumbai,Standard,1
CUST_00822,63,100.84231790386066,1824.7769787643097,One year,No,Yes,No,Yes,No internet service,11,Hyderabad,Premium,1
CUST_00823,71,106.33436544942373,898.0026192481325,Month-to-month,Fiber optic,No,No internet service,No,Yes,18,Bangalore,Premium,1
CUST_00824,10,35.56120623237021,2930.8045852517525,Two year,Fiber optic,No,No internet service,No,No,7,Delhi,Premium,0
CUST_00825,13,104.7521885016608,6344.911417533465,One year,No,No,No,No,No internet service,7,Hyderabad,Standard,0
CUST_00826,59,107.54042572368955,5328.387582738111,Month-to-month,DSL,No,Yes,No internet service,No,11,Delhi,Premium,1
CUST_00827,29,74.04171845342864,3544.776916732686,Month-to-month,No,No,No internet service,Yes,No,3,Hyderabad,Premium,1
CUST_00828,34,84.93026169471408,8201.030983479586,Two year,No,No,Yes,No,Yes,6,Hyderabad,Standard,0
CUST_00829,36,56.98820664147812,6252.23978961457,Two year,DSL,No,No internet service,No,No internet service,15,Delhi,Standard,0
CUST_00830,4,46.742748045945135,542.7086016190979,Month-to-month,Fiber optic,Yes,Yes,No,No internet service,17,Hyderabad,Standard,1
CUST_00831,25,91.64228098906777,6333.963906770038,Month-to-month,No,Yes,Yes,Yes,Yes,5,Pune,Basic,0
CUST_00832,61,105.91126519961243,221.89503119349052,One year,DSL,No,No internet service,No internet service,Yes,17,Bangalore,Standard,0
CUST_00833,3,84.71591040148625,5534.042426681834,One year,DSL,No internet service,No internet service,No internet service,Yes,3,Pune,Standard,1
CUST_00834,41,70.18224228594802,1803.3154174343315,Month-to-month,No,No,Yes,Yes,No internet service,8,Pune,Premium,0
CUST_00835,17,34.2103262181055,5925.222817056565,Two year,DSL,No internet service,No internet service,No internet service,No,12,Bangalore,Basic,0
CUST_00836,39,23.452788685691452,2645.550284306607,One year,No,Yes,No,No internet service,No internet service,18,Mumbai,Premium,0
CUST_00837,71,63.460562605168136,7422.839504079101,Month-to-month,Fiber optic,Yes,No internet service,No,No internet service,11,Mumbai,Basic,0
CUST_00838,38,23.03365549713697,2875.7031619687677,Two year,No,No internet service,Yes,No internet service,Yes,15,Hyderabad,Standard,0
CUST_00839,13,76.07213245453696,5274.260245539247,Two year,Fiber optic,Yes,No internet service,No,Yes,4,Bangalore,Basic,0
CUST_00840,31,57.03837751441267,2443.2375609851288,Month-to-month,DSL,No,No internet service,No internet service,Yes,1,Pune,Standard,0
CUST_00841,50,95.23329020756088,7797.8731458959555,Month-to-month,No,No internet service,Yes,No,No internet service,2,Delhi,Basic,0
CUST_00842,37,49.17614667729071,6642.407911080958,One year,DSL,No internet service,No internet service,Yes,Yes,12,Hyderabad,Premium,0
CUST_00843,22,78.48423549867807,2081.694997154924,Month-to-month,No,Yes,Yes,Yes,Yes,6,Pune,Basic,0
CUST_00844,62,72.84371921902024,8065.693715922551,One year,DSL,No internet service,Yes,No internet service,No,12,Delhi,Basic,0
CUST_00845,14,18.480667403268598,3047.410674785568,Two year,Fiber optic,No internet service,Yes,No,No,15,Chennai,Standard,0
CUST_00846,24,25.383718622959655,5547.118486113084,One year,No,No internet service,Yes,Yes,Yes,13,Mumbai,Premium,0
CUST_00847,16,47.6175576735741,6318.88110631231,Month-to-month,DSL,Yes,No,Yes,No,17,Hyderabad,Premium,0
CUST_00848,65,107.98797826411804,212.25613354538618,One year,No,No internet service,No,No internet service,No internet service,12,Hyderabad,Standard,0
CUST_00849,52,32.995525399777414,8151.961030105763,Two year,No,No internet service,Yes,No,No,13,Delhi,Standard,0
CUST_00850,50,90.51122170697525,2939.551158233029,Two year,Fiber optic,No,No internet service,No,Yes,8,Mumbai,Premium,0
CUST_00851,38,117.2833897475333,1627.7045740836438,Month-to-month,DSL,No,No,Yes,No internet service,7,Delhi,Basic,0
CUST_00852,50,98.63789037449783,7233.703489441121,One year,No,No internet service,Yes,No internet service,No internet service,4,Delhi,Premium,0
CUST_00853,69,42.78042689207848,5979.991716908201,Month-to-month,No,Yes,No,Yes,No,6,Mumbai,Premium,1
CUST_00854,5,110.65325656213433,753.7564383912766,Month-to-month,No,No internet service,Yes,Yes,Yes,15,Chennai,Premium,1
CUST_00855,66,27.496929963855788,1010.7721392377592,Two year,No,Yes,No,No internet service,Yes,9,Bangalore,Standard,0
CUST_00856,6,65.75047807081505,6084.25744688425,One year,No,No,Yes,No internet service,No,2,Pune,Standard,0
CUST_00857,50,108.5292745880942,652.3115770449502,Month-to-month,DSL,No,No,No internet service,No,16,Bangalore,Basic,1
CUST_00858,71,83.40910234420072,7797.48204072232,Two year,No,No internet service,No,No,No,9,Chennai,Basic,0
CUST_00859,41,60.19174560222528,6307.743441589825,Month-to-month,No,Yes,No internet service,No internet service,Yes,10,Mumbai,Premium,0
CUST_00860,63,47.866912407191215,2863.644891011999,One year,No,Yes,No,No internet service,No,19,Hyderabad,Standard,0
CUST_00861,14,56.260139342471696,3096.446725389319,Month-to-month,DSL,Yes,No internet service,Yes,No,9,Mumbai,Premium,0
CUST_00862,28,69.9120616629472,4314.099888003188,One year,No,No internet service,No,No internet service,No,17,Pune,Standard,0
CUST_00863,32,50.542480847026354,3079.742566566918,Two year,No,Yes,Yes,No internet service,Yes,0,Delhi,Premium,0
CUST_00864,26,116.83472193239457,6663.380253299794,Two year,Fiber optic,No,No internet service,Yes,No internet service,3,Pune,Basic,0
CUST_00865,35,113.1739206127468,8285.718759869904,Month-to-month,Fiber optic,Yes,No,No,Yes,2,Mumbai,Premium,1
CUST_00866,28,106.80848975786071,4975.911493946754,Two year,No,Yes,No internet service,No internet service,Yes,19,Bangalore,Standard,0
CUST_00867,37,61.02664322331065,3801.28861327598,Month-to-month,No,No internet service,Yes,Yes,No internet service,5,Hyderabad,Standard,0
CUST_00868,56,88.51278047219336,1907.570257755018,Month-to-month,Fiber optic,No internet service,Yes,No,Yes,5,Pune,Premium,1
CUST_00869,26,110.0885893176684,5560.422262059841,One year,DSL,No internet service,Yes,No,No internet service,16,Chennai,Basic,1
CUST_00870,54,104.74380774325066,5833.062941918199,Month-to-month,DSL,No internet service,Yes,No internet service,No internet service,18,Mumbai,Premium,1
CUST_00871,32,60.26135543006118,5829.7867286958335,One year,Fiber optic,No internet service,Yes,No,No internet service,16,Hyderabad,Premium,0
CUST_00872,67,29.463377030870593,246.88707423655188,Month-to-month,No,Yes,No internet service,No internet service,No internet service,16,Pune,Standard,1
CUST_00873,65,25.714297111124047,7644.353657802115,One year,Fiber optic,Yes,No internet service,No,Yes,16,Hyderabad,Standard,0
CUST_00874,9,76.86053261302166,2885.8198710062766,Two year,DSL,No internet service,No,No,No internet service,2,Bangalore,Basic,1
CUST_00875,4,83.54804939151502,6330.0139973690075,Month-to-month,Fiber optic,No internet service,No,No,No,13,Delhi,Premium,1
CUST_00876,37,104.68394566889646,6462.682186024913,One year,DSL,Yes,Yes,No internet service,No internet service,1,Hyderabad,Basic,0
CUST_00877,12,47.83653207478517,5536.007330285416,Month-to-month,No,No internet service,Yes,No,No internet service,3,Hyderabad,Premium,0
CUST_00878,30,35.08199003610433,3367.2578493098863,One year,No,No,No internet service,Yes,Yes,17,Mumbai,Basic,0
CUST_00879,46,56.65859498417635,5178.31492703777,One year,No,Yes,Yes,Yes,No,1,Chennai,Premium,0
CUST_00880,51,54.06466261049206,358.965299249309,Month-to-month,DSL,No,Yes,No,No internet service,11,Mumbai,Basic,1
CUST_00881,55,31.511833309821185,6480.400109337821,Month-to-month,Fiber optic,Yes,Yes,No internet service,No,14,Bangalore,Premium,0
CUST_00882,14,86.57283055634151,862.7109151209706,Two year,No,Yes,No,Yes,No internet service,12,Hyderabad,Standard,0
CUST_00883,28,69.88657795439634,3383.2413526322216,Two year,DSL,Yes,No internet service,No,Yes,10,Delhi,Premium,0
CUST_00884,7,91.55452112370617,896.8945569742465,Two year,No,Yes,No,Yes,No,6,Hyderabad,Premium,1
CUST_00885,4,53.97449425731294,7118.065449437559,Month-to-month,Fiber optic,Yes,Yes,Yes,No,8,Delhi,Standard,1
CUST_00886,28,51.22162558092563,4685.664901123806,Two year,No,Yes,Yes,Yes,Yes,14,Delhi,Premium,0
CUST_00887,46,66.20273701047327,5878.681329275769,One year,DSL,Yes,No,Yes,Yes,2,Pune,Basic,0
CUST_00888,67,107.49554923030499,5807.661964605043,Month-to-month,DSL,No internet service,No,Yes,Yes,9,Pune,Premium,1
CUST_00889,44,22.108693286865993,7156.504056927435,One year,No,No internet service,No internet service,No,Yes,7,Delhi,Basic,0
CUST_00890,1,100.09294736424015,1142.4536791734322,One year,No,No internet service,Yes,Yes,No,5,Chennai,Standard,0
CUST_00891,26,55.63673649109116,5613.814086914227,One year,DSL,No,Yes,No,Yes,13,Mumbai,Basic,0
CUST_00892,35,105.17114063042473,4896.287049451822,Month-to-month,No,Yes,No,Yes,No,5,Pune,Standard,1
CUST_00893,35,99.82470690125736,280.06939364989705,Month-to-month,No,No internet service,No internet service,No internet service,No internet service,18,Bangalore,Basic,1
CUST_00894,25,53.573647234401015,1726.4691126350112,Two year,No,No internet service,No internet service,No,No internet service,8,Pune,Standard,0
CUST_00895,42,88.77540660280484,2287.541813970069,Two year,Fiber optic,No internet service,Yes,No internet service,Yes,8,Chennai,Premium,0
CUST_00896,26,34.282541190890896,633.4231763901873,Two year,Fiber optic,Yes,Yes,No internet service,Yes,19,Chennai,Basic,0
CUST_00897,68,109.42071832070638,3026.733393633634,Two year,Fiber optic,Yes,No,Yes,No,15,Delhi,Standard,0
CUST_00898,19,59.25808857409476,248.73167892466483,One year,No,No,Yes,Yes,No,12,Chennai,Premium,0
CUST_00899,10,64.47381276623042,4710.102381330062,Month-to-month,DSL,No,No,Yes,No internet service,12,Bangalore,Premium,1
CUST_00900,37,89.98742320577246,1811.9511476377559,Two year,No,Yes,Yes,Yes,No,11,Bangalore,Standard,0
CUST_00901,5,101.7257041438948,2452.3603409290226,One year,No,No,Yes,Yes,Yes,19,Hyderabad,Standard,0
CUST_00902,71,42.10695981947738,7740.620333184832,Month-to-month,Fiber optic,No internet service,Yes,No internet service,No internet service,1,Chennai,Basic,0
CUST_00903,22,85.45771426745354,4282.892514265743,Month-to-month,DSL,No,No internet service,No internet service,No internet service,3,Pune,Standard,0
CUST_00904,46,57.98380047669315,2299.7761648151354,Month-to-month,Fiber optic,No internet service,Yes,Yes,Yes,6,Hyderabad,Premium,0
CUST_00905,45,55.607698248404056,5094.152633460098,One year,DSL,No,Yes,Yes,No,18,Pune,Standard,0
CUST_00906,11,88.38263404194677,1728.5771105460979,Two year,No,No internet service,No internet service,No,Yes,2,Bangalore,Basic,0
CUST_00907,12,57.4926939639053,649.024206651816,Month-to-month,No,No,No internet service,No,No,10,Chennai,Basic,0
CUST_00908,61,53.30306701676958,195.32769802307882,One year,No,No,Yes,No internet service,No internet service,18,Delhi,Basic,0
CUST_00909,59,103.26061762887673,8088.869362881405,Month-to-month,DSL,Yes,No internet service,No internet service,Yes,13,Delhi,Basic,1
CUST_00910,42,28.33016463076265,6164.149010381912,One year,Fiber optic,Yes,No internet service,No internet service,No internet service,16,Chennai,Basic,0
CUST_00911,67,86.9410475286815,6803.160193815987,Two year,Fiber optic,No internet service,No internet service,Yes,No internet service,4,Pune,Basic,0
CUST_00912,4,43.36999016664372,8338.144170412852,Two year,Fiber optic,Yes,No internet service,No internet service,Yes,13,Hyderabad,Standard,0
CUST_00913,36,19.58082066627141,7920.074662352794,Month-to-month,DSL,No internet service,No,No internet service,No internet service,6,Hyderabad,Basic,1
CUST_00914,71,35.00995542501458,6268.49775084341,Two year,DSL,Yes,Yes,No internet service,No,11,Delhi,Standard,0
CUST_00915,30,79.87947603713852,5904.398326207467,Two year,No,Yes,No,No,Yes,16,Hyderabad,Standard,0
CUST_00916,8,90.33097353156562,2875.161674005865,One year,Fiber optic,No internet service,Yes,No internet service,No,19,Delhi,Premium,0
CUST_00917,50,20.147893922744643,900.2743297260563,One year,DSL,No,No internet service,No internet service,No,17,Mumbai,Standard,0
CUST_00918,28,21.715395216775455,4884.314655253779,Month-to-month,Fiber optic,No internet service,No,No,No,0,Delhi,Standard,1
CUST_00919,39,110.05929571398121,4905.780448941439,One year,Fiber optic,No internet service,No internet service,No internet service,Yes,10,Mumbai,Standard,0
CUST_00920,40,25.477193447599422,8094.876654896341,Two year,DSL,No internet service,No internet service,Yes,No,3,Chennai,Basic,0
CUST_00921,10,109.20658017889026,3771.8855821046186,One year,DSL,Yes,No internet service,No,Yes,11,Mumbai,Standard,1
CUST_00922,22,41.27292320259239,5877.430269364072,Two year,No,Yes,Yes,No internet service,No,4,Bangalore,Premium,0
CUST_00923,0,93.48181561613771,4894.900861578994,Month-to-month,No,Yes,No internet service,No,Yes,14,Pune,Standard,0
CUST_00924,45,49.592791392493226,1517.2802632351,Two year,No,No internet service,Yes,No internet service,No,19,Hyderabad,Basic,0
CUST_00925,20,105.59270661213675,5039.8894583772035,One year,Fiber optic,No,Yes,No internet service,No internet service,2,Mumbai,Standard,0
CUST_00926,35,89.4463962732845,4599.26992881544,One year,Fiber optic,No,No internet service,No,No,14,Bangalore,Basic,0
CUST_00927,53,58.9849727773729,4207.310640339154,One year,No,No internet service,Yes,Yes,No internet service,7,Bangalore,Basic,0
CUST_00928,56,25.782850325756115,4372.853323206363,One year,Fiber optic,No internet service,No,No,No internet service,10,Hyderabad,Basic,0
CUST_00929,0,92.73541875482232,1408.9459781551395,Month-to-month,Fiber optic,No,Yes,Yes,No,11,Delhi,Standard,1
CUST_00930,62,80.92224510844852,3949.2181162985244,Two year,Fiber optic,Yes,No internet service,Yes,No,2,Bangalore,Standard,0
CUST_00931,53,18.29699521904645,5155.151051590784,One year,Fiber optic,No internet service,No internet service,No,No internet service,5,Pune,Standard,0
CUST_00932,54,18.960825309189424,4169.508103250745,Two year,DSL,No,No,No internet service,Yes,7,Mumbai,Premium,1
CUST_00933,39,100.49688326565479,4163.0363070599815,Month-to-month,DSL,No,No,Yes,No,6,Hyderabad,Premium,0
CUST_00934,14,44.45877335778909,675.5052144641054,Two year,No,No,Yes,No,No internet service,16,Mumbai,Basic,0
CUST_00935,20,82.88563410826269,1636.1463574058162,One year,No,Yes,Yes,No internet service,Yes,15,Delhi,Premium,0
CUST_00936,46,64.32987081605523,2740.4903801217965,Two year,Fiber optic,No,No,No internet service,No,16,Hyderabad,Standard,0
CUST_00937,72,106.06986148122026,3574.9012024795397,One year,Fiber optic,No,No internet service,No internet service,Yes,12,Bangalore,Standard,0
CUST_00938,52,111.53003353645384,5055.777398808681,One year,DSL,No,No internet service,No,No internet service,3,Mumbai,Standard,0
CUST_00939,8,119.67438669324311,7340.8931765646,Month-to-month,Fiber optic,No internet service,No,No,No,9,Pune,Premium,1
CUST_00940,51,33.67578185233918,1368.0353084679628,Month-to-month,Fiber optic,No internet service,No,No internet service,Yes,15,Mumbai,Basic,0
CUST_00941,56,106.0223327404985,145.97667224711444,Two year,No,No internet service,No internet service,No internet service,No,18,Pune,Premium,0
CUST_00942,25,45.13418042633778,3828.4293432413174,Two year,Fiber optic,No,No internet service,No internet service,Yes,6,Bangalore,Basic,0
CUST_00943,40,78.2632192393418,3683.0967758454294,One year,DSL,No,Yes,No internet service,Yes,17,Bangalore,Standard,0
CUST_00944,34,69.58882905465951,4699.226135276052,One year,Fiber optic,Yes,No,No,No,12,Delhi,Basic,0
CUST_00945,62,19.83478942038354,7085.387064773067,One year,Fiber optic,No,No,No internet service,No,3,Delhi,Premium,0
CUST_00946,24,113.14267055042167,6823.622193433378,One year,Fiber optic,Yes,No,Yes,No,17,Bangalore,Premium,0
CUST_00947,37,25.98935962522028,866.5671385353551,Month-to-month,Fiber optic,No,No internet service,Yes,No internet service,15,Hyderabad,Premium,0
CUST_00948,1,88.19832977958906,7940.148700151546,One year,Fiber optic,Yes,Yes,No,No,17,Bangalore,Standard,0
CUST_00949,6,98.07069729324273,954.5348956286399,Month-to-month,DSL,No internet service,No internet service,Yes,Yes,15,Bangalore,Standard,0
CUST_00950,33,99.1193606028638,5400.4270533873905,Two year,No,No,No,Yes,No,8,Chennai,Premium,1
CUST_00951,16,31.82044093074217,5721.350182277673,Two year,Fiber optic,Yes,No,Yes,No internet service,1,Hyderabad,Standard,1
CUST_00952,42,63.65213495181315,5784.720846626234,Month-to-month,No,No internet service,No,No,No internet service,5,Hyderabad,Premium,1
CUST_00953,58,102.60174478426595,2268.7086381506656,One year,No,No internet service,No,Yes,No,5,Pune,Basic,0
CUST_00954,50,48.87327945863298,2819.9870683506615,Two year,DSL,No,No,No internet service,Yes,5,Delhi,Basic,0
CUST_00955,53,65.71036488821568,4671.877255017184,Month-to-month,No,Yes,No internet service,Yes,No internet service,13,Delhi,Standard,0
CUST_00956,23,45.82497705538427,1710.9011393764345,Two year,Fiber optic,Yes,Yes,Yes,Yes,10,Delhi,Standard,0
CUST_00957,24,65.28224462430308,190.27338816248505,One year,Fiber optic,Yes,No,Yes,No internet service,16,Mumbai,Standard,0
CUST_00958,70,108.55946810447377,4786.109263141739,Month-to-month,Fiber optic,No internet service,No,No internet service,No internet service,3,Hyderabad,Standard,1
CUST_00959,51,64.42267156534248,3964.492847805846,Two year,Fiber optic,Yes,No,No,Yes,3,Chennai,Basic,0
CUST_00960,69,74.70302574158067,5588.394091187405,One year,DSL,No internet service,No internet service,No,Yes,18,Delhi,Premium,0
CUST_00961,32,59.20558089691452,1262.3142842211034,Month-to-month,No,Yes,No internet service,Yes,No internet service,15,Delhi,Premium,1
CUST_00962,48,64.93195268673921,7150.72495591112,Month-to-month,DSL,No internet service,No,No internet service,Yes,7,Delhi,Standard,1
CUST_00963,28,19.54776830273501,1258.2506651221925,Month-to-month,No,No,No,Yes,No,18,Delhi,Premium,0
CUST_00964,62,46.94204201596651,7578.376456592359,Month-to-month,DSL,No internet service,No,No,No,19,Delhi,Standard,1
CUST_00965,21,62.53133561766609,3830.838585956753,Two year,DSL,Yes,No,No,No internet service,0,Mumbai,Premium,0
CUST_00966,25,82.64729155125835,4681.4482099991965,Month-to-month,DSL,No internet service,No,No internet service,No,3,Chennai,Standard,1
CUST_00967,27,63.905296916497,7622.802891646552,Month-to-month,Fiber optic,Yes,No internet service,No internet service,No internet service,11,Hyderabad,Standard,0
CUST_00968,48,52.45733841879953,2561.8624771824825,Month-to-month,Fiber optic,No,No,No,Yes,18,Chennai,Premium,1
CUST_00969,70,57.58607100510403,1560.2565821174471,Month-to-month,DSL,No internet service,No,No,Yes,1,Bangalore,Standard,0
CUST_00970,48,42.71391957844759,3798.8652477906057,Month-to-month,No,No,No,No,No,5,Pune,Premium,1
CUST_00971,19,112.29841684295339,2090.7228323720087,One year,No,No internet service,No internet service,Yes,Yes,19,Hyderabad,Basic,1
CUST_00972,62,71.2178090306733,4495.172057684969,Two year,Fiber optic,No internet service,No,No,No,2,Delhi,Standard,0
CUST_00973,60,19.367764294956558,2352.737206216692,One year,DSL,No,No internet service,No,No internet service,2,Bangalore,Standard,0
CUST_00974,48,19.983518358793756,7350.600240920666,Two year,Fiber optic,No,Yes,No internet service,No,0,Pune,Basic,0
CUST_00975,70,117.24208676510824,5169.327191530031,Month-to-month,Fiber optic,No internet service,No internet service,No,No,8,Bangalore,Standard,0
CUST_00976,0,40.58799092007099,20.041360759297024,Two year,Fiber optic,No internet service,No,No,Yes,6,Bangalore,Basic,0
CUST_00977,12,100.1720454590601,6850.028217554273,Month-to-month,DSL,No internet service,No internet service,No internet service,Yes,8,Bangalore,Premium,1
CUST_00978,50,23.944080759178597,2818.8610401111696,Month-to-month,DSL,No,No,No,Yes,0,Delhi,Basic,1
CUST_00979,55,111.95859914284401,2734.004121602346,One year,Fiber optic,Yes,No internet service,No internet service,No,7,Pune,Premium,0
CUST_00980,61,107.1905343740012,3267.138772524552,One year,DSL,No,No internet service,No internet service,Yes,17,Bangalore,Basic,1
CUST_00981,31,76.25150256832049,5363.886763209172,One year,No,No internet service,Yes,No internet service,No internet service,2,Chennai,Basic,0
CUST_00982,29,18.91786304289209,3767.5589455637996,Two year,No,No internet service,No internet service,No internet service,No,16,Delhi,Basic,0
CUST_00983,28,44.29670915038044,5350.0867060042165,Two year,Fiber optic,No,Yes,No internet service,No,6,Bangalore,Standard,0
CUST_00984,48,59.49591003464343,1262.9940809147909,One year,No,No internet service,Yes,No internet service,No,10,Bangalore,Standard,0
CUST_00985,44,64.9265399082513,8246.934988093295,One year,Fiber optic,No internet service,No internet service,No internet service,No internet service,4,Chennai,Standard,0
CUST_00986,29,48.36323337336195,6206.520527045333,Month-to-month,Fiber optic,No internet service,No internet service,No,No internet service,12,Pune,Standard,0
CUST_00987,15,21.360682561044058,2140.2566830870446,Two year,Fiber optic,No internet service,No internet service,Yes,Yes,10,Mumbai,Premium,0
CUST_00988,39,78.19299540450729,6160.409160290249,Month-to-month,DSL,No internet service,Yes,No,Yes,2,Mumbai,Basic,0
CUST_00989,18,71.4637761048651,4895.365920011225,Two year,DSL,Yes,No,No internet service,No,12,Chennai,Premium,0
CUST_00990,17,46.86606481376593,944.1410674946112,One year,DSL,No,No,No internet service,Yes,19,Pune,Basic,1
CUST_00991,0,21.873548692099867,1529.4620920168854,Two year,DSL,No,Yes,No,No internet service,5,Mumbai,Basic,0
CUST_00992,46,119.4486070966379,368.37565977786454,Two year,Fiber optic,No,Yes,Yes,Yes,14,Hyderabad,Premium,0
CUST_00993,65,67.16259105629341,6881.957323944645,Month-to-month,DSL,Yes,No internet service,No,Yes,1,Pune,Basic,1
CUST_00994,37,95.11243266095586,4697.559711512783,One year,No,Yes,No internet service,No,No,1,Hyderabad,Standard,1
CUST_00995,50,64.13603157523622,2704.6620378510975,One year,No,No,No,No,No internet service,13,Pune,Standard,0
CUST_00996,62,22.403369668020026,1089.6574590031928,One year,DSL,No,No,Yes,No internet service,1,Hyderabad,Premium,0
CUST_00997,3,49.579275998721,4123.677119895936,Month-to-month,No,No,No,No internet service,No internet service,4,Mumbai,Premium,1
CUST_00998,0,50.65123438260192,4473.266742861557,Month-to-month,No,No internet service,No internet service,Yes,Yes,15,Hyderabad,Premium,0
CUST_00999,7,103.51199621299963,5971.9271853166465,Month-to-month,DSL,Yes,No internet service,No,No internet service,7,Hyderabad,Standard,1
CUST_01000,28,84.73145775598718,8245.00741901223,Two year,Fiber optic,Yes,Yes,No,Yes,7,Mumbai,Basic,1
CUST_01001,54,46.09385017122623,3707.2079889153524,Two year,Fiber optic,No internet service,No internet service,Yes,No,10,Chennai,Premium,0
CUST_01002,2,116.70947537522677,3461.9821403334404,Month-to-month,Fiber optic,Yes,No,Yes,No internet service,12,Pune,Basic,1
CUST_01003,31,50.797266904582884,3155.746298933419,Month-to-month,DSL,No,Yes,No internet service,No,14,Delhi,Basic,0
CUST_01004,9,119.81987063452948,7031.968595856915,One year,Fiber optic,Yes,No internet service,No internet service,Yes,3,Hyderabad,Premium,1
CUST_01005,33,119.60869670336685,1343.8826719083356,Two year,Fiber optic,No internet service,No,Yes,No internet service,7,Pune,Premium,1
CUST_01006,54,37.503472810167665,2934.2210486328286,Two year,No,No,No internet service,No internet service,Yes,15,Mumbai,Standard,0
CUST_01007,31,49.89959385121682,6167.202366953065,One year,Fiber optic,Yes,Yes,No,No internet service,15,Delhi,Premium,0
CUST_01008,49,67.57650824543472,151.12444157463105,One year,DSL,No,No internet service,Yes,Yes,9,Delhi,Standard,0
CUST_01009,6,85.73826845708487,2472.5272976235024,One year,Fiber optic,Yes,No,No internet service,Yes,1,Pune,Standard,1
CUST_01010,7,71.86083979838753,5458.754834485449,Month-to-month,No,No,Yes,No,Yes,17,Bangalore,Basic,0
CUST_01011,64,116.88302985149019,1595.2456952428254,Month-to-month,No,No internet service,No,Yes,No,15,Delhi,Standard,0
CUST_01012,56,91.84689475204053,2585.5910473120684,Month-to-month,No,No internet service,Yes,No internet service,No internet service,3,Hyderabad,Basic,1
CUST_01013,66,39.628574637063394,4140.63432176675,Month-to-month,No,Yes,No internet service,No,Yes,19,Chennai,Standard,1
CUST_01014,58,28.719950121791108,3597.6038865548862,Month-to-month,Fiber optic,Yes,No internet service,Yes,No internet service,18,Pune,Premium,0
CUST_01015,71,88.21693165235439,917.3226252015235,Two year,No,No,No,No internet service,Yes,7,Hyderabad,Basic,0
CUST_01016,53,34.16214889843782,7976.1120033722755,Two year,No,No internet service,No internet service,No,No internet service,19,Bangalore,Premium,0
CUST_01017,66,98.34303771424692,393.6908559773109,Two year,No,No,Yes,No,Yes,7,Delhi,Basic,0
CUST_01018,50,49.72574006055437,6377.318059978342,One year,Fiber optic,No internet service,No internet service,No,Yes,13,Pune,Standard,0
CUST_01019,7,51.34311283167187,623.8079443951976,Two year,DSL,No,No internet service,No,No,15,Bangalore,Basic,0
CUST_01020,33,19.10143602373022,3981.603001258723,One year,No,No,No internet service,Yes,No internet service,5,Hyderabad,Premium,0
CUST_01021,34,89.50314924369415,1505.8385758211964,Two year,No,No,No internet service,No,No,17,Hyderabad,Basic,0
CUST_01022,31,29.55351481259795,1214.7915093101442,Month-to-month,No,Yes,No internet service,Yes,Yes,7,Hyderabad,Premium,0
CUST_01023,45,96.83381890127885,1085.866637026912,Two year,Fiber optic,No internet service,No internet service,Yes,No,18,Chennai,Basic,0
CUST_01024,15,68.1705178355551,3858.5362524498937,Month-to-month,Fiber optic,Yes,No internet service,No internet service,No,3,Hyderabad,Standard,0
CUST_01025,67,97.99654112536605,4390.343001423013,Month-to-month,No,Yes,No internet service,Yes,No,3,Hyderabad,Basic,1
CUST_01026,36,77.56050699816961,1149.367274230368,Two year,DSL,No,No,No,No,6,Delhi,Premium,0
CUST_01027,53,26.408193745937055,8325.234584118243,Two year,No,No internet service,No,Yes,No internet service,7,Pune,Standard,0
CUST_01028,13,96.09653834392867,2204.3702523653765,Month-to-month,DSL,Yes,No internet service,Yes,No,8,Pune,Basic,0
CUST_01029,54,25.119547459264474,3909.8922425108067,One year,DSL,No,No,No internet service,Yes,0,Pune,Standard,0
CUST_01030,47,66.8275754980719,1852.3983875793838,One year,Fiber optic,No internet service,No internet service,Yes,Yes,16,Chennai,Premium,0
CUST_01031,6,35.57961984278626,4207.451878703046,Two year,Fiber optic,No internet service,No internet service,No internet service,No,6,Pune,Standard,0
CUST_01032,6,94.73818815374426,6430.532652469674,Month-to-month,Fiber optic,Yes,No internet service,Yes,No,19,Delhi,Premium,1
CUST_01033,32,110.9823052362249,4437.987285245908,One year,DSL,No,No,No internet service,No,9,Bangalore,Basic,0
CUST_01034,22,74.52086866254398,2440.8737214305443,Two year,DSL,Yes,Yes,Yes,Yes,0,Mumbai,Premium,0
CUST_01035,18,71.7690240185164,2124.9000352812627,Two year,DSL,No internet service,No internet service,No,No,17,Pune,Premium,0
CUST_01036,18,95.92424602521302,6455.281633617868,Month-to-month,Fiber optic,Yes,No internet service,Yes,No internet service,13,Delhi,Premium,0
CUST_01037,35,18.518038923524177,1020.896206510165,One year,Fiber optic,No,Yes,No internet service,No,18,Pune,Premium,0
CUST_01038,28,111.6113815487864,3156.055805550585,Two year,Fiber optic,No internet service,No,No internet service,No internet service,17,Chennai,Basic,0
CUST_01039,59,38.13977934329543,1302.8764026582555,One year,No,No,Yes,No,No,12,Delhi,Premium,0
CUST_01040,1,118.3801261502762,2206.150984075796,Two year,DSL,No,No internet service,No,Yes,6,Mumbai,Premium,1
CUST_01041,0,93.09790269196714,1313.0591779373644,Two year,DSL,No internet service,Yes,No internet service,Yes,1,Delhi,Basic,0
CUST_01042,46,96.97361706546845,7539.604417456863,One year,No,No,No internet service,No,No,6,Pune,Premium,0
CUST_01043,68,84.93270399810787,6226.011416028536,One year,DSL,No,No,Yes,No internet service,9,Pune,Basic,0
CUST_01044,19,66.10964464408636,4775.784900947425,Month-to-month,DSL,No,No,Yes,Yes,16,Mumbai,Basic,1
CUST_01045,10,76.30602472283888,1921.5747372071116,Month-to-month,No,No internet service,No,No,Yes,4,Chennai,Premium,0
CUST_01046,1,22.733094373542816,4345.7439483035705,Month-to-month,DSL,No,No internet service,Yes,Yes,8,Delhi,Standard,1
CUST_01047,66,81.64386996206545,4435.707257088308,Month-to-month,Fiber optic,Yes,No,Yes,No,3,Chennai,Basic,1
CUST_01048,11,81.86200640267876,5025.804400996432,One year,No,Yes,Yes,No,No,19,Chennai,Basic,1
CUST_01049,19,108.90248133498457,527.6423035632081,Month-to-month,DSL,No,No,No internet service,No,14,Bangalore,Standard,1
CUST_01050,4,69.57694845788238,8270.154519690463,One year,Fiber optic,Yes,No internet service,Yes,No internet service,13,Bangalore,Standard,1
CUST_01051,36,25.868726156778223,3965.8533486319407,Two year,DSL,Yes,Yes,No,No,17,Delhi,Premium,0
CUST_01052,37,49.231983889172284,7876.842507908594,One year,No,No internet service,Yes,No internet service,No internet service,9,Delhi,Standard,0
CUST_01053,8,84.87420003566038,101.19242900394745,Month-to-month,Fiber optic,No,Yes,Yes,No,15,Pune,Basic,0
CUST_01054,52,42.40440400064932,2117.79031177869,One year,DSL,No internet service,Yes,Yes,No internet service,19,Pune,Standard,0
CUST_01055,43,46.6138378292509,900.0904273977127,One year,No,No,No internet service,No,No internet service,9,Chennai,Basic,0
CUST_01056,23,101.68783966880706,6545.884416323172,One year,DSL,Yes,No,Yes,No,8,Bangalore,Premium,1
CUST_01057,29,77.60061263979631,2733.3006706623405,One year,DSL,No internet service,Yes,No internet service,No internet service,15,Delhi,Standard,0
CUST_01058,58,69.8697980409044,7147.057456382366,One year,Fiber optic,No internet service,No,No,Yes,4,Delhi,Standard,1
CUST_01059,13,50.48210061419204,7078.292672001899,Month-to-month,DSL,Yes,No,No,Yes,18,Delhi,Premium,0
CUST_01060,8,92.5546596651694,5682.235432585326,One year,No,Yes,No,No,No,0,Bangalore,Premium,0
CUST_01061,39,47.34728031798299,5665.161257660014,Month-to-month,No,No,No,No,Yes,0,Delhi,Standard,0
CUST_01062,65,93.18047879970587,5956.754508164331,Two year,Fiber optic,No,No internet service,No internet service,No,4,Chennai,Standard,0
CUST_01063,24,25.150350987279083,5732.864845329747,One year,Fiber optic,Yes,Yes,No internet service,No internet service,6,Delhi,Standard,0
CUST_01064,72,106.18321684137253,3299.7566898786486,Two year,DSL,Yes,Yes,No internet service,Yes,14,Hyderabad,Standard,0
CUST_01065,21,68.95577926434515,5809.744081230407,Month-to-month,No,No internet service,No,No internet service,No internet service,10,Pune,Basic,0
CUST_01066,3,62.72781770329494,7629.805912689586,One year,Fiber optic,No internet service,Yes,No internet service,No,11,Mumbai,Standard,0
CUST_01067,25,80.3243879772763,2838.888358097522,Two year,DSL,No,No,No internet service,No,16,Chennai,Basic,1
CUST_01068,57,81.66759143541958,8032.548720355237,Month-to-month,DSL,No internet service,No internet service,No,No internet service,16,Delhi,Premium,0
CUST_01069,28,31.467588042779546,133.19902855736484,Two year,No,Yes,Yes,No,No,16,Hyderabad,Basic,0
CUST_01070,36,95.13582616125375,2978.9180895657414,One year,No,Yes,No,No,Yes,3,Bangalore,Premium,0
CUST_01071,69,46.144686390906415,1138.4586434631744,One year,DSL,Yes,Yes,No internet service,No,1,Chennai,Standard,0
CUST_01072,17,110.30611177733122,1091.9893899598908,One year,No,Yes,No,No,Yes,9,Chennai,Premium,1
CUST_01073,41,101.42076766831292,6934.4729682061225,Month-to-month,DSL,No,Yes,No internet service,No,4,Delhi,Premium,0
CUST_01074,40,53.319136236544345,7807.600045710543,Two year,DSL,Yes,No internet service,No,Yes,9,Bangalore,Basic,0
CUST_01075,37,100.38940790647288,6614.945512404184,Month-to-month,No,Yes,Yes,No internet service,No,9,Delhi,Premium,1
CUST_01076,33,54.351830928590225,8301.654528494893,Two year,Fiber optic,Yes,No internet service,No internet service,No,10,Hyderabad,Standard,0
CUST_01077,16,28.296663526876145,1852.9023249503084,Month-to-month,DSL,Yes,No internet service,No internet service,No internet service,9,Mumbai,Standard,0
CUST_01078,36,116.1126003500222,1212.2648553625945,One year,No,No,No,Yes,No internet service,10,Pune,Premium,0
CUST_01079,24,84.56540555197488,4434.609479260002,Two year,DSL,No,No,Yes,Yes,5,Pune,Premium,0
CUST_01080,26,64.52215171958434,7049.897048246886,Two year,DSL,No internet service,Yes,No internet service,No internet service,9,Bangalore,Standard,0
CUST_01081,56,58.57288185616604,355.91516848842235,Two year,DSL,No,No internet service,No,No internet service,7,Mumbai,Standard,0
CUST_01082,30,51.11994409434293,8462.387936600999,Month-to-month,No,No,No,No internet service,Yes,10,Hyderabad,Standard,0
CUST_01083,5,118.10765473377118,5126.249971519548,One year,No,No,No internet service,No internet service,No internet service,19,Chennai,Basic,0
CUST_01084,39,31.744221043352553,8321.384450922444,Two year,No,No internet service,No internet service,Yes,Yes,18,Hyderabad,Basic,0
CUST_01085,11,50.110116009897965,3114.6224130888963,Month-to-month,Fiber optic,Yes,No internet service,No internet service,Yes,6,Pune,Standard,0
CUST_01086,52,67.52075930883169,3902.958045765904,Two year,DSL,No internet service,Yes,Yes,Yes,11,Mumbai,Standard,0
CUST_01087,70,66.75595359553976,6399.52975441468,One year,Fiber optic,Yes,No internet service,No,Yes,5,Bangalore,Basic,0
CUST_01088,9,66.07938140960003,6741.685221661105,Two year,DSL,No,No internet service,No,No,11,Delhi,Standard,0
CUST_01089,44,35.92994921469895,1994.586358516738,One year,No,Yes,Yes,No,No,4,Mumbai,Standard,0
CUST_01090,16,32.78311776516905,7904.572814062104,Month-to-month,DSL,No internet service,Yes,No internet service,Yes,12,Bangalore,Basic,1
CUST_01091,25,43.986293805519246,7375.482919402168,Month-to-month,DSL,Yes,No,Yes,No internet service,16,Mumbai,Basic,1
CUST_01092,61,111.28166768780972,172.41738092133025,One year,DSL,Yes,No internet service,No internet service,Yes,8,Pune,Basic,0
CUST_01093,45,29.53140271912003,1108.514673863663,One year,Fiber optic,No,No internet service,No,Yes,19,Chennai,Standard,0
CUST_01094,63,95.25736054407913,4225.895656544745,Month-to-month,No,Yes,Yes,No internet service,No internet service,16,Pune,Standard,1
CUST_01095,1,95.26993609960387,3927.8246707080157,One year,No,Yes,Yes,Yes,Yes,18,Chennai,Standard,1
CUST_01096,53,100.59658119752075,6026.571232405473,One year,DSL,No,No,Yes,No,18,Delhi,Standard,0
CUST_01097,64,108.43477987691426,778.9318916818346,Two year,No,No internet service,Yes,No,Yes,7,Chennai,Basic,1
CUST_01098,50,44.82969010897089,5487.662711405027,Month-to-month,Fiber optic,No,Yes,No,No,7,Hyderabad,Premium,0
CUST_01099,52,40.90506586542743,5246.049755883528,Month-to-month,Fiber optic,Yes,Yes,No,No internet service,14,Pune,Standard,0
CUST_01100,35,65.48157798580293,1999.5614342907722,One year,No,No,Yes,No internet service,No internet service,6,Pune,Standard,0
CUST_01101,25,45.039095212707686,4618.585604924564,One year,Fiber optic,No,No,Yes,No internet service,5,Pune,Standard,0
CUST_01102,28,92.89961887627696,1902.7615297399188,One year,Fiber optic,Yes,No internet service,No internet service,No,15,Delhi,Basic,0
CUST_01103,20,82.86583682762623,1264.2011158673429,Month-to-month,No,No internet service,No internet service,No,Yes,7,Pune,Premium,0
CUST_01104,10,107.24874418137045,4879.330515735826,Two year,No,No,No internet service,Yes,No internet service,2,Mumbai,Standard,1
CUST_01105,39,26.4393069556813,8308.936828545437,Month-to-month,DSL,No internet service,No internet service,No,No internet service,9,Pune,Basic,1
CUST_01106,10,111.33850000252363,2027.6686676747413,Two year,DSL,No,No internet service,Yes,No internet service,9,Hyderabad,Standard,1
CUST_01107,35,47.92155992034913,3031.9612188303986,One year,Fiber optic,Yes,Yes,Yes,Yes,18,Bangalore,Standard,0
CUST_01108,58,68.05082328455237,2194.254102847576,Month-to-month,No,Yes,No internet service,No,Yes,1,Mumbai,Standard,0
CUST_01109,38,62.738366465843654,2278.112207205568,Two year,Fiber optic,No,Yes,Yes,No,8,Pune,Premium,0
CUST_01110,53,95.55178841265123,3446.3576821714255,Month-to-month,No,No,No internet service,Yes,No,0,Pune,Basic,0
CUST_01111,54,60.87399756204794,5971.13844133856,Two year,Fiber optic,No,No internet service,No,Yes,9,Pune,Premium,0
CUST_01112,23,114.24242085623976,347.1399728304767,Two year,Fiber optic,Yes,Yes,Yes,Yes,17,Chennai,Basic,0
CUST_01113,21,110.0584560291347,8136.327427804921,Month-to-month,Fiber optic,No,No internet service,No,No internet service,0,Mumbai,Basic,0
CUST_01114,68,106.96043750088967,410.5459378277973,One year,DSL,Yes,Yes,No internet service,No internet service,11,Chennai,Standard,0
CUST_01115,55,25.268349930119246,7492.789489253755,Month-to-month,No,No,No,No internet service,No,4,Hyderabad,Standard,0
CUST_01116,32,105.13432227850183,7604.115033699275,One year,Fiber optic,Yes,No,No,No internet service,10,Pune,Premium,0
CUST_01117,35,97.72681543520747,4466.717289151301,Two year,DSL,No,No,Yes,Yes,19,Hyderabad,Basic,0
CUST_01118,19,28.558320594625364,1180.0071003460819,Two year,Fiber optic,No internet service,No internet service,No internet service,Yes,13,Hyderabad,Premium,0
CUST_01119,61,28.95626119449463,4811.568122263998,Month-to-month,Fiber optic,No internet service,No internet service,No,No,14,Pune,Standard,0
CUST_01120,72,28.3187087747892,5350.057980295971,Month-to-month,No,Yes,No internet service,No,Yes,1,Delhi,Premium,1
CUST_01121,25,19.15592450685773,7293.511480119918,One year,Fiber optic,No,No internet service,Yes,No,3,Chennai,Standard,0
CUST_01122,65,73.96069912984753,4690.694577277491,One year,No,No internet service,Yes,Yes,No internet service,18,Mumbai,Premium,0
CUST_01123,72,117.28621772647641,3501.637096052115,Month-to-month,DSL,No,No,Yes,No,12,Pune,Premium,1
CUST_01124,72,62.74583969577894,7128.385906270594,One year,DSL,No,Yes,No,Yes,18,Mumbai,Premium,0
CUST_01125,39,73.15726519251035,8338.433145144914,One year,Fiber optic,No,No,No internet service,No internet service,12,Mumbai,Premium,1
CUST_01126,16,116.73291927053546,5489.76538614959,Month-to-month,DSL,No internet service,No,No,Yes,11,Delhi,Basic,1
CUST_01127,0,44.02858733497153,7434.55085040243,Month-to-month,No,Yes,Yes,Yes,Yes,1,Delhi,Premium,1
CUST_01128,60,105.56396576502281,5096.471227016123,Two year,No,No internet service,Yes,Yes,No internet service,4,Chennai,Standard,0
CUST_01129,42,73.73182765559709,5868.781743142213,Two year,DSL,Yes,Yes,No,Yes,17,Delhi,Basic,0
CUST_01130,41,76.0866044956271,5855.03349104993,Month-to-month,No,No internet service,No,Yes,Yes,18,Pune,Basic,0
CUST_01131,24,53.00373343514292,5996.00322237913,Two year,No,No,Yes,Yes,No internet service,2,Hyderabad,Basic,0
CUST_01132,38,75.28160481862463,2740.8360314026704,One year,Fiber optic,No,No internet service,No,Yes,3,Mumbai,Basic,0
CUST_01133,34,25.46053596678496,4900.759963176663,Month-to-month,Fiber optic,No,Yes,No internet service,No,17,Hyderabad,Basic,0
CUST_01134,2,95.99364440663945,5057.458023265733,Two year,No,No internet service,No,Yes,Yes,11,Delhi,Premium,1
CUST_01135,43,47.038151677515714,2690.4375377816336,Month-to-month,DSL,No internet service,No,No internet service,Yes,2,Mumbai,Premium,0
CUST_01136,50,108.53604960838341,2985.4477828624754,Two year,No,Yes,Yes,No internet service,No internet service,10,Bangalore,Premium,0
CUST_01137,11,55.52077084996076,6483.377060871774,Month-to-month,Fiber optic,No internet service,Yes,No internet service,No,13,Hyderabad,Standard,0
CUST_01138,18,32.56805926966202,4960.6636161155075,One year,DSL,Yes,No,No internet service,Yes,2,Bangalore,Standard,0
CUST_01139,43,88.97992058558546,1283.608957023596,Two year,No,No internet service,No,Yes,No internet service,4,Chennai,Premium,1
CUST_01140,58,34.786970760777294,7122.836938008123,Month-to-month,DSL,No,Yes,Yes,Yes,6,Pune,Premium,0
CUST_01141,48,94.87541258538502,7508.57538296438,One year,DSL,No internet service,No internet service,No,Yes,19,Hyderabad,Basic,0
CUST_01142,60,116.74744811342389,3971.8092169781794,Two year,DSL,No,No internet service,Yes,Yes,16,Mumbai,Premium,0
CUST_01143,16,97.5143926171167,1789.9528384184664,Two year,No,No internet service,No internet service,No,No,18,Mumbai,Standard,0
CUST_01144,56,20.289823339995117,8055.598294024407,Month-to-month,Fiber optic,Yes,No,No internet service,No internet service,2,Pune,Basic,0
CUST_01145,54,79.18835038138302,7501.410446255046,One year,DSL,No internet service,No internet service,No,No,0,Bangalore,Premium,0
CUST_01146,46,88.93188843891188,2090.8459724714744,Month-to-month,DSL,No,No internet service,No,Yes,7,Mumbai,Basic,1
CUST_01147,11,102.19674923122109,828.8260713194794,Two year,No,No internet service,Yes,Yes,No,19,Pune,Premium,1
CUST_01148,61,23.712235511778015,3755.6238992315234,Month-to-month,Fiber optic,Yes,Yes,No,Yes,4,Hyderabad,Premium,0
CUST_01149,7,66.9709984511332,5755.199239439899,Month-to-month,Fiber optic,Yes,No internet service,No internet service,No,2,Delhi,Basic,1
CUST_01150,20,72.60782900911622,1505.6459798355654,One year,No,Yes,No,Yes,No internet service,19,Delhi,Basic,0
CUST_01151,69,35.25073598970616,4371.069768818086,One year,DSL,Yes,No internet service,Yes,No,16,Pune,Standard,0
CUST_01152,71,50.889880590486264,3626.3742224194866,Two year,No,No internet service,Yes,Yes,No internet service,12,Mumbai,Premium,0
CUST_01153,24,62.90261607812885,7571.654843862608,One year,Fiber optic,Yes,Yes,No internet service,Yes,12,Chennai,Standard,0
CUST_01154,11,102.98738817169576,3661.5841794700646,Month-to-month,DSL,No internet service,Yes,No,No internet service,3,Hyderabad,Standard,1
CUST_01155,14,112.79957173916111,4545.491371660589,Two year,DSL,No internet service,No internet service,Yes,Yes,17,Chennai,Premium,1
CUST_01156,58,82.09912854960264,8120.737514487457,One year,Fiber optic,No internet service,No,No,No,5,Bangalore,Premium,1
CUST_01157,25,58.284408974189134,2559.985558148057,Month-to-month,DSL,Yes,No internet service,No internet service,No,1,Pune,Standard,0
CUST_01158,25,43.911163815496565,2469.221084731547,Month-to-month,No,Yes,Yes,No internet service,No internet service,14,Mumbai,Standard,0
CUST_01159,46,118.17778881248735,6800.165468068406,Two year,Fiber optic,No internet service,Yes,No internet service,No,1,Pune,Standard,0
CUST_01160,31,118.26803980378855,2372.085680473142,Two year,Fiber optic,No internet service,Yes,Yes,No,19,Bangalore,Premium,1
CUST_01161,9,112.34764871997355,7073.886309960925,One year,DSL,No internet service,Yes,Yes,Yes,19,Chennai,Basic,1
CUST_01162,15,98.13825328753757,828.3330386054726,One year,Fiber optic,No,No internet service,No,No,15,Hyderabad,Premium,0
CUST_01163,70,51.22951346205306,961.717899678911,One year,No,No,No internet service,No,Yes,10,Chennai,Standard,0
CUST_01164,16,101.33404931675832,7663.02485964863,One year,Fiber optic,Yes,No,Yes,No internet service,16,Delhi,Basic,1
CUST_01165,22,59.6968877616596,4605.169780016016,Two year,DSL,No,Yes,No internet service,No,0,Chennai,Premium,0
CUST_01166,25,51.33085601181461,6114.982610100533,Month-to-month,Fiber optic,No internet service,No internet service,No internet service,No internet service,12,Chennai,Basic,1
CUST_01167,6,93.97626656356051,1928.9003807781007,Month-to-month,DSL,No internet service,No internet service,Yes,No,7,Chennai,Basic,1
CUST_01168,13,26.124700617283136,1428.3391926170425,One year,DSL,Yes,Yes,No,No internet service,2,Chennai,Standard,0
CUST_01169,6,22.953397776157495,7100.082052257254,Two year,No,Yes,No internet service,No internet service,No internet service,13,Hyderabad,Premium,0
CUST_01170,8,63.69127711248093,3059.843738371196,One year,Fiber optic,No,Yes,Yes,Yes,13,Mumbai,Premium,0
CUST_01171,47,63.45515768386051,3877.5866753927567,One year,No,No internet service,No,No,No,13,Hyderabad,Basic,0
CUST_01172,71,109.35570361251116,255.25763268959489,Two year,No,Yes,Yes,No,No internet service,18,Pune,Premium,0
CUST_01173,58,30.86761582135731,3291.0403874247413,Month-to-month,Fiber optic,Yes,Yes,No internet service,Yes,10,Bangalore,Premium,1
CUST_01174,38,30.574960600146106,6552.853488516067,Month-to-month,No,No,No internet service,No internet service,No internet service,11,Delhi,Premium,0
CUST_01175,17,33.04016524843992,6984.056053741288,One year,No,Yes,No,No internet service,No internet service,0,Mumbai,Premium,1
CUST_01176,58,21.033098652049468,5944.838119301719,Two year,DSL,No,No,No internet service,No internet service,0,Pune,Standard,0
CUST_01177,16,25.316637257120654,5889.068499918021,Month-to-month,No,No internet service,No internet service,No,No,13,Pune,Standard,0
CUST_01178,13,85.30672641656199,4311.921459277093,Month-to-month,Fiber optic,No,No,Yes,No,17,Delhi,Premium,1
CUST_01179,30,62.02160156998594,4584.109370781819,Two year,DSL,Yes,No,No,No internet service,1,Delhi,Premium,0
CUST_01180,23,95.88751284297739,6317.002476469083,Two year,No,No,Yes,No internet service,No internet service,3,Mumbai,Premium,0
CUST_01181,59,119.24496729532935,2115.613857656745,Month-to-month,No,No,No internet service,Yes,No internet service,17,Pune,Premium,1
CUST_01182,44,85.22153747209813,1981.727772863047,One year,Fiber optic,No internet service,No,No,No,3,Pune,Premium,1
CUST_01183,2,23.14646820325262,8075.2623564390115,One year,No,No,No,Yes,No internet service,16,Mumbai,Standard,0
CUST_01184,36,28.665412204942832,252.86561948793272,Month-to-month,Fiber optic,Yes,No,No,No internet service,15,Pune,Basic,0
CUST_01185,42,107.8624166511002,1200.9460628080697,One year,No,Yes,Yes,Yes,No internet service,15,Bangalore,Basic,1
CUST_01186,39,71.80458634494268,4855.559639038986,One year,No,No internet service,Yes,No,No internet service,8,Hyderabad,Basic,0
CUST_01187,54,102.13339025836548,6276.315101839392,Two year,Fiber optic,No internet service,No internet service,No,No,9,Mumbai,Standard,0
CUST_01188,38,105.37445829494246,4580.3921658788695,Two year,DSL,No internet service,No internet service,No internet service,Yes,6,Pune,Standard,0
CUST_01189,14,112.62280323295096,3029.6528154705475,Two year,Fiber optic,Yes,Yes,No,Yes,8,Bangalore,Premium,0
CUST_01190,3,114.8825789596093,8313.193444351871,One year,DSL,No,No internet service,No internet service,No internet service,15,Chennai,Standard,0
CUST_01191,24,74.59223124333724,5988.078475296798,Two year,DSL,Yes,No internet service,No,Yes,16,Mumbai,Standard,0
CUST_01192,12,52.78405757011546,7069.857113930964,Two year,Fiber optic,Yes,No internet service,Yes,Yes,15,Hyderabad,Premium,0
CUST_01193,32,116.11021718349586,359.37398686434676,Month-to-month,Fiber optic,No internet service,Yes,Yes,No,15,Chennai,Premium,1
CUST_01194,15,73.83545341212498,2019.0743770352403,Two year,No,No internet service,Yes,No internet service,No internet service,19,Chennai,Premium,0
CUST_01195,41,24.553777741370325,3191.719215843782,Month-to-month,No,No,No,No,No,18,Chennai,Basic,0
CUST_01196,65,83.56320810610623,1566.8250585338824,One year,DSL,No,No,No internet service,Yes,9,Chennai,Basic,0
CUST_01197,54,77.94384454029111,636.3316311189866,Two year,No,No,No,Yes,Yes,1,Delhi,Premium,0
CUST_01198,41,109.37087303526002,1927.2274990920776,Month-to-month,Fiber optic,No,No,No,No internet service,2,Hyderabad,Premium,0
CUST_01199,33,84.62509329409687,4544.297424152595,Month-to-month,DSL,Yes,No internet service,No internet service,No internet service,6,Bangalore,Basic,1
CUST_01200,29,53.603347295078244,5919.311196561574,Month-to-month,No,No,No internet service,Yes,No,1,Mumbai,Premium,0
CUST_01201,12,116.55502402199369,6583.2454685898165,One year,No,Yes,Yes,Yes,No internet service,12,Bangalore,Premium,1
CUST_01202,12,99.76518757016743,382.1844655879762,Two year,Fiber optic,Yes,No internet service,No,Yes,3,Delhi,Basic,1
CUST_01203,17,82.30259707489815,3648.1787127071984,One year,Fiber optic,No,No internet service,No,No,14,Chennai,Standard,1
CUST_01204,31,47.87837074711854,1054.5986519710857,Month-to-month,No,No,No internet service,No,No,17,Pune,Premium,0
CUST_01205,38,56.10111022405815,3675.4416778237064,One year,DSL,Yes,No,No internet service,No internet service,6,Mumbai,Basic,0
CUST_01206,45,86.33693225785898,3698.983152238343,One year,DSL,No internet service,Yes,No internet service,No internet service,17,Hyderabad,Basic,0
CUST_01207,28,25.342043483258813,4243.831526693251,Month-to-month,Fiber optic,No,No,No,Yes,6,Mumbai,Basic,0
CUST_01208,61,44.181420348326874,7590.989371964796,Two year,Fiber optic,No internet service,No internet service,No,No,8,Mumbai,Standard,0
CUST_01209,61,90.81789520645299,6846.8200532575265,Two year,Fiber optic,Yes,No internet service,No,No,11,Bangalore,Premium,0
CUST_01210,56,66.96188800415133,5418.666208446875,One year,No,No internet service,Yes,Yes,No,0,Pune,Premium,0
CUST_01211,15,59.044143611071874,7528.024913122208,Two year,No,Yes,No,No,No,1,Chennai,Premium,0
CUST_01212,55,33.44867748484228,5772.7708051922145,Month-to-month,Fiber optic,No internet service,No internet service,No internet service,Yes,17,Hyderabad,Standard,0
CUST_01213,9,63.06860151672873,6963.527777192404,Two year,DSL,No internet service,Yes,Yes,Yes,13,Mumbai,Basic,0
CUST_01214,29,96.61058101754385,4799.967548947362,One year,Fiber optic,No internet service,No internet service,No,Yes,5,Delhi,Basic,0
CUST_01215,24,44.92931029933309,4472.901210333299,Month-to-month,Fiber optic,Yes,No internet service,No internet service,No internet service,10,Delhi,Premium,0
CUST_01216,4,18.550651302735098,6159.792813195368,Month-to-month,DSL,Yes,Yes,Yes,Yes,18,Pune,Standard,1
CUST_01217,64,86.18749991740025,185.00474417832064,Month-to-month,DSL,Yes,Yes,Yes,Yes,7,Chennai,Basic,0
CUST_01218,48,117.20791365212035,5873.782562577733,One year,DSL,No,No internet service,No internet service,Yes,4,Pune,Standard,0
CUST_01219,2,79.89630948603545,7944.583528505821,One year,DSL,Yes,Yes,No internet service,Yes,6,Mumbai,Premium,0
CUST_01220,44,30.232029610567274,6073.656721090528,Two year,No,No,No internet service,Yes,No internet service,3,Chennai,Standard,0
CUST_01221,13,50.71477541915665,330.0843694890073,One year,No,Yes,No,No internet service,No,14,Mumbai,Premium,1
CUST_01222,29,106.49944470146279,3223.2260050342443,Month-to-month,Fiber optic,No,No internet service,Yes,No,0,Hyderabad,Standard,0
CUST_01223,67,41.721943574196516,6884.868605865049,One year,No,No internet service,Yes,Yes,No internet service,4,Delhi,Standard,0
CUST_01224,17,79.98498215675602,8148.917721476771,One year,Fiber optic,No internet service,No,Yes,Yes,16,Pune,Basic,1
CUST_01225,61,59.072463241907776,3157.725582507752,Two year,Fiber optic,Yes,Yes,Yes,No,12,Bangalore,Basic,0
CUST_01226,36,39.2000595848042,7153.007981947934,Month-to-month,DSL,No,No internet service,No,No,16,Pune,Standard,0
CUST_01227,24,100.96750314359733,7344.835362307434,Two year,DSL,No internet service,Yes,No internet service,No,18,Chennai,Basic,0
CUST_01228,47,93.7687901995004,1063.7152390835563,Two year,No,No internet service,No internet service,No,No,3,Hyderabad,Premium,0
CUST_01229,64,85.48228872784507,7191.977774707906,Two year,No,No,Yes,No,Yes,16,Delhi,Premium,0
CUST_01230,52,42.10633220741262,2768.287614806733,Month-to-month,No,Yes,Yes,No,No,11,Hyderabad,Basic,0
CUST_01231,72,27.981414277077903,5049.84235431787,Two year,No,No internet service,No internet service,No,No internet service,17,Pune,Basic,0
CUST_01232,14,76.76825164224854,4589.4766963811635,Month-to-month,DSL,Yes,No,Yes,No internet service,10,Pune,Basic,1
CUST_01233,48,74.4751390210222,5642.022872209775,Two year,DSL,Yes,No internet service,Yes,No,3,Bangalore,Standard,0
CUST_01234,67,37.21527095215705,6298.621169313202,Two year,No,No,No,Yes,Yes,11,Mumbai,Standard,0
CUST_01235,11,23.737162820147596,3757.553470000796,Month-to-month,Fiber optic,No,No,Yes,No,8,Mumbai,Premium,1
CUST_01236,58,26.23226232778657,7552.652393468941,One year,DSL,No internet service,No,No,No,17,Hyderabad,Standard,0
CUST_01237,36,119.26264062429884,6884.165611685163,Two year,DSL,No,No,Yes,No,8,Hyderabad,Basic,0
CUST_01238,60,97.92555726377414,6679.941707839146,One year,DSL,No internet service,No internet service,No,No internet service,0,Chennai,Standard,1
CUST_01239,42,112.0427225484476,3904.849713286663,Two year,DSL,No internet service,No internet service,Yes,No internet service,5,Hyderabad,Standard,0
CUST_01240,69,37.89558166810906,336.6932177339834,One year,No,No internet service,No,No internet service,Yes,18,Mumbai,Standard,0
CUST_01241,38,115.97799070499038,4193.318838906206,One year,No,Yes,No,No internet service,No,0,Pune,Basic,1
CUST_01242,55,32.550743850262535,7638.61502061096,One year,Fiber optic,Yes,No,No internet service,No,7,Hyderabad,Standard,0
CUST_01243,62,69.92634651378006,1633.398219862975,One year,DSL,No,No,No internet service,No,5,Delhi,Standard,0
CUST_01244,45,102.62895981054052,8352.349347593807,One year,No,No,No,Yes,No,3,Delhi,Standard,1
CUST_01245,10,53.6799421601811,6868.83183895172,Month-to-month,No,No internet service,No,No internet service,No internet service,2,Mumbai,Basic,1
CUST_01246,61,61.33251038404385,6038.776298136473,One year,DSL,No internet service,Yes,No internet service,Yes,12,Hyderabad,Standard,0
CUST_01247,24,31.07488125050798,5761.670763097125,Month-to-month,No,Yes,No,No,No internet service,1,Pune,Premium,1
CUST_01248,70,30.53803175989522,4997.153530562175,Two year,No,Yes,Yes,No internet service,No,12,Hyderabad,Premium,0
CUST_01249,51,81.19595892742328,6130.725681799138,Month-to-month,No,No internet service,No internet service,Yes,No internet service,14,Hyderabad,Basic,0
CUST_01250,3,86.90430159924578,3596.602927852276,One year,Fiber optic,No internet service,No internet service,No,Yes,7,Delhi,Basic,0
CUST_01251,58,97.28791643638371,7187.733732226739,Month-to-month,No,No,No,Yes,No,11,Mumbai,Standard,1
CUST_01252,71,74.78156937353886,5924.406399600172,One year,DSL,No internet service,No internet service,No,No,7,Chennai,Basic,0
CUST_01253,19,83.8674478106532,6559.768899203335,Month-to-month,DSL,No internet service,No internet service,Yes,No internet service,18,Pune,Standard,0
CUST_01254,62,19.378761713371446,6739.878314811838,Two year,DSL,No internet service,No,No internet service,No internet service,8,Delhi,Standard,0
CUST_01255,53,34.54141416799318,798.9381277029113,One year,No,Yes,No internet service,No,No internet service,9,Mumbai,Standard,0
CUST_01256,56,118.46130613372428,489.9450339373931,One year,Fiber optic,Yes,No internet service,No internet service,Yes,6,Mumbai,Standard,1
CUST_01257,40,25.751337644214843,6811.962136487529,Month-to-month,No,No,No,Yes,Yes,9,Chennai,Basic,1
CUST_01258,2,87.23639867054499,2218.0952664464044,Month-to-month,DSL,No,No,Yes,Yes,2,Bangalore,Premium,1
CUST_01259,5,35.960428569235056,4954.2679073152085,Month-to-month,Fiber optic,No,No,No,No,1,Chennai,Basic,1
CUST_01260,4,91.10529574829947,3781.5554739674412,Month-to-month,Fiber optic,No internet service,Yes,Yes,No,6,Chennai,Standard,0
CUST_01261,4,90.01102110212334,204.93652550887356,Month-to-month,No,No internet service,No,Yes,No internet service,9,Mumbai,Premium,1
CUST_01262,53,41.8883040983852,359.66563176631473,One year,DSL,Yes,No internet service,No,No,7,Bangalore,Standard,0
CUST_01263,46,45.502708720358825,7033.676305008745,Two year,No,No internet service,No,No internet service,Yes,11,Bangalore,Standard,0
CUST_01264,48,84.786612787413,5172.321076547356,Month-to-month,DSL,No internet service,Yes,No,No,19,Hyderabad,Standard,1
CUST_01265,8,57.78877595558179,4461.236993845918,One year,Fiber optic,Yes,No internet service,Yes,No internet service,16,Chennai,Standard,1
CUST_01266,19,37.84389290939095,8027.994372007386,Two year,No,No,Yes,Yes,No internet service,8,Chennai,Premium,0
CUST_01267,60,92.63131907632314,1486.3616499284622,Two year,Fiber optic,No internet service,No internet service,No,No internet service,19,Bangalore,Basic,0
CUST_01268,34,33.723047482306086,2206.108661985929,Month-to-month,DSL,Yes,No,No,No internet service,2,Bangalore,Basic,1
CUST_01269,49,105.27565374278456,6436.660861594591,One year,Fiber optic,Yes,Yes,No internet service,No,3,Pune,Basic,1
CUST_01270,61,70.4962914532864,6593.545203539157,One year,Fiber optic,No,No,Yes,No internet service,6,Bangalore,Premium,1
CUST_01271,16,28.78146159568867,3452.3380201969926,One year,Fiber optic,Yes,No internet service,Yes,No,17,Mumbai,Premium,0
CUST_01272,2,88.79537802016041,8084.1990826483725,One year,No,No,No,No internet service,No internet service,16,Mumbai,Basic,1
CUST_01273,31,70.95463003660313,7976.275328180077,One year,DSL,No,No,No,No internet service,2,Mumbai,Premium,0
CUST_01274,12,48.40187232307057,123.25920314027314,Two year,Fiber optic,No,No internet service,No,No,2,Pune,Standard,0
CUST_01275,72,61.099016782833196,1479.6852676540298,Two year,Fiber optic,No,Yes,No internet service,Yes,12,Chennai,Basic,0
CUST_01276,67,48.43044984592487,6975.101304362596,Two year,Fiber optic,No,No internet service,No,Yes,16,Pune,Standard,0
CUST_01277,13,44.82863524576398,2861.3079206942025,One year,Fiber optic,Yes,No internet service,No internet service,Yes,17,Pune,Premium,0
CUST_01278,10,34.688058926058645,827.7144407319444,Two year,DSL,No internet service,No,No,Yes,18,Bangalore,Standard,1
CUST_01279,55,55.00224758002254,6676.362997460836,Two year,DSL,No,No internet service,No,No internet service,16,Mumbai,Premium,0
CUST_01280,66,43.60069504423922,3873.7772942889264,Month-to-month,No,No,Yes,No,No,15,Hyderabad,Basic,0
CUST_01281,28,87.71031767949954,4194.628292919784,Two year,DSL,No internet service,No internet service,No internet service,Yes,15,Bangalore,Basic,0
CUST_01282,8,87.75542759865725,1598.7851559387648,Month-to-month,DSL,No internet service,No internet service,No internet service,No internet service,0,Pune,Basic,1
CUST_01283,66,69.18770474067512,5623.711847509985,One year,Fiber optic,No,No,No internet service,No,13,Bangalore,Premium,0
CUST_01284,24,97.35034180197275,4693.628860316043,One year,No,No internet service,Yes,Yes,No internet service,14,Pune,Standard,0
CUST_01285,41,103.81665133861692,1770.999858326941,One year,No,No,No,Yes,Yes,3,Bangalore,Premium,0
CUST_01286,8,77.13617865829586,2904.691854581352,One year,Fiber optic,Yes,No,No internet service,No,19,Mumbai,Standard,0
CUST_01287,39,81.13138660187025,5080.730115185411,Two year,No,No internet service,Yes,Yes,No,10,Delhi,Premium,0
CUST_01288,24,46.85436279820925,7862.766470586184,Month-to-month,DSL,No internet service,Yes,Yes,No internet service,17,Hyderabad,Standard,0
CUST_01289,4,109.27665847196302,7824.632203426892,One year,No,Yes,No internet service,No,No internet service,16,Hyderabad,Basic,0
CUST_01290,10,20.469016531098042,2460.0178810994507,One year,Fiber optic,No internet service,Yes,No,No,8,Delhi,Standard,0
CUST_01291,58,53.55745188317026,6257.537133359344,Month-to-month,No,Yes,No,No,Yes,13,Hyderabad,Standard,1
CUST_01292,37,91.62364299808532,6595.952841002952,Month-to-month,No,No,Yes,Yes,Yes,2,Mumbai,Basic,1
CUST_01293,71,26.169129986458447,6878.4375340540655,Month-to-month,No,No internet service,Yes,Yes,No,19,Bangalore,Premium,0
CUST_01294,4,36.68329179768585,4859.205699262054,Month-to-month,Fiber optic,No internet service,Yes,No internet service,No,19,Delhi,Standard,1
CUST_01295,47,78.10714424201082,107.12883988070372,Month-to-month,DSL,Yes,No,Yes,Yes,3,Bangalore,Premium,0
CUST_01296,17,75.11935448928291,6478.53825315508,Two year,No,No,No internet service,Yes,Yes,15,Pune,Standard,0
CUST_01297,69,93.37068620535742,922.1595694525471,Month-to-month,DSL,No,No internet service,No internet service,No internet service,11,Hyderabad,Standard,1
CUST_01298,36,100.88648918699353,1009.3030979214483,Two year,DSL,Yes,No,No internet service,No internet service,7,Chennai,Premium,1
CUST_01299,59,31.11511700819025,5154.909576044667,Month-to-month,DSL,No internet service,No internet service,No internet service,Yes,8,Hyderabad,Standard,0
CUST_01300,47,19.874860957074688,8360.221059336609,Month-to-month,No,No internet service,No internet service,No,No,10,Hyderabad,Standard,1
CUST_01301,27,88.34312900520843,2075.2198122405143,One year,DSL,Yes,No,No internet service,No,4,Delhi,Premium,0
CUST_01302,68,48.74196316816864,5495.767884594343,One year,No,Yes,No,No,No internet service,11,Bangalore,Premium,0
CUST_01303,39,81.85035921963126,2593.590223146332,One year,No,Yes,No internet service,Yes,No,19,Delhi,Premium,1
CUST_01304,44,33.35554798234692,7640.994895644512,One year,No,No internet service,Yes,Yes,No,1,Mumbai,Premium,0
CUST_01305,61,65.84208475992821,5052.210278909794,One year,DSL,Yes,No internet service,No,No,10,Bangalore,Standard,0
CUST_01306,57,69.45132409847056,1777.822693182186,One year,No,No,Yes,No,No,10,Mumbai,Basic,0
CUST_01307,66,77.67793727006804,2241.395569878123,Month-to-month,Fiber optic,Yes,No,No,No internet service,0,Mumbai,Premium,0
CUST_01308,55,70.34334166571756,3686.301555406502,Month-to-month,Fiber optic,No,Yes,Yes,No,16,Delhi,Premium,0
CUST_01309,39,68.56045856332881,1053.1734931368712,One year,Fiber optic,No,Yes,Yes,Yes,16,Hyderabad,Standard,0
CUST_01310,39,51.938883706353266,685.8164296108514,One year,No,Yes,Yes,No internet service,No internet service,3,Pune,Basic,0
CUST_01311,32,25.260384104444796,5786.280758734164,One year,Fiber optic,No,No,No internet service,No,13,Chennai,Basic,0
CUST_01312,5,27.131060073277915,3471.574056639918,Month-to-month,No,No internet service,No internet service,Yes,No,4,Pune,Premium,1
CUST_01313,18,62.24538398952967,6177.84716664369,One year,No,Yes,No internet service,No internet service,No,3,Hyderabad,Premium,0
CUST_01314,39,54.29089903774129,951.5136561119054,One year,No,No internet service,Yes,No internet service,No internet service,5,Hyderabad,Basic,0
CUST_01315,58,70.64575007679878,5190.879577297093,Month-to-month,DSL,No internet service,No internet service,No,No,17,Bangalore,Basic,1
CUST_01316,58,49.09349326413923,3778.1282213621384,Month-to-month,Fiber optic,No,No,Yes,No internet service,12,Delhi,Premium,0
CUST_01317,47,88.16682932844309,509.9445871045163,Two year,No,No internet service,No,No,Yes,5,Bangalore,Basic,0
CUST_01318,40,106.12339184497007,4639.010379736836,One year,Fiber optic,No internet service,No,Yes,No,14,Chennai,Standard,1
CUST_01319,12,48.4840452562605,720.3458581287772,Month-to-month,Fiber optic,Yes,No,Yes,No internet service,4,Delhi,Basic,0
CUST_01320,44,37.68436880978092,7038.718900763331,Two year,DSL,Yes,No internet service,No,Yes,5,Pune,Basic,0
CUST_01321,52,29.85041857391709,5378.263221438225,Month-to-month,Fiber optic,No internet service,Yes,Yes,No internet service,17,Pune,Basic,1
CUST_01322,41,80.85791213822287,4742.198621356123,Two year,No,No,Yes,No,No,6,Pune,Basic,0
CUST_01323,62,63.27331109633808,1150.0840959116479,Two year,No,No,Yes,No,No internet service,5,Hyderabad,Standard,0
CUST_01324,26,37.17760315402147,2456.211236741632,One year,Fiber optic,Yes,No,Yes,No,7,Mumbai,Standard,0
CUST_01325,37,84.61994679576925,4198.573359501609,One year,Fiber optic,Yes,No internet service,Yes,No internet service,4,Hyderabad,Basic,0
CUST_01326,59,33.14528466653901,5389.510762691834,Two year,DSL,Yes,No internet service,No,Yes,3,Hyderabad,Basic,0
CUST_01327,6,74.53867199649116,1572.1629563709637,One year,No,No,No internet service,No internet service,No,18,Delhi,Basic,1
CUST_01328,4,71.769134925777,93.20377112939364,Month-to-month,Fiber optic,Yes,No internet service,No internet service,Yes,9,Hyderabad,Standard,1
CUST_01329,44,92.8912357209805,2942.2559084181653,Month-to-month,Fiber optic,No internet service,No internet service,Yes,No,8,Chennai,Premium,0
CUST_01330,57,23.62118327394801,4113.715677546058,Two year,No,No,No internet service,Yes,No internet service,0,Hyderabad,Basic,0
CUST_01331,30,108.56303904883569,1582.3649944720835,Two year,Fiber optic,No internet service,Yes,No internet service,Yes,18,Mumbai,Premium,0
CUST_01332,22,89.70515606697559,4192.547820663855,Month-to-month,DSL,Yes,No,Yes,No,11,Delhi,Standard,1
CUST_01333,41,40.04485183157375,2889.037052384537,Month-to-month,Fiber optic,No,Yes,Yes,Yes,18,Pune,Basic,1
CUST_01334,9,36.707345558193445,3878.070547914551,Two year,Fiber optic,Yes,No internet service,No internet service,Yes,12,Chennai,Standard,1
CUST_01335,31,62.02934184266591,2965.136640407634,Month-to-month,DSL,No,No,Yes,No,14,Pune,Basic,1
CUST_01336,52,101.39166361354889,5348.664301891639,Month-to-month,DSL,Yes,No,No internet service,No internet service,1,Delhi,Premium,1
CUST_01337,29,103.98089930018892,381.852447247475,Two year,DSL,No,No,No internet service,Yes,19,Mumbai,Premium,1
CUST_01338,38,71.08652139821707,1467.6186693073284,One year,No,No,No,No internet service,No,11,Bangalore,Basic,0
CUST_01339,30,105.80270799404722,3688.5928717994984,Month-to-month,Fiber optic,No,No internet service,Yes,Yes,17,Chennai,Basic,1
CUST_01340,1,18.555258337552438,3040.1087413108485,One year,Fiber optic,No internet service,No internet service,No,Yes,3,Mumbai,Premium,0
CUST_01341,11,21.587812416222853,3339.822250400276,One year,DSL,Yes,No,No,No internet service,19,Pune,Standard,1
CUST_01342,38,111.00580255094776,6835.498213976229,Month-to-month,No,Yes,No internet service,No,No,11,Bangalore,Basic,0
CUST_01343,65,97.08385684836344,7535.865125254156,One year,DSL,No,No,Yes,No,19,Pune,Standard,0
CUST_01344,12,63.97201794153934,2127.2086216263892,Two year,Fiber optic,No internet service,No internet service,Yes,Yes,12,Mumbai,Basic,0
CUST_01345,45,94.8682334107547,7112.268973348443,Month-to-month,No,No,No,Yes,No internet service,3,Bangalore,Basic,1
CUST_01346,26,115.475225095789,3909.455637392815,Month-to-month,No,Yes,No internet service,Yes,No internet service,13,Bangalore,Basic,0
CUST_01347,16,96.75313143589108,2340.546492785725,One year,Fiber optic,Yes,Yes,No,No internet service,17,Delhi,Premium,0
CUST_01348,59,103.92187604946884,8376.638394261681,Month-to-month,No,No,Yes,No internet service,No,5,Hyderabad,Premium,0
CUST_01349,63,95.5818713017863,7013.968794944607,Month-to-month,No,No,No internet service,Yes,No,0,Hyderabad,Basic,0
CUST_01350,34,35.15753142822125,8451.256652491998,One year,DSL,No,No internet service,Yes,Yes,9,Mumbai,Standard,0
CUST_01351,69,103.02455918386515,1444.5942335204559,One year,No,Yes,Yes,Yes,No internet service,17,Bangalore,Basic,1
CUST_01352,29,37.901099642469426,1238.073560425737,Month-to-month,DSL,No,No internet service,No internet service,No internet service,18,Hyderabad,Standard,1
CUST_01353,70,109.046355460503,4287.651796873038,Month-to-month,No,No,No,No,No,1,Mumbai,Basic,1
CUST_01354,62,64.78228960426975,5434.976372613086,Two year,DSL,Yes,No internet service,Yes,Yes,14,Mumbai,Standard,0
CUST_01355,27,87.0516287357249,1468.9317048678886,Two year,DSL,No,No internet service,No,No,2,Chennai,Standard,0
CUST_01356,59,68.71856648382564,7316.172926727018,Month-to-month,No,No internet service,Yes,Yes,No,7,Delhi,Basic,0
CUST_01357,36,27.587074800493408,4530.538326022648,Month-to-month,DSL,Yes,Yes,No,Yes,18,Delhi,Basic,0
CUST_01358,21,47.653675377307835,3503.608629377532,Two year,Fiber optic,No,No internet service,Yes,No internet service,10,Pune,Basic,0
CUST_01359,67,118.34064910769462,5124.619253767197,One year,Fiber optic,No,No,No,No internet service,13,Bangalore,Premium,0
CUST_01360,19,115.99290467032137,5403.677393430957,Month-to-month,No,Yes,No internet service,Yes,Yes,15,Hyderabad,Standard,1
CUST_01361,67,50.689663560865824,380.88778930454185,Two year,No,Yes,No,Yes,No internet service,9,Bangalore,Basic,0
CUST_01362,63,119.62227403301303,8499.089598992228,Two year,No,No internet service,No,No,Yes,16,Hyderabad,Premium,1
CUST_01363,16,104.24622194068375,3104.765850455561,Month-to-month,Fiber optic,No,No internet service,No,Yes,14,Hyderabad,Basic,0
CUST_01364,11,80.31786894208997,540.0047310897395,Month-to-month,No,No,No,No internet service,No,10,Hyderabad,Premium,1
CUST_01365,21,22.09271126662297,7247.40516844592,Two year,No,No,Yes,No internet service,No internet service,7,Pune,Premium,0
CUST_01366,16,109.94757661291472,8440.784437078832,Month-to-month,DSL,Yes,No,No internet service,No internet service,7,Hyderabad,Standard,1
CUST_01367,9,74.85778648496061,6942.352875170877,One year,No,Yes,No,No internet service,Yes,6,Hyderabad,Basic,1
CUST_01368,64,106.5845674226825,7243.667278991212,Month-to-month,Fiber optic,Yes,No,No,No,19,Chennai,Premium,1
CUST_01369,21,103.11177023038572,5327.181638809383,Two year,Fiber optic,No,Yes,No internet service,No,11,Chennai,Basic,0
CUST_01370,49,102.96663395051078,7841.165554469952,Two year,No,No,Yes,Yes,No internet service,15,Hyderabad,Standard,0
CUST_01371,13,89.21373379292032,321.13439575237965,Month-to-month,Fiber optic,Yes,No internet service,No,Yes,15,Pune,Premium,0
CUST_01372,63,47.72434414495696,6521.351805577533,Two year,DSL,No internet service,No,Yes,No internet service,9,Mumbai,Basic,1
CUST_01373,46,52.288346289941025,5706.9641567296285,One year,DSL,No,Yes,No internet service,No internet service,6,Mumbai,Standard,0
CUST_01374,28,49.46385968343401,438.579719984587,Month-to-month,No,No internet service,No,No internet service,No,3,Delhi,Standard,0
CUST_01375,35,20.0446919523216,4631.983896878498,Month-to-month,No,Yes,No,No internet service,No,1,Hyderabad,Premium,1
CUST_01376,51,77.42202873991074,4386.741852718249,Two year,DSL,No,No internet service,No,No,8,Mumbai,Standard,0
CUST_01377,6,89.28103438549535,5883.593297102916,One year,DSL,No internet service,No,Yes,No,14,Delhi,Premium,1
CUST_01378,28,105.09433133957076,675.6214332690015,Month-to-month,No,No,Yes,Yes,Yes,13,Mumbai,Standard,0
CUST_01379,10,32.29687420503849,6848.37465715559,Two year,Fiber optic,No internet service,No internet service,No,No internet service,11,Delhi,Basic,0
CUST_01380,32,73.50668119563377,1200.4199951415826,Month-to-month,No,No,No internet service,No internet service,No,16,Bangalore,Basic,0
CUST_01381,5,18.81683034872585,3569.113251383604,One year,No,No internet service,No,No internet service,No internet service,16,Mumbai,Standard,0
CUST_01382,31,27.699552066494405,7493.084879628877,Two year,No,No internet service,No,No,Yes,12,Hyderabad,Basic,0
CUST_01383,50,23.529597909011294,4772.429077812801,Month-to-month,No,Yes,Yes,Yes,No,7,Hyderabad,Standard,0
CUST_01384,57,91.99875946957967,3237.690130467656,Two year,No,Yes,No,Yes,Yes,9,Chennai,Standard,1
CUST_01385,25,26.26807551551552,426.8514170327876,Two year,No,No internet service,Yes,Yes,No,12,Bangalore,Standard,0
CUST_01386,45,91.07820411899658,5720.223972905003,One year,No,No,No,Yes,No internet service,6,Bangalore,Standard,0
CUST_01387,28,43.4617198498795,8385.889663332142,One year,Fiber optic,No internet service,Yes,No internet service,Yes,2,Mumbai,Premium,0
CUST_01388,3,107.52672199108783,7751.857054268604,Month-to-month,No,No,No,No internet service,No,14,Delhi,Basic,1
CUST_01389,12,100.94129881310904,6102.105329977816,Two year,DSL,No,No internet service,No,No internet service,6,Pune,Basic,0
CUST_01390,38,115.69868218247821,911.0940237269258,Two year,No,No,Yes,No,No internet service,4,Chennai,Basic,0
CUST_01391,14,108.14372557671925,2048.9308722221435,Two year,Fiber optic,No,No internet service,No,No internet service,7,Bangalore,Premium,0
CUST_01392,28,113.19960074986741,1602.8533830027804,Month-to-month,DSL,Yes,No internet service,No internet service,No,16,Bangalore,Standard,1
CUST_01393,28,105.5917244443574,3033.0256326483836,One year,No,No internet service,No internet service,No internet service,No internet service,7,Pune,Premium,0
CUST_01394,31,88.72495386271525,2015.657126127804,One year,No,No,No internet service,No internet service,No internet service,6,Hyderabad,Basic,1
CUST_01395,1,35.36643351679447,2091.3353807319018,Two year,DSL,Yes,Yes,No,No,6,Pune,Standard,0
CUST_01396,46,45.71416692311748,5249.103311854191,Month-to-month,No,No,No,No internet service,Yes,1,Hyderabad,Standard,0
CUST_01397,21,39.69815054528786,2721.2359278644544,Two year,Fiber optic,No,No internet service,Yes,No internet service,10,Delhi,Standard,0
CUST_01398,26,79.56575034113698,5761.695518239517,One year,No,Yes,No,No internet service,No,11,Mumbai,Basic,0
CUST_01399,66,69.36923367330735,8058.000088877903,Two year,Fiber optic,Yes,Yes,Yes,Yes,11,Delhi,Basic,0
CUST_01400,55,106.44215971015922,5433.569688713494,Two year,No,No,No,Yes,No internet service,18,Mumbai,Premium,0
CUST_01401,20,115.17263238290572,6393.551936098369,Two year,DSL,No internet service,Yes,Yes,No,2,Chennai,Basic,0
CUST_01402,46,59.295708741050724,6392.905082429032,One year,Fiber optic,Yes,No,No internet service,No,11,Pune,Standard,1
CUST_01403,58,69.64775643464286,2823.0210512029557,Month-to-month,No,No internet service,Yes,No,No internet service,5,Bangalore,Standard,0
CUST_01404,5,117.0946683940222,144.8737101415199,Two year,No,No,Yes,Yes,Yes,5,Delhi,Basic,1
CUST_01405,18,46.17637204556064,484.9168221169269,One year,DSL,No,No,Yes,Yes,18,Mumbai,Standard,0
CUST_01406,56,98.82385908659899,2410.4350480028247,Two year,DSL,No,No internet service,No internet service,Yes,8,Pune,Standard,0
CUST_01407,68,40.97447003819512,5866.705283783746,Month-to-month,Fiber optic,No,No internet service,No internet service,No internet service,8,Chennai,Premium,0
CUST_01408,2,87.50893177337774,7708.4863820148175,Two year,Fiber optic,No,No,Yes,No internet service,17,Delhi,Standard,1
CUST_01409,0,43.868794019133546,8150.52685990191,Month-to-month,Fiber optic,No,No internet service,No,Yes,9,Bangalore,Standard,0
CUST_01410,57,108.14080566080146,237.248366691503,One year,No,No internet service,No internet service,No internet service,Yes,9,Chennai,Basic,0
CUST_01411,37,75.27075026114103,8415.920017457165,Month-to-month,No,Yes,Yes,Yes,Yes,0,Hyderabad,Basic,0
CUST_01412,14,36.96523136918722,2753.4214061014764,Month-to-month,Fiber optic,No,No,No,Yes,17,Bangalore,Standard,0
CUST_01413,33,40.88565592124557,7167.954727890248,One year,No,Yes,No internet service,No internet service,No,9,Hyderabad,Premium,0
CUST_01414,60,68.37261796222623,1547.266097630091,Month-to-month,DSL,No internet service,No internet service,No,No internet service,6,Chennai,Premium,1
CUST_01415,34,116.08340660863765,551.5030210213796,Month-to-month,No,No,No internet service,Yes,Yes,7,Chennai,Standard,0
CUST_01416,63,96.50350071613276,3227.2107068997157,One year,Fiber optic,No,No,No,No,10,Hyderabad,Standard,0
CUST_01417,24,67.8075835682362,7303.405145517338,Month-to-month,No,Yes,No internet service,Yes,Yes,5,Mumbai,Standard,0
CUST_01418,23,52.447352745346144,1891.0369364756357,Month-to-month,DSL,Yes,No internet service,No internet service,Yes,18,Pune,Standard,0
CUST_01419,11,74.02538632154115,1323.8660370271255,Two year,Fiber optic,Yes,No internet service,Yes,No,8,Chennai,Premium,1
CUST_01420,17,94.33280500971921,7734.960318155516,Month-to-month,Fiber optic,No,Yes,Yes,Yes,10,Delhi,Premium,0
CUST_01421,14,97.9607160221856,7976.976152635216,Month-to-month,Fiber optic,Yes,No,No internet service,Yes,1,Pune,Premium,0
CUST_01422,26,51.110097405888354,124.43382552032551,Month-to-month,Fiber optic,Yes,No internet service,Yes,No,10,Delhi,Premium,0
CUST_01423,71,91.55824535781548,6188.109924758115,One year,No,No internet service,Yes,No,No,4,Chennai,Standard,0
CUST_01424,59,85.09445556369099,2640.700021241749,Month-to-month,DSL,No,No,No internet service,No,18,Pune,Premium,1
CUST_01425,45,115.82945378362197,3196.242466061702,One year,No,No,Yes,No,No,16,Hyderabad,Premium,0
CUST_01426,16,112.97120963181752,3996.9314335385375,One year,No,No,Yes,No internet service,No,17,Hyderabad,Premium,0
CUST_01427,52,98.51669121156486,3638.0410090202745,Month-to-month,Fiber optic,Yes,No,Yes,Yes,13,Bangalore,Basic,1
CUST_01428,7,91.7862582632027,4386.007644218216,Month-to-month,DSL,No internet service,No internet service,No,No internet service,9,Hyderabad,Standard,1
CUST_01429,26,45.95224214983614,4957.592072906818,Month-to-month,No,Yes,No internet service,No internet service,No,16,Mumbai,Premium,0
CUST_01430,45,104.2884561220504,3967.1810720352732,Month-to-month,DSL,No,Yes,No,No internet service,10,Mumbai,Standard,1
CUST_01431,49,61.60558177876335,5968.661950432088,Month-to-month,DSL,Yes,No,No internet service,Yes,1,Delhi,Standard,0
CUST_01432,70,45.76853533561656,6113.179304227048,Month-to-month,DSL,No,No,No internet service,No,9,Chennai,Standard,1
CUST_01433,2,57.18439731125317,3753.126712568987,Month-to-month,DSL,Yes,No internet service,No,No internet service,0,Delhi,Basic,1
CUST_01434,63,103.2654199816838,1226.372422074855,One year,No,Yes,Yes,No,No internet service,13,Chennai,Basic,0
CUST_01435,43,33.16058798894427,5451.89933063728,Two year,DSL,No,No internet service,No,No internet service,10,Delhi,Premium,0
CUST_01436,52,64.5281915942219,6574.218834158713,One year,No,Yes,No,No,No internet service,10,Chennai,Standard,0
CUST_01437,23,68.22047464200796,5430.444958851901,Month-to-month,DSL,No,No,No internet service,No internet service,9,Chennai,Basic,0
CUST_01438,59,21.736229155079577,5005.88052391269,Two year,DSL,Yes,No internet service,No,No,19,Delhi,Standard,0
CUST_01439,2,37.96609501391286,1963.8725096519308,Two year,No,Yes,No internet service,No,No,4,Bangalore,Premium,0
CUST_01440,19,102.32772771473736,5490.052380228949,Month-to-month,Fiber optic,Yes,No,No,No,4,Mumbai,Standard,0
CUST_01441,45,102.73827363666558,2858.2504120354297,Month-to-month,No,No,Yes,No,No internet service,13,Hyderabad,Basic,0
CUST_01442,14,47.82633855619329,7817.698274382284,One year,DSL,Yes,No,No,No internet service,4,Mumbai,Standard,0
CUST_01443,24,107.23951792898848,5562.853826790157,Two year,No,Yes,Yes,No,Yes,5,Hyderabad,Premium,0
CUST_01444,70,96.72185978497149,2377.520017839823,Two year,DSL,No internet service,No internet service,Yes,No internet service,15,Chennai,Premium,0
CUST_01445,16,60.626563347131764,4029.366045224855,Month-to-month,No,No internet service,No internet service,Yes,Yes,14,Pune,Basic,0
CUST_01446,8,94.33744712931386,7198.702382056947,Month-to-month,No,No,Yes,No internet service,Yes,5,Delhi,Standard,0
CUST_01447,37,116.05613238187023,2863.405233931216,Two year,No,No,No,No,No,19,Delhi,Basic,0
CUST_01448,47,64.81491124266557,4474.786916032496,Two year,Fiber optic,No,No,No,No internet service,15,Hyderabad,Basic,0
CUST_01449,59,42.31957225325533,5782.960713119414,Month-to-month,No,No,Yes,No internet service,No internet service,18,Delhi,Basic,0
CUST_01450,62,114.06528300511589,6417.917851928423,Month-to-month,No,Yes,Yes,No,Yes,19,Delhi,Basic,1
CUST_01451,1,79.58191743345216,1492.9534288991658,Month-to-month,Fiber optic,Yes,Yes,No,Yes,12,Delhi,Basic,1
CUST_01452,71,28.73704657300338,4811.621848272765,One year,Fiber optic,No,Yes,No,No internet service,18,Mumbai,Basic,0
CUST_01453,10,76.41364721738233,7755.27955600878,One year,DSL,No,No,Yes,Yes,12,Delhi,Standard,1
CUST_01454,63,69.05925072372648,8231.627666765224,Month-to-month,DSL,No internet service,No internet service,No,No internet service,7,Bangalore,Basic,0
CUST_01455,71,105.27006719570747,5583.422250988477,One year,No,No,No,Yes,No internet service,5,Hyderabad,Basic,0
CUST_01456,20,72.13090935587918,8361.410940884998,Two year,DSL,No internet service,Yes,No,Yes,16,Mumbai,Standard,0
CUST_01457,17,44.03370830311691,4858.976381815626,Two year,No,No,No,No,No,4,Mumbai,Premium,0
CUST_01458,63,86.91569451421863,3772.1758626018764,Month-to-month,Fiber optic,No,Yes,No internet service,No internet service,7,Chennai,Standard,1
CUST_01459,37,73.34269615862917,4696.564826799022,Two year,Fiber optic,Yes,Yes,No internet service,Yes,17,Chennai,Standard,0
CUST_01460,31,41.77055208322099,999.4725281431944,Two year,No,No,Yes,No,Yes,18,Delhi,Premium,0
CUST_01461,10,76.51004151017659,3425.354430771459,Two year,DSL,No internet service,Yes,No,Yes,11,Mumbai,Standard,1
CUST_01462,44,101.79662894474798,3906.1916598049443,Two year,DSL,Yes,No,No,No internet service,11,Pune,Premium,0
CUST_01463,32,20.914233607849063,7216.0609887513365,Two year,DSL,No internet service,Yes,Yes,No internet service,12,Mumbai,Basic,0
CUST_01464,40,82.34680594180139,6452.857363641438,One year,No,No,No,No,No internet service,3,Delhi,Standard,0
CUST_01465,7,53.65768997000799,5119.30029587676,One year,DSL,Yes,No,No internet service,Yes,9,Hyderabad,Premium,1
CUST_01466,10,47.852487467461266,2963.6055062205214,Month-to-month,Fiber optic,No internet service,No internet service,Yes,No,15,Mumbai,Basic,1
CUST_01467,50,58.04395053683335,1604.4273558451173,Two year,Fiber optic,No,No,No,No,4,Chennai,Premium,0
CUST_01468,40,52.88631175329413,2967.7429073978738,One year,Fiber optic,No internet service,No internet service,Yes,No internet service,11,Delhi,Premium,0
CUST_01469,16,102.88838888426105,5784.098129875357,One year,Fiber optic,No,No internet service,Yes,No internet service,15,Mumbai,Premium,1
CUST_01470,45,46.029376698325855,2249.086611839251,One year,Fiber optic,No internet service,No internet service,Yes,No internet service,14,Pune,Standard,0
CUST_01471,31,92.7816083568717,3638.8529530051455,Two year,Fiber optic,No,No,Yes,No,1,Pune,Basic,1
CUST_01472,53,27.59410166331605,3298.585132266427,One year,Fiber optic,No internet service,No internet service,No,No,15,Chennai,Premium,0
CUST_01473,19,115.04242999341038,6511.734921075773,Month-to-month,Fiber optic,Yes,Yes,No internet service,No internet service,10,Bangalore,Basic,0
CUST_01474,32,81.47629699935229,7514.281862090545,Month-to-month,Fiber optic,No,No,Yes,Yes,8,Mumbai,Premium,1
CUST_01475,39,90.08529485854513,5950.064455670707,Two year,No,No,Yes,No internet service,No,1,Pune,Premium,0
CUST_01476,31,48.400011873634,2915.470377233996,Month-to-month,No,No internet service,No,Yes,No internet service,17,Delhi,Standard,1
CUST_01477,1,60.03385000822769,3692.2077294134756,One year,Fiber optic,No,No internet service,No internet service,No,12,Chennai,Basic,0
CUST_01478,32,40.825395399639575,1233.896006683665,Two year,Fiber optic,Yes,No internet service,Yes,Yes,12,Mumbai,Premium,0
CUST_01479,29,113.11868075182684,1443.8025519563846,Month-to-month,Fiber optic,No internet service,No,Yes,Yes,7,Chennai,Premium,1
CUST_01480,32,67.78665360434053,1411.5295577599002,Two year,DSL,No internet service,No internet service,No,No,9,Delhi,Basic,0
CUST_01481,25,82.30570779711498,1125.6334848350332,One year,No,No internet service,Yes,No,No internet service,16,Mumbai,Premium,0
CUST_01482,21,92.89574711413297,1541.2079802144422,Month-to-month,Fiber optic,Yes,Yes,Yes,No,0,Pune,Standard,1
CUST_01483,65,55.852821292152974,1737.2013342696293,One year,No,Yes,No internet service,No internet service,No internet service,15,Delhi,Standard,0
CUST_01484,37,91.4503687629924,966.6772952915223,Month-to-month,Fiber optic,No,No,No,No,10,Hyderabad,Standard,1
CUST_01485,45,86.9512339551467,5448.691443022013,Two year,DSL,No internet service,No,No,Yes,0,Mumbai,Premium,0
CUST_01486,14,89.97725205514254,8418.585816326216,Month-to-month,Fiber optic,Yes,Yes,No,No,5,Mumbai,Standard,1
CUST_01487,43,67.90144982087051,7475.261968140437,Month-to-month,No,No,No internet service,No,No internet service,11,Pune,Premium,0
CUST_01488,48,57.05961299374495,404.80230349286325,Month-to-month,No,Yes,No internet service,Yes,No internet service,15,Chennai,Standard,0
CUST_01489,60,40.652383197316965,3606.3848196066197,Two year,No,Yes,Yes,No internet service,Yes,10,Mumbai,Basic,0
CUST_01490,66,102.11188798569108,7306.672333052375,Month-to-month,No,Yes,No,No,No internet service,17,Hyderabad,Standard,1
CUST_01491,5,80.05170474623122,1160.3118062081137,One year,Fiber optic,No,No internet service,No,No internet service,1,Chennai,Basic,0
CUST_01492,8,63.32392400194449,7207.726133902626,Two year,DSL,Yes,No,No internet service,Yes,16,Chennai,Standard,1
CUST_01493,5,114.28758248448236,5045.286810141061,Two year,DSL,Yes,No,No,No internet service,16,Bangalore,Premium,0
CUST_01494,72,22.879558875717958,7917.27432312022,One year,Fiber optic,Yes,Yes,No internet service,No internet service,19,Mumbai,Basic,0
CUST_01495,31,104.71753841091486,7448.563767190854,Two year,Fiber optic,No internet service,No,Yes,No,3,Bangalore,Basic,1
CUST_01496,40,119.75342448048919,5760.6051197020415,Month-to-month,No,Yes,Yes,No,No,5,Pune,Premium,1
CUST_01497,7,108.46809531005246,5597.651801040203,Two year,Fiber optic,No internet service,No internet service,No internet service,No,14,Hyderabad,Basic,0
CUST_01498,71,100.66453173279378,1826.058764688165,One year,DSL,Yes,No,No,No,10,Mumbai,Basic,0
CUST_01499,49,56.17921132744512,1008.2986674342284,Two year,Fiber optic,No internet service,Yes,Yes,No,17,Bangalore,Premium,0
CUST_01500,61,41.59404659075393,3541.367072995348,One year,Fiber optic,Yes,Yes,No internet service,No,16,Bangalore,Basic,0
CUST_01501,61,92.95475309095931,1600.571894980684,Two year,DSL,No internet service,No,No internet service,No,1,Chennai,Basic,1
CUST_01502,6,49.06668736143398,886.6985993427514,One year,DSL,No internet service,Yes,No internet service,Yes,12,Bangalore,Premium,0
CUST_01503,3,35.956047579807006,2582.3353516206826,Two year,Fiber optic,No internet service,No internet service,No,No,5,Bangalore,Basic,0
CUST_01504,5,98.22564048456631,7316.6756948011725,Month-to-month,No,Yes,No,No internet service,No internet service,10,Pune,Premium,1
CUST_01505,57,49.87945252814566,163.45064238373993,One year,No,No,No internet service,No internet service,Yes,19,Mumbai,Basic,0
CUST_01506,21,111.27305640770851,2500.152816367494,One year,No,No internet service,Yes,No internet service,No,6,Mumbai,Premium,1
CUST_01507,25,103.74452977155077,3614.8106349893237,Two year,DSL,No internet service,No internet service,Yes,No,17,Chennai,Standard,0
CUST_01508,2,104.45931360994403,4348.652616236861,Two year,DSL,No internet service,Yes,No internet service,No internet service,16,Mumbai,Basic,1
CUST_01509,40,96.70011205769427,1558.1404261045147,Two year,No,No internet service,Yes,No internet service,Yes,12,Hyderabad,Basic,0
CUST_01510,59,107.84990522502314,8196.51573502618,Month-to-month,Fiber optic,No internet service,No internet service,No internet service,No internet service,13,Chennai,Standard,0
CUST_01511,13,100.18618300216825,4928.001155579312,Two year,Fiber optic,No,No,Yes,No internet service,8,Hyderabad,Standard,0
CUST_01512,11,79.45615908462233,4446.541660137847,One year,Fiber optic,Yes,No,No internet service,Yes,12,Mumbai,Premium,0
CUST_01513,11,48.17391729535004,92.83319930715369,Two year,DSL,No,No,No,No internet service,5,Mumbai,Basic,0
CUST_01514,12,108.5973377078432,4137.837848036932,Month-to-month,DSL,Yes,No internet service,No internet service,Yes,0,Chennai,Basic,1
CUST_01515,24,103.74156952286557,7123.122279038872,Two year,No,No,No internet service,No,No internet service,0,Bangalore,Premium,1
CUST_01516,44,66.2336908654756,1881.0250141606407,Two year,Fiber optic,Yes,No internet service,Yes,Yes,3,Delhi,Standard,0
CUST_01517,18,21.98602597219943,2996.942595053555,One year,DSL,No internet service,No internet service,Yes,No,13,Delhi,Basic,0
CUST_01518,54,83.13146019499517,192.48716348103366,Two year,DSL,Yes,No,No internet service,Yes,17,Mumbai,Standard,0
CUST_01519,44,23.160879075011337,8304.29917573105,Month-to-month,No,Yes,No,No internet service,No internet service,15,Hyderabad,Premium,0
CUST_01520,7,112.48055610853754,583.3405432400422,Two year,Fiber optic,No internet service,Yes,Yes,No internet service,2,Chennai,Basic,0
CUST_01521,52,116.08638817578131,7636.711573000968,Two year,DSL,No internet service,No internet service,Yes,No,5,Bangalore,Premium,0
CUST_01522,54,37.32799488175963,2672.7617916786166,One year,DSL,Yes,No,Yes,No,0,Pune,Premium,1
CUST_01523,31,86.99171656160081,5001.653401644222,Two year,DSL,Yes,No,No,No,10,Mumbai,Basic,1
CUST_01524,50,27.4114384654018,5779.95440999164,One year,DSL,No internet service,No,No,Yes,9,Hyderabad,Standard,1
CUST_01525,43,92.41072671445846,1212.5129981507132,One year,Fiber optic,No,No,No internet service,Yes,17,Mumbai,Standard,0
CUST_01526,69,53.42334194757281,3781.9670423328057,Two year,No,No internet service,No,No,Yes,3,Pune,Premium,1
CUST_01527,17,87.46711139650542,2778.6034622920206,One year,Fiber optic,Yes,No,Yes,Yes,5,Delhi,Premium,0
CUST_01528,21,56.03340393862214,498.10211326555697,One year,No,Yes,No internet service,No internet service,Yes,18,Mumbai,Standard,0
CUST_01529,36,32.847886002990045,7085.148576562959,Two year,DSL,Yes,Yes,No,No internet service,8,Hyderabad,Premium,0
CUST_01530,55,59.4232180112609,401.1129106116061,Two year,Fiber optic,No internet service,Yes,No internet service,No internet service,9,Delhi,Premium,0
CUST_01531,58,29.492699716748582,5558.934012342158,Month-to-month,No,No internet service,No internet service,No,No internet service,19,Pune,Basic,1
CUST_01532,2,76.84209404764847,2682.0043067931424,Month-to-month,No,No,No,No internet service,Yes,4,Pune,Premium,1
CUST_01533,27,22.177056279246937,1647.6409533262324,One year,DSL,Yes,No internet service,Yes,No,15,Mumbai,Premium,0
CUST_01534,34,71.78660731918569,5676.223887428096,One year,No,Yes,No,Yes,No internet service,1,Delhi,Basic,0
CUST_01535,60,108.40960200374516,4891.228894611278,Two year,No,No internet service,No,Yes,No internet service,8,Pune,Standard,1
CUST_01536,53,103.463073552175,2692.003575053307,Month-to-month,No,Yes,No,No,Yes,10,Chennai,Basic,0
CUST_01537,62,108.04373336190267,4368.933066734867,Month-to-month,DSL,No,No,No internet service,Yes,1,Hyderabad,Standard,1
CUST_01538,6,112.04897781696494,2106.5830924310685,Two year,Fiber optic,No internet service,No,No internet service,Yes,17,Hyderabad,Basic,0
CUST_01539,48,28.661844563320813,7343.873365260835,Two year,DSL,Yes,No internet service,No internet service,No internet service,1,Chennai,Premium,0
CUST_01540,30,31.13221469332273,2679.8108947349847,Two year,No,No internet service,No internet service,No,No,13,Pune,Standard,0
CUST_01541,57,74.81469424393912,2097.3879966560894,Two year,No,No internet service,Yes,Yes,Yes,3,Pune,Basic,0
CUST_01542,60,109.18521217929178,6395.053537207961,Month-to-month,Fiber optic,No,No,Yes,Yes,7,Hyderabad,Basic,1
CUST_01543,23,117.38364456545114,167.21948316438605,Two year,No,No internet service,No internet service,No internet service,No,7,Hyderabad,Standard,0
CUST_01544,19,22.718715568679997,2291.275511554091,Two year,Fiber optic,Yes,No internet service,No internet service,No,0,Mumbai,Standard,0
CUST_01545,36,54.288956588467336,3202.1022615632505,Month-to-month,No,No,No,No,No,0,Bangalore,Standard,1
CUST_01546,3,39.71521397531933,7501.142391914501,Two year,No,No internet service,No,No internet service,Yes,3,Mumbai,Standard,1
CUST_01547,19,95.1085165909873,8079.647369215056,Month-to-month,DSL,Yes,No internet service,No internet service,Yes,17,Chennai,Basic,0
CUST_01548,59,83.29977459077726,6095.166115364123,Month-to-month,DSL,No internet service,No,No,No internet service,18,Chennai,Standard,1
CUST_01549,23,30.228579211352233,4195.654566523935,Two year,Fiber optic,No internet service,No internet service,No internet service,No internet service,9,Bangalore,Standard,0
CUST_01550,49,67.3192508712271,5451.7519791073155,Two year,DSL,No,Yes,Yes,No internet service,17,Mumbai,Standard,0
CUST_01551,48,87.91493328187173,3529.556920361067,One year,Fiber optic,No,No,No,No internet service,9,Mumbai,Premium,1
CUST_01552,50,97.45855018025185,2552.640705740401,One year,DSL,No,Yes,Yes,No internet service,8,Mumbai,Standard,0
CUST_01553,35,20.04537639796887,8081.736193960329,Month-to-month,Fiber optic,No,Yes,No internet service,No internet service,6,Delhi,Premium,1
CUST_01554,65,108.82789654635675,996.7399224621736,Month-to-month,No,Yes,Yes,No internet service,Yes,5,Pune,Standard,0
CUST_01555,33,76.06670106095349,2956.1102442010247,One year,Fiber optic,No internet service,No,No,No internet service,0,Delhi,Standard,0
CUST_01556,35,100.81472972591028,7644.072558385751,Month-to-month,DSL,No,Yes,No,Yes,4,Mumbai,Basic,1
CUST_01557,5,100.40967906145691,6151.6856142424695,One year,Fiber optic,Yes,No internet service,No,Yes,18,Delhi,Basic,1
CUST_01558,38,37.36497134763886,264.83851012148745,Two year,DSL,No,No internet service,No,No,14,Mumbai,Basic,0
CUST_01559,41,29.237556265870577,213.9314299844641,Two year,No,No internet service,No,No internet service,Yes,13,Chennai,Basic,0
CUST_01560,57,91.57130143533033,4399.058707981642,Two year,DSL,No,No,No internet service,Yes,6,Mumbai,Standard,0
CUST_01561,11,33.955545719805144,4125.4344229430435,Month-to-month,No,No internet service,Yes,Yes,Yes,8,Delhi,Premium,0
CUST_01562,2,104.69362412328182,3775.4542308828914,Two year,No,No internet service,No,Yes,No,11,Bangalore,Standard,1
CUST_01563,17,92.07132735393472,2582.4797879184734,Month-to-month,DSL,Yes,No internet service,No,Yes,16,Chennai,Standard,1
CUST_01564,39,103.86618716525678,8386.669621459287,Two year,No,No,No internet service,No internet service,No,17,Hyderabad,Standard,0
CUST_01565,20,48.4992933201533,2324.9964735450417,Month-to-month,DSL,No,No internet service,No,No internet service,1,Bangalore,Basic,0
CUST_01566,14,50.29300216187804,4174.521031028846,Month-to-month,Fiber optic,No internet service,No,No,Yes,16,Bangalore,Standard,1
CUST_01567,25,86.4645987473244,3452.303247253248,One year,No,No,No internet service,No,No internet service,19,Pune,Standard,0
CUST_01568,7,21.207487416012647,1462.0556310074965,One year,Fiber optic,No internet service,No,No,Yes,6,Hyderabad,Premium,1
CUST_01569,41,92.10266812641711,1736.612823820613,One year,Fiber optic,Yes,Yes,No,No,9,Chennai,Basic,0
CUST_01570,43,103.24987322716933,7807.043857726894,Month-to-month,DSL,No,No internet service,No internet service,No internet service,14,Pune,Premium,0
CUST_01571,13,60.34668583361861,7297.928609264211,One year,DSL,No internet service,Yes,Yes,Yes,0,Hyderabad,Premium,0
CUST_01572,1,96.0176406690238,1706.2938019682288,One year,No,No,No internet service,No,Yes,10,Chennai,Standard,1
CUST_01573,36,35.81031353219072,7445.370376000494,One year,DSL,No,No internet service,No internet service,No,7,Chennai,Premium,0
CUST_01574,68,50.870560169587435,1792.3167553457063,Month-to-month,Fiber optic,Yes,No internet service,No,Yes,11,Pune,Premium,0
CUST_01575,37,117.3791062372687,5332.365901063967,Month-to-month,Fiber optic,No internet service,Yes,No internet service,No internet service,2,Chennai,Standard,0
CUST_01576,40,118.60547370313287,707.4213988061248,One year,Fiber optic,Yes,No internet service,Yes,No,14,Bangalore,Basic,1
CUST_01577,61,70.28571540820198,7485.29516992984,One year,No,Yes,Yes,Yes,No internet service,4,Chennai,Standard,0
CUST_01578,59,113.29551872931545,454.82554006609087,Month-to-month,DSL,Yes,No,No internet service,No internet service,4,Pune,Basic,1
CUST_01579,13,71.31852916179918,4725.025586628141,Month-to-month,Fiber optic,No internet service,No internet service,No,Yes,16,Hyderabad,Premium,0
CUST_01580,1,47.741989072438045,6631.513156580026,One year,No,No internet service,No internet service,Yes,Yes,1,Bangalore,Basic,0
CUST_01581,69,45.22372738607473,1008.992234235398,One year,DSL,No,Yes,No,No,0,Chennai,Standard,0
CUST_01582,16,112.80958194755118,3448.8016289365987,One year,DSL,No internet service,No internet service,No,No,17,Delhi,Basic,1
CUST_01583,27,35.58953167533363,373.821184938605,Month-to-month,Fiber optic,Yes,No,No internet service,No,8,Delhi,Standard,0
CUST_01584,65,77.12251073658545,5809.107360997534,One year,No,No internet service,No internet service,No,No internet service,4,Chennai,Standard,0
CUST_01585,34,74.6635569423974,2625.787464462187,Month-to-month,Fiber optic,No,No,No internet service,No internet service,19,Delhi,Standard,0
CUST_01586,4,93.44141183460549,4762.790465023502,Two year,Fiber optic,Yes,No,No internet service,No internet service,12,Mumbai,Basic,1
CUST_01587,64,68.92277656752702,7929.435117705508,One year,No,No,No internet service,No internet service,No internet service,1,Pune,Premium,0
CUST_01588,39,45.773137392229685,2612.288472012253,Two year,Fiber optic,No internet service,No internet service,Yes,Yes,12,Bangalore,Premium,0
CUST_01589,55,35.27844296242101,430.4582144104254,Month-to-month,No,No,No,No,No,7,Mumbai,Premium,0
CUST_01590,35,81.32351795760096,5748.674725620376,Two year,No,No,No,No internet service,Yes,9,Bangalore,Basic,1
CUST_01591,44,91.33705719902977,6691.986502949168,One year,Fiber optic,No internet service,No,No internet service,Yes,19,Hyderabad,Basic,0
CUST_01592,22,76.09117042556733,8142.641124881599,Two year,Fiber optic,No,No internet service,No,No internet service,5,Delhi,Basic,0
CUST_01593,46,93.31183026636187,1356.4670389316973,Two year,DSL,No internet service,Yes,Yes,No,10,Delhi,Basic,0
CUST_01594,30,32.435162649895936,3344.130844835183,Two year,DSL,Yes,No internet service,No internet service,No internet service,13,Pune,Standard,0
CUST_01595,10,108.01195988419983,7177.999381936077,Month-to-month,No,No,Yes,No internet service,No internet service,9,Delhi,Standard,1
CUST_01596,9,77.4043418576673,6861.883157706636,One year,No,Yes,Yes,No internet service,No,9,Chennai,Premium,0
CUST_01597,66,30.93808054304491,5317.517189605822,Month-to-month,No,No internet service,No internet service,No internet service,No,10,Bangalore,Basic,1
CUST_01598,13,65.11637082898497,2302.78400040925,Two year,DSL,No internet service,Yes,No,Yes,3,Chennai,Premium,0
CUST_01599,9,104.16875726232297,2427.1873352998955,Two year,Fiber optic,No,No,No internet service,No internet service,2,Delhi,Standard,1
CUST_01600,0,109.55134373222234,1069.7934004019771,Month-to-month,Fiber optic,No,No internet service,Yes,No internet service,8,Hyderabad,Basic,1
CUST_01601,4,44.99424950987367,7837.162861052086,Month-to-month,DSL,No internet service,Yes,No,No internet service,4,Delhi,Premium,1
CUST_01602,19,90.54911412046621,1484.8051071717753,Two year,Fiber optic,No internet service,No,Yes,No,0,Pune,Basic,0
CUST_01603,7,28.19849524334522,4877.224151207966,One year,Fiber optic,Yes,Yes,No,No internet service,10,Chennai,Premium,0
CUST_01604,42,21.421678884040098,4974.468718842281,Month-to-month,Fiber optic,Yes,Yes,No,No internet service,7,Delhi,Basic,0
CUST_01605,0,75.16069328963417,3152.99335221827,Two year,DSL,No,No,No,No internet service,4,Mumbai,Premium,0
CUST_01606,56,88.87241309146884,3008.0615862482705,Two year,No,No,No,Yes,No internet service,1,Mumbai,Basic,0
CUST_01607,63,99.17024658000321,5688.966966211328,One year,Fiber optic,No,No internet service,Yes,Yes,8,Chennai,Premium,0
CUST_01608,27,52.702056322444136,3311.541752559508,Two year,Fiber optic,No,Yes,No internet service,No,5,Mumbai,Standard,0
CUST_01609,36,18.665591863746474,2181.888766292922,Month-to-month,No,No,No internet service,Yes,Yes,10,Bangalore,Premium,1
CUST_01610,46,66.91096218535809,3403.4350997570623,Two year,Fiber optic,No,No internet service,No internet service,No,9,Pune,Premium,0
CUST_01611,36,19.617061628103833,6868.589742759161,Two year,Fiber optic,No,Yes,No,No internet service,11,Bangalore,Standard,0
CUST_01612,48,27.382420088421593,8215.670256422716,Two year,No,No,Yes,No internet service,No,2,Pune,Standard,0
CUST_01613,43,51.32228029823833,5412.129854709511,Two year,DSL,Yes,No internet service,Yes,Yes,6,Pune,Premium,0
CUST_01614,55,62.591549055138074,6651.782594556191,One year,DSL,No internet service,No,No,No internet service,17,Chennai,Basic,0
CUST_01615,27,46.50588300542415,4537.420473653559,Month-to-month,Fiber optic,No internet service,No internet service,No,Yes,11,Mumbai,Standard,1
CUST_01616,5,77.3502571834802,5317.74989123654,Two year,Fiber optic,No,Yes,No internet service,Yes,10,Bangalore,Basic,0
CUST_01617,60,23.645678500245708,8398.9510224395,Month-to-month,No,No internet service,No,No internet service,Yes,1,Mumbai,Standard,0
CUST_01618,19,32.747130444437644,3736.6688104016134,One year,No,No,No internet service,Yes,No,9,Delhi,Premium,0
CUST_01619,1,88.91635687705423,579.972339565524,Month-to-month,Fiber optic,Yes,Yes,No,Yes,12,Pune,Premium,1
CUST_01620,72,32.49836706698761,8135.332676943766,One year,Fiber optic,No,No,No internet service,No,12,Mumbai,Standard,0
CUST_01621,36,83.2570705601831,6744.7495167038915,Month-to-month,DSL,Yes,No,No,Yes,14,Mumbai,Premium,0
CUST_01622,19,23.577831316843287,3396.468540218812,Month-to-month,DSL,Yes,No,Yes,Yes,12,Chennai,Basic,0
CUST_01623,25,59.55299247015232,8350.674844828325,Two year,DSL,Yes,Yes,No,No,8,Delhi,Premium,0
CUST_01624,28,36.0957659523606,2948.834234457047,Month-to-month,DSL,No,No internet service,No internet service,No,5,Bangalore,Premium,0
CUST_01625,0,29.182900818589015,3174.3235025400995,Two year,No,Yes,Yes,Yes,Yes,2,Pune,Premium,1
CUST_01626,34,75.83734391712521,5189.741337756908,Two year,DSL,No,Yes,Yes,Yes,19,Pune,Standard,0
CUST_01627,69,112.69024874457342,2345.0145293697356,Month-to-month,DSL,Yes,No,No,No internet service,19,Pune,Standard,1
CUST_01628,58,23.58827888820198,5943.283336878875,Two year,Fiber optic,Yes,No internet service,No internet service,Yes,8,Bangalore,Premium,0
CUST_01629,68,60.99853331823949,1314.476278108191,Month-to-month,DSL,No internet service,No,No,Yes,3,Pune,Standard,1
CUST_01630,32,90.16861465003525,934.2707587958581,Two year,Fiber optic,No,Yes,No,No internet service,19,Mumbai,Basic,0
CUST_01631,50,65.19415883215837,4554.835260159168,Two year,Fiber optic,No internet service,No,No,Yes,4,Hyderabad,Basic,1
CUST_01632,11,100.26258650273502,4729.69741406931,One year,DSL,Yes,Yes,No internet service,Yes,11,Hyderabad,Basic,0
CUST_01633,19,36.32382221814143,922.6483005990359,One year,DSL,No internet service,Yes,No,No,16,Pune,Basic,0
CUST_01634,52,115.87860891282953,8196.143046914423,Month-to-month,Fiber optic,Yes,Yes,No,No,4,Bangalore,Premium,1
CUST_01635,42,57.28658803279913,4880.6174298232845,Two year,No,No internet service,No,Yes,No,3,Mumbai,Standard,1
CUST_01636,49,52.84010256031606,1299.078806358927,One year,Fiber optic,No internet service,No internet service,Yes,Yes,7,Mumbai,Basic,0
CUST_01637,28,107.20979103932292,2659.6554913865602,One year,No,No,No,Yes,No,8,Delhi,Premium,0
CUST_01638,56,75.51443725296019,6805.586602581086,One year,No,No,Yes,No internet service,Yes,16,Chennai,Basic,0
CUST_01639,38,70.67732287408779,4456.049819355441,Two year,DSL,No internet service,No,No,No internet service,7,Hyderabad,Standard,0
CUST_01640,55,92.15174779189995,1613.8742923718846,Month-to-month,DSL,No internet service,Yes,No,No,4,Pune,Standard,0
CUST_01641,42,77.14309230467123,890.364981028228,Two year,DSL,No,No internet service,Yes,No internet service,9,Mumbai,Standard,0
CUST_01642,49,34.57659576522576,3671.828564598346,Two year,DSL,Yes,No internet service,No,Yes,17,Bangalore,Basic,0
CUST_01643,22,86.76815753222283,2879.951559078335,One year,Fiber optic,Yes,Yes,No internet service,Yes,13,Hyderabad,Basic,1
CUST_01644,43,31.613825686777105,5581.490983752099,Two year,No,Yes,No internet service,No,No internet service,4,Chennai,Basic,0
CUST_01645,37,100.19748594407432,7865.944943319784,Two year,Fiber optic,Yes,Yes,Yes,No internet service,14,Mumbai,Premium,0
CUST_01646,22,118.95313296665164,2119.2482839364147,One year,No,No internet service,No,No internet service,No internet service,4,Hyderabad,Premium,0
CUST_01647,44,56.49353774742718,7272.094222105093,One year,Fiber optic,Yes,No,No,No internet service,11,Mumbai,Standard,0
CUST_01648,51,63.36510161660528,7825.358501172191,Two year,No,No internet service,No internet service,No,No,9,Pune,Standard,0
CUST_01649,49,22.736232859246854,7668.786048703704,One year,DSL,No internet service,No internet service,No,No internet service,7,Chennai,Basic,0
CUST_01650,7,19.400785184422986,8093.519912597183,Month-to-month,No,Yes,Yes,No internet service,No,0,Delhi,Standard,0
CUST_01651,0,111.98477215738542,7160.765332900513,Month-to-month,DSL,Yes,No internet service,No,No internet service,2,Hyderabad,Standard,1
CUST_01652,7,31.119654164797588,5051.9482977745565,Month-to-month,No,Yes,No internet service,Yes,No internet service,15,Chennai,Premium,0
CUST_01653,28,63.469432251065975,3494.314609260272,Month-to-month,Fiber optic,No,No internet service,Yes,No,10,Delhi,Standard,1
CUST_01654,4,101.16617163326727,4188.495801138448,Month-to-month,No,No internet service,Yes,Yes,Yes,8,Delhi,Basic,1
CUST_01655,46,108.71051351268859,7419.496467311678,One year,Fiber optic,Yes,No,Yes,Yes,9,Chennai,Premium,1
CUST_01656,33,70.9785638989137,2574.4610372525417,One year,Fiber optic,No,Yes,No internet service,Yes,1,Bangalore,Basic,0
CUST_01657,64,75.63331754754688,1368.8576914011626,Month-to-month,DSL,No internet service,Yes,Yes,Yes,19,Chennai,Basic,0
CUST_01658,54,86.3077651912538,1212.4286082108506,Month-to-month,No,No internet service,No internet service,Yes,No,10,Mumbai,Premium,1
CUST_01659,42,116.06101195465895,7032.568281214213,Month-to-month,Fiber optic,No internet service,No,Yes,Yes,19,Bangalore,Basic,1
CUST_01660,29,79.47233601633951,6476.921591451889,One year,No,Yes,Yes,No internet service,No,10,Delhi,Standard,0
CUST_01661,16,75.06647646454732,4239.027782755069,One year,DSL,Yes,No internet service,No internet service,No,6,Hyderabad,Standard,0
CUST_01662,25,19.48248179713105,2349.459453077643,Two year,DSL,No internet service,Yes,No,No,10,Delhi,Premium,0
CUST_01663,7,26.25686960628032,5765.514954952429,Two year,No,No internet service,No internet service,Yes,No,4,Hyderabad,Standard,0
CUST_01664,46,76.87150591564762,343.9895324222089,Two year,Fiber optic,No,No,No,No,11,Hyderabad,Basic,0
CUST_01665,71,113.49651955633473,4837.708332484622,Two year,Fiber optic,No,No,No internet service,No internet service,17,Chennai,Premium,1
CUST_01666,45,106.40251753673829,3397.4422812481307,One year,Fiber optic,No internet service,No internet service,No,No,4,Chennai,Premium,1
CUST_01667,67,118.22305014520487,8312.205413993117,One year,No,No,Yes,No internet service,Yes,14,Delhi,Basic,0
CUST_01668,32,71.83907183124995,4323.126032955482,One year,Fiber optic,No internet service,Yes,No,No,11,Chennai,Basic,0
CUST_01669,0,98.36895572065222,4702.3350762831715,One year,Fiber optic,No,No,Yes,Yes,0,Delhi,Basic,1
CUST_01670,18,103.72083381191273,6060.260111321993,Month-to-month,Fiber optic,No internet service,Yes,No internet service,No,17,Chennai,Premium,0
CUST_01671,30,84.0992290477479,4127.855396907735,Two year,DSL,Yes,No internet service,No internet service,Yes,5,Chennai,Premium,0
CUST_01672,13,52.55249022987974,1922.7910287054056,One year,Fiber optic,No internet service,No internet service,No internet service,No,5,Hyderabad,Basic,0
CUST_01673,52,65.93780033509503,4575.190694423936,One year,No,Yes,No internet service,Yes,No internet service,10,Bangalore,Premium,0
CUST_01674,47,105.5075413688439,8027.288562895091,Two year,No,No internet service,No,Yes,Yes,10,Chennai,Basic,0
CUST_01675,68,48.451888450180725,3494.865001644978,One year,Fiber optic,Yes,No,No internet service,Yes,15,Pune,Standard,0
CUST_01676,61,112.22179938919815,5782.714580307226,Month-to-month,No,No,No,No internet service,No,5,Pune,Premium,0
CUST_01677,65,41.44024682511184,8313.685990128379,One year,No,Yes,No internet service,Yes,Yes,0,Pune,Premium,0
CUST_01678,63,94.45067434599163,7057.401058725966,Two year,Fiber optic,No,No,Yes,No,15,Chennai,Premium,0
CUST_01679,69,82.3170419032653,5607.9275168127515,Month-to-month,DSL,No internet service,No internet service,Yes,No internet service,2,Delhi,Basic,0
CUST_01680,62,94.45914299431774,6260.722214019423,Month-to-month,Fiber optic,No,Yes,Yes,No internet service,5,Hyderabad,Premium,0
CUST_01681,72,62.60945238812467,7961.250909680831,Two year,No,No,No,Yes,No,2,Pune,Basic,0
CUST_01682,32,113.12938838050643,8158.617349523825,Two year,No,No,Yes,Yes,No,18,Hyderabad,Premium,0
CUST_01683,40,82.5121646459707,8236.787681391168,Month-to-month,Fiber optic,No internet service,Yes,No,No internet service,7,Bangalore,Premium,1
CUST_01684,47,47.40617206453415,5324.692290413792,One year,No,Yes,No,Yes,Yes,1,Bangalore,Premium,0
CUST_01685,12,83.12241720651866,3281.1242141569364,Two year,DSL,No,No,Yes,Yes,18,Bangalore,Premium,0
CUST_01686,72,47.255206215117184,1147.404839807336,Month-to-month,Fiber optic,No internet service,Yes,No internet service,Yes,14,Chennai,Standard,0
CUST_01687,30,47.950503959507174,3288.218147369297,Two year,No,No,Yes,No internet service,No internet service,13,Delhi,Standard,0
CUST_01688,67,58.759048185328524,8016.14816706752,One year,DSL,Yes,Yes,No,No,13,Pune,Standard,0
CUST_01689,3,104.94790259205014,7565.258837584649,One year,No,No,No internet service,Yes,No internet service,3,Mumbai,Basic,0
CUST_01690,18,69.03038318818719,4459.681253617337,Month-to-month,DSL,No,Yes,No internet service,Yes,18,Pune,Standard,1
CUST_01691,69,87.24788590748116,4572.895804889664,One year,No,No,No internet service,No internet service,No,6,Pune,Basic,1
CUST_01692,12,57.98070950799523,2638.2624052645315,One year,Fiber optic,Yes,No,No,No,15,Delhi,Standard,0
CUST_01693,22,44.88775486030191,3873.1359235778236,One year,No,Yes,Yes,Yes,Yes,7,Hyderabad,Basic,0
CUST_01694,0,115.3732963930556,6077.95212559395,Two year,Fiber optic,No internet service,No,No internet service,No,14,Bangalore,Premium,1
CUST_01695,53,79.56528720655238,3431.417414944571,Month-to-month,DSL,No,Yes,Yes,Yes,19,Mumbai,Premium,1
CUST_01696,70,113.26303653543727,1612.479202948919,Month-to-month,DSL,No,No,No,No internet service,4,Hyderabad,Standard,0
CUST_01697,14,38.74812622422813,4605.5709475943095,Month-to-month,No,No,Yes,No,No,0,Bangalore,Basic,0
CUST_01698,64,32.98320471911914,1929.30768295561,One year,Fiber optic,No,No internet service,Yes,Yes,11,Pune,Premium,0
CUST_01699,70,105.29393652663818,8281.907050098875,Two year,Fiber optic,Yes,No,No,Yes,8,Mumbai,Premium,1
CUST_01700,14,87.45355568695965,3328.863150649395,Month-to-month,DSL,Yes,No,No internet service,No internet service,18,Delhi,Standard,0
CUST_01701,20,37.031006923871416,7733.778289188524,Two year,DSL,No,Yes,No,No,17,Pune,Basic,0
CUST_01702,18,45.47468946768085,1931.1489991919414,Month-to-month,No,No,No internet service,No,No,6,Hyderabad,Premium,1
CUST_01703,59,99.66772203558173,1622.8707830035958,One year,DSL,No,No internet service,Yes,No,10,Chennai,Basic,1
CUST_01704,32,64.29459923958548,5250.555376515053,Month-to-month,DSL,No,No internet service,No internet service,No,10,Pune,Basic,0
CUST_01705,48,86.39513166362127,6628.693342168765,Month-to-month,Fiber optic,No internet service,Yes,Yes,No internet service,19,Mumbai,Basic,1
CUST_01706,34,50.47190625787311,4825.297030595851,One year,Fiber optic,No internet service,No,Yes,No internet service,19,Mumbai,Basic,0
CUST_01707,43,56.88545518303742,1967.12698833981,One year,Fiber optic,No,Yes,Yes,No,14,Pune,Basic,0
CUST_01708,10,119.05268097955671,339.4199859820546,Month-to-month,DSL,No,No internet service,No,Yes,16,Pune,Standard,0
CUST_01709,71,43.25694289182129,5262.325781342106,Two year,No,No,No internet service,No,No,2,Delhi,Standard,0
CUST_01710,65,69.65855045772443,1129.4577455505805,One year,No,No internet service,No,Yes,No,10,Delhi,Premium,0
CUST_01711,45,104.12903900543428,2928.8221148082334,Month-to-month,DSL,Yes,Yes,No,Yes,12,Hyderabad,Basic,1
CUST_01712,8,42.40076779391751,5750.006280639385,One year,No,No internet service,Yes,No,No,5,Chennai,Basic,0
CUST_01713,2,60.35180318180173,849.4348230244283,Two year,DSL,No internet service,No internet service,Yes,Yes,13,Bangalore,Premium,0
CUST_01714,25,80.73931131173882,1097.347051527513,Month-to-month,No,No,No,No internet service,No internet service,10,Pune,Basic,1
CUST_01715,71,67.08119145046047,541.0527703814018,Month-to-month,DSL,No,No,No internet service,Yes,12,Mumbai,Premium,0
CUST_01716,47,64.86923119017237,8466.743171387703,Two year,Fiber optic,Yes,No internet service,No,No internet service,16,Mumbai,Standard,0
CUST_01717,65,54.975992594856606,3301.185151278612,Two year,No,No,Yes,No internet service,No,13,Hyderabad,Basic,0
CUST_01718,69,77.83792543304236,7700.95461272517,Month-to-month,Fiber optic,No,Yes,No internet service,Yes,13,Bangalore,Basic,1
CUST_01719,27,81.68601518820824,2508.1933851147605,Two year,Fiber optic,Yes,No,No,Yes,3,Bangalore,Basic,0
CUST_01720,25,84.63553317193899,6406.664157521685,Two year,No,No,No,No internet service,No,3,Pune,Basic,0
CUST_01721,24,25.17754700641499,1876.1230395615978,Month-to-month,DSL,No,No internet service,No,No internet service,13,Bangalore,Basic,1
CUST_01722,11,82.36548592262899,4244.790187236459,One year,Fiber optic,No,No,Yes,Yes,13,Hyderabad,Standard,1
CUST_01723,4,115.23019223568575,7012.390700706803,Two year,Fiber optic,No internet service,Yes,No internet service,Yes,6,Mumbai,Basic,0
CUST_01724,47,73.18059602386452,6942.148371428091,One year,DSL,No,Yes,Yes,No,15,Delhi,Basic,0
CUST_01725,36,90.95724241594291,6755.089044670205,One year,DSL,No internet service,No,Yes,No internet service,13,Mumbai,Premium,0
CUST_01726,43,74.78669539144022,7004.915291393006,One year,No,No,No internet service,No,No,4,Delhi,Standard,0
CUST_01727,14,105.18354309638183,1811.707890036468,Two year,No,No,Yes,No internet service,Yes,6,Delhi,Basic,0
CUST_01728,42,112.81747564895203,4108.158423857198,Month-to-month,DSL,No internet service,Yes,No internet service,No,16,Hyderabad,Basic,0
CUST_01729,47,36.790429728228645,4130.6798475331,Month-to-month,Fiber optic,No internet service,No internet service,No internet service,No,14,Pune,Standard,0
CUST_01730,69,62.55972372882691,7571.2420976849935,Month-to-month,DSL,No,No,No internet service,No internet service,6,Bangalore,Premium,0
CUST_01731,45,58.02297429513757,2536.236496965955,Month-to-month,No,Yes,Yes,No,No internet service,9,Pune,Standard,1
CUST_01732,42,59.33194257652642,7918.948167725907,Month-to-month,Fiber optic,No,Yes,Yes,No,17,Hyderabad,Standard,1
CUST_01733,20,30.80346648524334,3841.649435348332,Month-to-month,Fiber optic,No internet service,No internet service,No internet service,No,10,Pune,Premium,0
CUST_01734,22,100.98880405003337,5699.1333609508665,One year,No,No,No,No internet service,No,13,Pune,Standard,1
CUST_01735,46,21.648156787523394,2298.666558353314,One year,Fiber optic,No,No internet service,No,Yes,3,Delhi,Premium,0
CUST_01736,14,71.87911398817,3498.1485421431485,One year,DSL,No internet service,No internet service,No internet service,No internet service,2,Mumbai,Premium,0
CUST_01737,24,85.5115955805585,6038.531505810449,Two year,No,Yes,No,No internet service,Yes,13,Delhi,Basic,0
CUST_01738,35,39.16188268200547,4367.121257180262,Two year,Fiber optic,Yes,Yes,Yes,No internet service,19,Hyderabad,Basic,0
CUST_01739,50,110.39671959407715,7912.265355140447,Two year,No,No internet service,No internet service,No internet service,No internet service,2,Pune,Standard,0
CUST_01740,14,103.5320191165289,6270.293960742404,Month-to-month,Fiber optic,No internet service,Yes,No internet service,Yes,2,Pune,Basic,0
CUST_01741,67,66.05054040736039,4805.265614180908,One year,DSL,No,Yes,Yes,Yes,19,Mumbai,Premium,0
CUST_01742,20,59.93719109869415,7538.73287592403,Two year,No,No internet service,Yes,No internet service,No,11,Bangalore,Premium,0
CUST_01743,12,42.1299283715322,5663.249289706129,One year,Fiber optic,No internet service,Yes,Yes,No internet service,9,Hyderabad,Standard,0
CUST_01744,18,92.45930891378629,5508.572255552107,Month-to-month,DSL,No,No internet service,No,No internet service,19,Pune,Standard,1
CUST_01745,33,31.43786756246034,2107.7216477581746,One year,DSL,No,No,Yes,No internet service,17,Pune,Basic,0
CUST_01746,67,87.38425089206586,3367.176781610285,Month-to-month,DSL,No,Yes,Yes,No,11,Chennai,Standard,0
CUST_01747,51,103.93061258407819,5813.78158138731,Two year,Fiber optic,Yes,Yes,No internet service,No internet service,3,Pune,Standard,0
CUST_01748,26,41.304100743536424,7582.177296800145,Month-to-month,Fiber optic,Yes,Yes,No internet service,No internet service,18,Delhi,Standard,0
CUST_01749,28,106.37559509567313,2694.473671456171,Month-to-month,DSL,No internet service,No,No internet service,Yes,18,Bangalore,Premium,1
CUST_01750,27,21.398966342829862,1845.7490453203964,One year,DSL,No,Yes,No internet service,Yes,16,Bangalore,Basic,0
CUST_01751,34,111.10431330942559,5053.7292923160885,Month-to-month,DSL,No internet service,No,Yes,No,7,Pune,Premium,1
CUST_01752,7,30.0729472408324,587.9657861072127,Two year,DSL,No internet service,No internet service,No,No internet service,10,Mumbai,Premium,0
CUST_01753,15,83.86743614967932,6078.742711698944,Two year,DSL,Yes,No,No internet service,No,4,Hyderabad,Standard,0
CUST_01754,35,43.50841182922207,5982.021124164412,Month-to-month,Fiber optic,Yes,Yes,Yes,Yes,4,Pune,Premium,0
CUST_01755,29,103.3283438993006,3028.8218748245677,One year,No,No internet service,No internet service,No,No internet service,12,Pune,Basic,0
CUST_01756,17,70.25463681337757,7589.691855671456,Two year,No,No,No,No,No internet service,3,Delhi,Basic,0
CUST_01757,1,31.79460150714314,4277.50044253488,Two year,No,Yes,Yes,No,No,12,Pune,Basic,1
CUST_01758,48,76.24114027524979,5495.37831177749,Month-to-month,Fiber optic,Yes,No internet service,Yes,No internet service,15,Chennai,Premium,0
CUST_01759,3,59.60402624009228,1795.6446838009815,Month-to-month,No,Yes,No internet service,No internet service,No internet service,11,Delhi,Premium,1
CUST_01760,6,85.46767729453632,3557.8807228271203,Two year,No,No internet service,No,Yes,Yes,13,Pune,Premium,1
CUST_01761,38,107.95413504587286,7333.025576568173,Month-to-month,No,Yes,Yes,No internet service,No,8,Pune,Basic,1
CUST_01762,12,59.757691380708685,1824.1532430175316,Month-to-month,No,No,No,No,Yes,5,Hyderabad,Basic,1
CUST_01763,30,47.56782931245368,3330.8518707393205,Two year,DSL,Yes,No internet service,No,No,7,Bangalore,Basic,0
CUST_01764,70,19.480539641816097,2715.925249839398,One year,Fiber optic,No internet service,No internet service,Yes,Yes,15,Chennai,Premium,0
CUST_01765,62,76.63358186170724,1299.716588023065,One year,No,No internet service,Yes,No,No,18,Mumbai,Basic,0
CUST_01766,55,59.03202627800622,2475.3873815577567,Two year,DSL,No internet service,No internet service,Yes,No internet service,1,Hyderabad,Basic,0
CUST_01767,41,56.21422033951253,1992.3745092849883,Month-to-month,No,No internet service,Yes,No internet service,No internet service,5,Delhi,Standard,1
CUST_01768,60,36.65940277098968,7851.921173572979,Two year,No,No,No,No,No,1,Hyderabad,Premium,0
CUST_01769,41,61.86564520950998,6303.830420131995,Two year,No,No internet service,No internet service,No internet service,No,18,Mumbai,Premium,0
CUST_01770,55,118.41307926550357,2699.173616681916,Month-to-month,No,Yes,No internet service,No,No,18,Delhi,Basic,1
CUST_01771,35,48.37092367456892,6492.6418496046645,One year,No,No,Yes,No internet service,No,12,Chennai,Standard,0
CUST_01772,67,79.16985016762622,205.79108163329718,One year,DSL,No internet service,Yes,No,No internet service,16,Delhi,Standard,0
CUST_01773,6,97.20166189419801,4483.9825967608085,Month-to-month,No,No internet service,No,No internet service,No,7,Delhi,Basic,1
CUST_01774,53,94.41409796400623,2141.3377695974973,Two year,DSL,No,Yes,No,No internet service,8,Mumbai,Standard,0
CUST_01775,0,51.53497732424425,987.6798130798172,Month-to-month,No,Yes,No internet service,Yes,No internet service,4,Delhi,Basic,0
CUST_01776,43,80.30772851871873,7514.03983736706,Two year,Fiber optic,No,No,No internet service,No,7,Hyderabad,Premium,1
CUST_01777,44,106.86899789755604,1708.8064116151406,Month-to-month,DSL,Yes,No,No internet service,No internet service,8,Bangalore,Standard,1
CUST_01778,46,19.57563762877395,6993.521250370367,Month-to-month,No,Yes,No,Yes,No,15,Mumbai,Standard,1
CUST_01779,12,62.44490439801738,3522.9547504852035,One year,DSL,No internet service,Yes,Yes,No internet service,15,Mumbai,Standard,0
CUST_01780,21,40.875888660674335,139.21431148522026,One year,No,No,Yes,Yes,No,11,Mumbai,Basic,0
CUST_01781,20,57.640493620681575,6231.343458131296,Month-to-month,No,No,No internet service,No,No,10,Hyderabad,Premium,1
CUST_01782,8,60.43094001347465,5076.323469216679,Month-to-month,DSL,No internet service,No,Yes,Yes,17,Hyderabad,Standard,1
CUST_01783,25,94.16043840823697,2937.2659130294437,One year,No,No internet service,No,No,Yes,12,Hyderabad,Premium,1
CUST_01784,8,27.5698309843352,2406.0726115625657,Two year,No,Yes,No,No,No,2,Pune,Premium,0
CUST_01785,14,70.28355811951607,643.0492026060273,One year,No,No internet service,No internet service,Yes,Yes,17,Hyderabad,Standard,0
CUST_01786,9,75.54786876347202,8003.171895392779,Two year,No,No,Yes,Yes,No internet service,10,Delhi,Premium,1
CUST_01787,41,68.40407556228405,4207.979791958271,One year,No,No internet service,No,No,No,10,Mumbai,Basic,0
CUST_01788,71,92.65107181239745,743.4189580805482,One year,No,No internet service,Yes,No internet service,No,4,Pune,Basic,0
CUST_01789,23,57.14670810249843,7386.141365908599,Two year,DSL,No internet service,Yes,No internet service,No,2,Mumbai,Basic,0
CUST_01790,48,114.38664049128776,2383.0629718407213,Month-to-month,Fiber optic,No internet service,Yes,Yes,Yes,1,Chennai,Premium,0
CUST_01791,25,67.14395113897203,1744.9582348613421,One year,No,No internet service,Yes,No internet service,Yes,14,Bangalore,Basic,0
CUST_01792,36,76.26381878070936,2400.9113520186993,One year,DSL,Yes,Yes,No,No internet service,4,Delhi,Standard,0
CUST_01793,67,102.20414398136845,4806.695111905518,One year,Fiber optic,No internet service,No internet service,No internet service,Yes,4,Bangalore,Premium,1
CUST_01794,49,46.074082804974495,646.1471015038636,Month-to-month,DSL,No internet service,Yes,No,Yes,15,Delhi,Basic,0
CUST_01795,23,25.67060693380585,4104.262103178542,One year,Fiber optic,No,No,Yes,No internet service,16,Delhi,Basic,0
CUST_01796,18,90.19396579297322,7615.695901544419,Month-to-month,Fiber optic,No internet service,No,Yes,No,6,Delhi,Basic,0
CUST_01797,59,67.26720926593462,1614.0714759668226,One year,Fiber optic,No,No,No internet service,No,1,Mumbai,Basic,0
CUST_01798,38,109.44343359781746,2827.1431653953323,Two year,DSL,No,No internet service,Yes,No internet service,13,Bangalore,Standard,0
CUST_01799,17,118.23336496968828,3377.9065075681187,One year,Fiber optic,No,Yes,Yes,Yes,17,Bangalore,Basic,0
CUST_01800,18,58.70915375862238,4990.324075174094,One year,No,No,No,No,No internet service,11,Hyderabad,Standard,0
CUST_01801,35,60.37477965848541,7815.114519036174,Month-to-month,No,Yes,No,No,No internet service,16,Bangalore,Premium,1
CUST_01802,54,59.6121854249841,3364.481564312253,Month-to-month,Fiber optic,Yes,No,No,No,5,Hyderabad,Standard,0
CUST_01803,68,51.10451919255446,604.554394628791,Month-to-month,Fiber optic,No,Yes,No,Yes,4,Chennai,Basic,0
CUST_01804,46,97.73208397217255,2969.3192066576776,Two year,No,Yes,No,Yes,No,6,Hyderabad,Basic,0
CUST_01805,48,95.41756777405422,1630.3044696718835,Two year,DSL,Yes,Yes,No,No,17,Pune,Premium,0
CUST_01806,32,66.82177679615353,5546.351129343634,Month-to-month,DSL,No internet service,No,No,No internet service,19,Delhi,Standard,0
CUST_01807,20,22.555444070647674,266.20120995731156,Two year,No,Yes,No,No,No,10,Mumbai,Basic,1
CUST_01808,21,49.575048754333494,2494.1500146418084,Month-to-month,DSL,No,Yes,No internet service,No,4,Pune,Standard,0
CUST_01809,47,47.81491074859343,4642.161688347082,Two year,DSL,No,No,No,No,5,Delhi,Basic,1
CUST_01810,36,100.73089911242636,2370.3487357123195,Month-to-month,Fiber optic,No,No internet service,Yes,Yes,6,Chennai,Premium,1
CUST_01811,14,26.932708488449823,4691.541993334446,Month-to-month,DSL,No,Yes,Yes,Yes,2,Pune,Standard,0
CUST_01812,34,100.17888866235582,990.9899167916878,Two year,No,No internet service,No,No,No,2,Mumbai,Basic,0
CUST_01813,70,86.25673252431258,8014.876149127978,One year,DSL,Yes,No internet service,No internet service,No internet service,1,Chennai,Premium,0
CUST_01814,31,92.70902883130582,2485.4715397720993,Month-to-month,Fiber optic,No,No internet service,No internet service,No internet service,19,Pune,Basic,1
CUST_01815,10,62.0857451336724,7846.8931197049915,Month-to-month,No,No internet service,Yes,No internet service,No,3,Delhi,Basic,1
CUST_01816,9,87.33203119217933,2781.7361978741615,One year,No,No,No,No internet service,Yes,4,Mumbai,Premium,1
CUST_01817,72,80.1209523601054,6649.568501529282,Month-to-month,No,Yes,Yes,No,No internet service,1,Chennai,Standard,1
CUST_01818,56,96.43597991332021,2106.161165986348,Month-to-month,Fiber optic,No internet service,No internet service,No,No internet service,15,Pune,Standard,0
CUST_01819,24,63.570523115761716,5698.979830068597,Two year,No,Yes,No internet service,Yes,Yes,11,Hyderabad,Premium,0
CUST_01820,1,66.22821373942284,2763.7609256447113,One year,Fiber optic,No internet service,Yes,Yes,Yes,14,Bangalore,Premium,0
CUST_01821,63,83.64477471946167,4336.687733956326,Month-to-month,Fiber optic,No,Yes,No internet service,No internet service,3,Delhi,Premium,0
CUST_01822,34,29.02390435397161,5733.29158436754,Month-to-month,DSL,No,No,No internet service,No,2,Hyderabad,Premium,0
CUST_01823,6,62.49693373316037,5012.901409131512,One year,No,Yes,No internet service,Yes,No internet service,13,Chennai,Standard,0
CUST_01824,17,117.13898621650017,4906.011992232295,One year,DSL,Yes,Yes,Yes,Yes,12,Chennai,Premium,0
CUST_01825,66,21.830336646124653,575.1048480479099,Two year,DSL,No internet service,No internet service,No internet service,Yes,5,Pune,Premium,0
CUST_01826,41,50.232481732372165,2130.6696904794417,Two year,Fiber optic,Yes,Yes,Yes,Yes,3,Pune,Standard,0
CUST_01827,38,50.039201547115816,4868.340856563186,Two year,DSL,Yes,No,No internet service,Yes,0,Mumbai,Basic,0
CUST_01828,40,82.6133401620488,173.36655160377987,Month-to-month,DSL,No,No internet service,No,No,2,Hyderabad,Basic,0
CUST_01829,23,28.79163666126227,2143.9645718937395,One year,DSL,No,No,No internet service,No internet service,11,Chennai,Standard,1
CUST_01830,59,82.11149114964384,1961.9492008554107,Two year,No,No,No,No,Yes,2,Mumbai,Standard,0
CUST_01831,45,27.694104546465184,2137.2795263841977,One year,DSL,No,No internet service,No,Yes,17,Bangalore,Standard,0
CUST_01832,18,27.685272036669765,4561.039775324357,Month-to-month,Fiber optic,No,Yes,No,Yes,13,Bangalore,Standard,1
CUST_01833,67,92.27470243322519,4954.18772279079,Month-to-month,No,No,No,Yes,No internet service,4,Mumbai,Premium,1
CUST_01834,41,51.06178773094523,7728.120988270185,One year,Fiber optic,No,No,Yes,Yes,0,Hyderabad,Premium,1
CUST_01835,31,117.69714066680228,3292.3153578403912,One year,No,No internet service,No internet service,No internet service,No internet service,13,Mumbai,Standard,0
CUST_01836,38,21.809999516426604,7877.242375207994,Two year,No,No,No internet service,No,No,11,Pune,Basic,0
CUST_01837,35,63.400879699235404,5547.876754155732,One year,No,No,No internet service,No internet service,Yes,0,Mumbai,Basic,0
CUST_01838,35,29.53986564275041,7759.185478028513,Two year,Fiber optic,No,No,No,No,1,Hyderabad,Standard,0
CUST_01839,2,53.84065460932708,7087.51036645017,One year,DSL,No,Yes,No,No internet service,11,Bangalore,Standard,1
CUST_01840,72,119.81868996212316,5850.074284984005,One year,No,No,Yes,No internet service,No,12,Chennai,Basic,0
CUST_01841,7,108.66193619733025,3038.490239719814,One year,Fiber optic,Yes,No internet service,No internet service,Yes,19,Bangalore,Basic,0
CUST_01842,69,22.929089703250483,2063.0988172660236,Month-to-month,No,Yes,No,No internet service,No,14,Pune,Premium,1
CUST_01843,40,75.45209607021971,1904.3241560130573,Month-to-month,DSL,No,No,No internet service,No,15,Hyderabad,Basic,0
CUST_01844,67,84.07787509209244,8094.3384893041775,Month-to-month,No,No,No,Yes,No,18,Delhi,Basic,1
CUST_01845,12,39.37253164291282,8148.623337423215,Two year,Fiber optic,No,No internet service,No,No,4,Hyderabad,Basic,0
CUST_01846,48,32.800768486437924,6166.019710233189,Two year,No,No internet service,No,No,No,1,Bangalore,Basic,1
CUST_01847,59,110.24687573588339,7514.357536936681,Month-to-month,Fiber optic,No,No,Yes,No internet service,5,Bangalore,Premium,1
CUST_01848,1,116.81927703130442,7812.925455236591,Month-to-month,DSL,No internet service,Yes,No,No internet service,7,Hyderabad,Premium,1
CUST_01849,59,119.17307144660347,4357.019658876806,One year,DSL,No internet service,No internet service,Yes,Yes,6,Hyderabad,Premium,0
CUST_01850,4,98.55570092093272,5353.684295882711,One year,No,No,No internet service,No,No internet service,12,Hyderabad,Basic,0
CUST_01851,43,85.67721107933623,3569.8756513592602,Two year,DSL,Yes,No internet service,Yes,No internet service,5,Bangalore,Premium,0
CUST_01852,26,53.26448572368579,3567.6386626676017,Two year,Fiber optic,No,No,Yes,Yes,8,Pune,Standard,1
CUST_01853,31,35.482627857124754,343.9540879436212,One year,No,No,No,No,No internet service,11,Mumbai,Premium,0
CUST_01854,20,26.056021135355635,3697.6736278321205,Two year,Fiber optic,Yes,Yes,No,Yes,9,Delhi,Basic,0
CUST_01855,7,88.71634179225218,5730.540581254821,Month-to-month,No,Yes,No internet service,No,Yes,10,Mumbai,Basic,1
CUST_01856,71,98.04178834829455,3597.252732915936,One year,Fiber optic,No,No,No internet service,No internet service,0,Pune,Standard,0
CUST_01857,49,102.29827255040796,7417.778879270345,One year,No,No,Yes,No,No,9,Bangalore,Premium,0
CUST_01858,66,111.20403033698746,2838.798962316328,Two year,Fiber optic,No internet service,No,No,Yes,15,Mumbai,Standard,0
CUST_01859,43,107.7528154911141,1143.4091189291253,One year,Fiber optic,Yes,No,No,No,18,Hyderabad,Basic,0
CUST_01860,57,119.97360977032545,6901.640814763882,One year,No,No internet service,No internet service,No internet service,Yes,9,Chennai,Premium,1
CUST_01861,2,42.894529118659634,5734.426243263118,Month-to-month,Fiber optic,No internet service,No internet service,No,No internet service,14,Hyderabad,Premium,1
CUST_01862,69,95.85737675164548,2069.1128490431747,One year,DSL,No internet service,No,Yes,No,13,Delhi,Premium,0
CUST_01863,1,77.81887026222935,4568.17955375022,One year,Fiber optic,No internet service,No,Yes,Yes,2,Hyderabad,Standard,1
CUST_01864,43,44.64700351026541,3426.5115359525475,One year,No,Yes,No,No internet service,No internet service,3,Chennai,Basic,0
CUST_01865,1,118.15434287326816,7981.4086237272495,One year,DSL,Yes,No,No internet service,No,7,Bangalore,Premium,0
CUST_01866,34,109.58560668697372,5169.390795188775,Month-to-month,DSL,Yes,No,No internet service,No internet service,0,Mumbai,Standard,1
CUST_01867,29,31.108598181299875,1361.4577133880628,One year,Fiber optic,No,No internet service,No internet service,No internet service,19,Hyderabad,Standard,0
CUST_01868,7,20.668150916988825,4277.223175266908,Month-to-month,Fiber optic,No internet service,No internet service,No internet service,No,14,Pune,Premium,0
CUST_01869,21,88.20973775793304,7334.207053467302,Month-to-month,Fiber optic,No,No,No,Yes,6,Mumbai,Standard,1
CUST_01870,43,79.62132414336659,5713.634755215339,Month-to-month,DSL,Yes,No,Yes,Yes,11,Delhi,Basic,1
CUST_01871,57,113.45319365933689,7163.678509468802,Two year,DSL,Yes,No internet service,Yes,No internet service,2,Pune,Premium,0
CUST_01872,35,41.868539290357724,2141.886980208361,Two year,DSL,No,No,No,Yes,4,Pune,Standard,0
CUST_01873,68,26.607570685288678,7552.99638011725,One year,No,No internet service,No internet service,No internet service,No,7,Mumbai,Standard,0
CUST_01874,30,44.439964044742624,6427.095316532627,Month-to-month,No,Yes,No internet service,No,No,10,Delhi,Premium,0
CUST_01875,46,19.93061933216927,6200.646473625783,Two year,Fiber optic,No internet service,No internet service,No internet service,No internet service,18,Delhi,Standard,0
CUST_01876,54,21.66106062127111,2957.361353734214,One year,No,No internet service,No internet service,Yes,No internet service,11,Pune,Basic,0
CUST_01877,61,111.31549620391748,7547.1156968168,Two year,No,Yes,Yes,Yes,No,19,Hyderabad,Standard,0
CUST_01878,29,53.90569141519158,5429.341079049263,Month-to-month,Fiber optic,No,No,No internet service,No,6,Pune,Basic,0
CUST_01879,54,59.90251810298743,7243.3024427502905,One year,Fiber optic,No internet service,No,No,No internet service,13,Pune,Premium,1
CUST_01880,15,19.87390876288665,3079.759889675557,Month-to-month,DSL,No,No,No internet service,No internet service,1,Pune,Premium,0
CUST_01881,11,45.593221577528354,1253.421036407872,Month-to-month,DSL,No internet service,No internet service,No internet service,No,11,Chennai,Standard,1
CUST_01882,16,100.08205034162596,2836.883962628774,Two year,Fiber optic,No internet service,No internet service,Yes,No internet service,8,Mumbai,Basic,1
CUST_01883,15,80.78007788600536,3879.552194436298,One year,Fiber optic,Yes,No internet service,No internet service,Yes,11,Delhi,Standard,0
CUST_01884,11,94.88562131081436,4542.361355984067,One year,No,No,No,No,No,5,Delhi,Basic,0
CUST_01885,7,63.61580156096608,4350.683767665261,One year,No,No internet service,No internet service,No internet service,No,5,Delhi,Premium,0
CUST_01886,2,49.59238061863566,4649.635053046939,Two year,No,No,Yes,Yes,No internet service,18,Bangalore,Premium,0
CUST_01887,15,67.24662951949378,7157.348300621041,One year,Fiber optic,No internet service,No,No,No internet service,19,Pune,Premium,1
CUST_01888,29,50.95324897738662,1460.7987701680572,Two year,Fiber optic,No,Yes,No,No,5,Mumbai,Premium,0
CUST_01889,22,103.57505186075494,2698.7470856223626,One year,DSL,No,Yes,Yes,No internet service,16,Mumbai,Basic,0
CUST_01890,4,48.36271899047026,7555.177215873499,Two year,No,Yes,No,Yes,Yes,16,Delhi,Basic,0
CUST_01891,64,85.29589132621454,4771.806491063758,One year,DSL,No internet service,Yes,No internet service,No internet service,16,Mumbai,Standard,1
CUST_01892,29,31.97218667557184,4966.312880474711,Two year,Fiber optic,No internet service,Yes,Yes,No,9,Mumbai,Standard,0
CUST_01893,20,88.06038236096082,4072.926503415543,Month-to-month,No,No internet service,No internet service,Yes,No internet service,10,Bangalore,Standard,0
CUST_01894,69,111.15657058320345,4674.4028539524315,Month-to-month,DSL,No internet service,Yes,Yes,No,7,Delhi,Standard,0
CUST_01895,21,80.07548177327064,1698.1122746107783,Month-to-month,Fiber optic,Yes,No internet service,Yes,Yes,13,Mumbai,Standard,1
CUST_01896,71,75.10524876351667,4656.525040864564,One year,DSL,Yes,Yes,No,No,18,Chennai,Standard,0
CUST_01897,31,116.0340633382073,8476.022470942093,Two year,No,No internet service,No,No,Yes,17,Delhi,Premium,0
CUST_01898,32,81.99444864221633,4819.215513542931,Month-to-month,DSL,No,No,No,Yes,14,Mumbai,Basic,1
CUST_01899,15,44.47414419385443,394.62171327034935,One year,DSL,Yes,No,Yes,Yes,17,Bangalore,Standard,0
CUST_01900,37,47.82388443246953,6773.367135382296,Two year,Fiber optic,No,No,No internet service,Yes,19,Pune,Basic,0
CUST_01901,13,89.94127753866458,3380.9045864317736,Month-to-month,No,No,No internet service,No internet service,Yes,16,Chennai,Premium,1
CUST_01902,35,93.014532577003,1321.4810915902476,Month-to-month,DSL,No,Yes,No internet service,No internet service,4,Hyderabad,Basic,1
CUST_01903,22,48.95661564247955,7333.892996414796,One year,Fiber optic,No internet service,Yes,No internet service,Yes,3,Hyderabad,Premium,0
CUST_01904,65,53.22508574848568,1697.209153447595,Two year,No,Yes,No,No,No internet service,10,Pune,Basic,0
CUST_01905,1,119.08776389138687,7827.949000780079,One year,Fiber optic,No internet service,No internet service,No internet service,No internet service,15,Chennai,Premium,1
CUST_01906,72,28.399160057188297,3765.3178319341796,Month-to-month,No,No,No internet service,No,No internet service,6,Hyderabad,Premium,0
CUST_01907,64,59.27379290089013,6318.351860346956,One year,Fiber optic,No internet service,No,No internet service,No,15,Chennai,Premium,0
CUST_01908,66,24.36964818214576,4657.618802571331,One year,Fiber optic,No,Yes,No internet service,No,5,Pune,Premium,0
CUST_01909,51,101.74999292382059,2194.7085508089626,Month-to-month,Fiber optic,No internet service,No,No,Yes,19,Pune,Standard,1
CUST_01910,61,27.41927557243409,5710.186860074383,Month-to-month,DSL,No internet service,Yes,No,No internet service,9,Mumbai,Standard,0
CUST_01911,22,86.74875035919653,8143.0142566502345,Two year,DSL,Yes,No,No internet service,No,10,Hyderabad,Premium,0
CUST_01912,25,23.761309248355168,6546.060752324761,Two year,Fiber optic,Yes,Yes,Yes,No internet service,14,Hyderabad,Basic,0
CUST_01913,67,86.6312138565885,5141.280646950661,Month-to-month,No,No,No internet service,No internet service,No,11,Chennai,Basic,0
CUST_01914,54,103.98976858662573,8420.507614310996,Month-to-month,Fiber optic,No,No,No internet service,No internet service,15,Mumbai,Standard,1
CUST_01915,5,58.67979574625385,2268.500792400652,Two year,DSL,No,Yes,No internet service,No,17,Mumbai,Basic,1
CUST_01916,34,71.25690233008204,546.7805004479327,One year,No,No internet service,Yes,No,Yes,6,Delhi,Premium,0
CUST_01917,21,58.95725727653881,290.5340063953274,Month-to-month,DSL,No,Yes,No internet service,Yes,13,Delhi,Premium,0
CUST_01918,42,48.649853380529166,6046.0545944177275,Month-to-month,Fiber optic,Yes,Yes,Yes,Yes,8,Mumbai,Basic,0
CUST_01919,14,99.93286686396708,7060.030917675235,One year,DSL,No,No internet service,No internet service,No internet service,5,Pune,Standard,0
CUST_01920,59,45.74426252056095,5404.922758943755,Two year,DSL,No,Yes,Yes,Yes,10,Pune,Standard,0
CUST_01921,11,91.7402292877236,7694.435599513208,Two year,DSL,No internet service,No internet service,Yes,Yes,12,Pune,Basic,1
CUST_01922,48,39.032102084030626,5938.232833537206,One year,Fiber optic,Yes,Yes,Yes,No,17,Chennai,Standard,0
CUST_01923,41,43.48508719998962,3164.4373108413124,Month-to-month,DSL,No,No internet service,No internet service,No,11,Bangalore,Basic,1
CUST_01924,37,52.31903858287565,1555.4328296046558,One year,Fiber optic,Yes,No internet service,No,No,5,Bangalore,Basic,0
CUST_01925,44,78.09395049416639,7860.859913138764,Month-to-month,Fiber optic,No,Yes,No,Yes,8,Delhi,Standard,0
CUST_01926,34,64.35107655427319,896.711026278621,Two year,DSL,Yes,No internet service,No internet service,No,17,Hyderabad,Basic,0
CUST_01927,29,94.00477060243767,4623.627640577011,Month-to-month,No,No,No,No internet service,No,14,Bangalore,Standard,1
CUST_01928,29,39.78386463429162,2681.4152221699255,Month-to-month,DSL,No,Yes,Yes,Yes,8,Hyderabad,Premium,0
CUST_01929,5,19.08857336058108,2320.142093781862,Month-to-month,DSL,No internet service,No,No internet service,No,9,Hyderabad,Premium,1
CUST_01930,66,97.20886212209244,5495.971213959115,Month-to-month,DSL,No internet service,No internet service,No,No internet service,1,Pune,Standard,0
CUST_01931,6,101.80823205576739,1979.3517029507693,Month-to-month,No,Yes,No internet service,No internet service,No,13,Pune,Basic,1
CUST_01932,51,24.066976637055735,7790.608835389,Two year,No,Yes,No,No internet service,No internet service,10,Pune,Premium,0
CUST_01933,13,80.31256726015644,3462.064436978771,One year,Fiber optic,Yes,Yes,No internet service,No,12,Mumbai,Basic,0
CUST_01934,72,56.57709195505395,5763.497690961137,Two year,No,Yes,No,Yes,No,1,Bangalore,Premium,0
CUST_01935,14,98.97735682984072,6190.823994381054,Month-to-month,No,No internet service,No internet service,No internet service,No internet service,6,Bangalore,Standard,1
CUST_01936,20,107.1902845280408,5810.711453812051,One year,DSL,Yes,Yes,No internet service,Yes,14,Hyderabad,Basic,0
CUST_01937,34,104.80238421331941,7680.640843254624,Month-to-month,Fiber optic,No,No,No internet service,No internet service,6,Hyderabad,Standard,0
CUST_01938,65,97.27483322978692,1978.4519851060759,Two year,Fiber optic,No,No,No,Yes,11,Pune,Basic,0
CUST_01939,1,45.443327331700615,747.9146480275102,Two year,No,No,Yes,Yes,No,6,Mumbai,Premium,1
CUST_01940,34,100.8127436439683,488.4600442021486,Month-to-month,No,No internet service,No,Yes,Yes,4,Pune,Standard,0
CUST_01941,19,72.41480454244186,7463.874084329161,Month-to-month,DSL,Yes,Yes,No,Yes,14,Chennai,Premium,0
CUST_01942,9,23.381174712873264,8273.420757584143,One year,No,No,Yes,Yes,No internet service,6,Bangalore,Basic,1
CUST_01943,24,64.6077626896214,2584.0301224983727,One year,No,No,No,No,Yes,1,Pune,Basic,0
CUST_01944,65,114.10010753705932,5900.385099762889,Month-to-month,Fiber optic,No internet service,Yes,Yes,Yes,1,Pune,Standard,0
CUST_01945,24,108.56165367302637,93.59823534477417,One year,No,No internet service,Yes,Yes,No internet service,18,Bangalore,Premium,0
CUST_01946,53,28.430956661705835,1617.9724688038084,Month-to-month,DSL,No internet service,No internet service,Yes,Yes,8,Mumbai,Standard,0
CUST_01947,32,93.90092194286576,5864.425312039413,Month-to-month,Fiber optic,No,No internet service,No internet service,Yes,1,Mumbai,Premium,1
CUST_01948,35,100.19087232773994,576.8547156718048,Month-to-month,Fiber optic,No internet service,No internet service,Yes,No internet service,13,Chennai,Premium,0
CUST_01949,13,45.681595200150014,3991.9022434199514,Two year,No,No,No,No internet service,No internet service,14,Hyderabad,Basic,0
CUST_01950,64,66.10407421559142,5638.031248419835,Month-to-month,DSL,Yes,No,No internet service,No internet service,11,Bangalore,Basic,0
CUST_01951,53,90.52077002929566,6514.8572090133985,Month-to-month,Fiber optic,No,No,No internet service,Yes,18,Hyderabad,Standard,1
CUST_01952,51,62.78223185975709,3867.2665802101105,Month-to-month,DSL,Yes,No,No,No,14,Bangalore,Basic,0
CUST_01953,2,29.50528572439085,5364.069223007981,One year,DSL,No,Yes,Yes,No internet service,5,Mumbai,Basic,0
CUST_01954,40,90.0000093575356,4594.680489945404,Month-to-month,No,Yes,Yes,Yes,No internet service,9,Pune,Standard,0
CUST_01955,5,110.98714635300095,461.6575588107296,Two year,DSL,No,No internet service,Yes,Yes,9,Mumbai,Standard,1
CUST_01956,24,84.55344229742808,6318.469357338018,Two year,Fiber optic,No,Yes,No internet service,No,2,Mumbai,Standard,0
CUST_01957,12,96.92767635404147,1479.9737705397506,Month-to-month,No,No,No,Yes,No,8,Chennai,Premium,0
CUST_01958,7,54.552978637098505,287.7745159254422,Month-to-month,Fiber optic,No,Yes,No internet service,Yes,4,Bangalore,Premium,1
CUST_01959,20,36.68622100291675,3844.8062659579737,Month-to-month,DSL,No internet service,No internet service,No internet service,No internet service,6,Mumbai,Premium,1
CUST_01960,67,83.56291348506583,7360.33801532177,Two year,DSL,No,No,No internet service,Yes,18,Pune,Standard,0
CUST_01961,24,51.43266299580433,1297.3352902408449,One year,No,No,Yes,No internet service,No,9,Chennai,Basic,0
CUST_01962,67,105.72749893695887,127.05760438018186,One year,No,No internet service,No internet service,Yes,No internet service,10,Hyderabad,Premium,0
CUST_01963,44,30.508061097756674,950.8438777622681,Month-to-month,Fiber optic,No internet service,Yes,No internet service,No,5,Chennai,Basic,1
CUST_01964,59,62.21329737277862,3102.556607760688,One year,Fiber optic,No internet service,No internet service,No,No,18,Chennai,Premium,0
CUST_01965,11,58.46621524777536,4939.017801266238,Two year,DSL,No internet service,No internet service,No,No,6,Delhi,Basic,1
CUST_01966,31,113.68149306250082,1655.1289204683408,Month-to-month,No,No internet service,No internet service,No,No,15,Hyderabad,Premium,1
CUST_01967,12,33.619749661649195,6820.258690601444,One year,DSL,No internet service,No,No internet service,No internet service,11,Delhi,Basic,1
CUST_01968,30,19.004376151225117,6407.4661764973125,Month-to-month,DSL,No internet service,Yes,Yes,No internet service,17,Pune,Premium,0
CUST_01969,19,42.284691706325994,5920.315195990167,Month-to-month,Fiber optic,No internet service,Yes,Yes,No internet service,13,Bangalore,Premium,0
CUST_01970,17,101.66823969640276,4152.718914132444,Two year,Fiber optic,No internet service,No,No internet service,Yes,15,Chennai,Premium,1
CUST_01971,59,39.35082523679574,3115.7702134464635,Two year,Fiber optic,No internet service,No,No internet service,No internet service,5,Chennai,Standard,0
CUST_01972,62,42.56956249795924,3203.725719023525,One year,No,No internet service,Yes,No internet service,No,0,Chennai,Premium,0
CUST_01973,5,31.2496780627547,4285.0442774945295,Two year,Fiber optic,Yes,No,No,No,12,Chennai,Basic,1
CUST_01974,31,90.97449273420713,673.7831741386757,Month-to-month,No,No,No,No internet service,No internet service,5,Delhi,Basic,1
CUST_01975,42,25.055767431552553,5805.314936038413,Two year,DSL,No,Yes,No internet service,No internet service,5,Bangalore,Premium,0
CUST_01976,1,51.7832468375092,2999.4869882869,One year,No,No internet service,No internet service,Yes,Yes,5,Delhi,Basic,1
CUST_01977,59,46.81487011533838,1924.4039544759567,One year,Fiber optic,No internet service,No,Yes,No internet service,11,Chennai,Premium,1
CUST_01978,22,74.62629243859578,2378.7702119694554,One year,No,Yes,Yes,No,Yes,8,Bangalore,Basic,0
CUST_01979,30,92.50245903201302,1547.2561277976995,Two year,No,No internet service,Yes,No,No internet service,19,Hyderabad,Premium,0
CUST_01980,4,72.35339633906824,7665.100501446703,Two year,Fiber optic,Yes,Yes,No,Yes,6,Delhi,Premium,0
CUST_01981,33,112.9646512834569,1451.776213787158,Two year,Fiber optic,No,No,No,No internet service,2,Mumbai,Basic,0
CUST_01982,9,115.04714916650786,7506.979340466225,Two year,DSL,No,No internet service,No internet service,No internet service,14,Hyderabad,Premium,1
CUST_01983,1,54.869463506848575,4871.768484604404,Two year,No,No internet service,No internet service,No internet service,No internet service,1,Hyderabad,Basic,0
CUST_01984,10,97.32339838003905,7375.719003608312,One year,DSL,Yes,Yes,No,Yes,17,Chennai,Premium,1
CUST_01985,49,93.35774109335534,4039.012687792554,One year,DSL,Yes,No,No,No,0,Chennai,Basic,1
CUST_01986,30,109.08238835389238,7886.189208638467,Two year,No,No,No,Yes,Yes,0,Hyderabad,Standard,0
CUST_01987,55,63.69025130118573,1811.8644872860264,Month-to-month,DSL,No,No internet service,Yes,No internet service,10,Delhi,Premium,1
CUST_01988,72,72.10826509417481,4722.895447650583,One year,No,Yes,No internet service,Yes,No,2,Bangalore,Premium,0
CUST_01989,8,60.40897998532055,1085.3637729369416,Month-to-month,DSL,Yes,No,No,Yes,9,Delhi,Premium,1
CUST_01990,20,104.73844576856997,3811.3224590864543,Month-to-month,DSL,No,No internet service,Yes,Yes,11,Delhi,Standard,0
CUST_01991,72,41.429636166937705,4851.923154958517,One year,No,Yes,Yes,No,No,5,Hyderabad,Premium,0
CUST_01992,27,42.45032598072936,5155.337234472845,Month-to-month,Fiber optic,No,No internet service,No internet service,No internet service,6,Delhi,Standard,0
CUST_01993,61,56.00572056486214,3118.4152553675417,Month-to-month,No,Yes,No,No,No,16,Bangalore,Standard,0
CUST_01994,6,41.49496887443982,665.478916855853,One year,Fiber optic,No internet service,Yes,No internet service,No internet service,16,Hyderabad,Standard,0
CUST_01995,15,75.22269731432192,5576.47573746766,One year,No,No,No,No internet service,No,3,Delhi,Basic,0
CUST_01996,3,31.717990862541235,4160.879040364703,Two year,No,Yes,No internet service,No,Yes,0,Chennai,Basic,1
CUST_01997,3,50.658994379213645,1179.0065468172131,One year,Fiber optic,No,No internet service,Yes,Yes,0,Pune,Premium,0
CUST_01998,39,111.17135924451017,7956.099972502537,Month-to-month,Fiber optic,Yes,Yes,No,Yes,16,Delhi,Standard,1
CUST_01999,16,59.74099897956319,8123.981592639966,One year,No,No internet service,Yes,Yes,No internet service,10,Pune,Premium,0
CUST_02000,51,94.31983908233794,7283.734465529671,Two year,No,No internet service,Yes,No internet service,No internet service,2,Pune,Basic,0
CUST_02001,51,29.573143554070548,7175.690924990261,One year,No,No internet service,Yes,No internet service,No,9,Pune,Premium,0
CUST_02002,35,43.251579830462035,854.9297619128521,Month-to-month,Fiber optic,No,No internet service,No internet service,No internet service,1,Hyderabad,Standard,1
CUST_02003,37,100.3492533624376,8444.18936947934,One year,No,No internet service,No,No internet service,No internet service,15,Hyderabad,Standard,0
CUST_02004,49,95.8252795015488,3414.0289266041714,Month-to-month,Fiber optic,No,No internet service,No,No,15,Pune,Standard,0
CUST_02005,62,57.38790369656976,1401.593304784857,One year,DSL,No internet service,No internet service,No internet service,No internet service,7,Chennai,Standard,0
CUST_02006,62,115.34848400741437,6906.24685873847,Two year,Fiber optic,No,Yes,Yes,No,6,Hyderabad,Premium,0
CUST_02007,61,110.88558761512364,1932.6483781036566,Two year,DSL,No internet service,Yes,Yes,No internet service,9,Pune,Standard,1
CUST_02008,6,116.15467640944847,4481.019069919475,One year,No,Yes,No,No internet service,No internet service,3,Pune,Basic,0
CUST_02009,26,61.64729839915411,1103.832265055547,Month-to-month,No,Yes,No,No,Yes,8,Mumbai,Standard,0
CUST_02010,13,38.14230553593967,4043.9450248260864,Two year,Fiber optic,No,No internet service,No internet service,No internet service,4,Hyderabad,Basic,0
CUST_02011,70,81.91918118731678,4752.156147043756,Month-to-month,DSL,No internet service,No,No internet service,No,6,Delhi,Premium,1
CUST_02012,4,87.84686214447825,3800.327028307289,One year,No,No internet service,Yes,Yes,No,3,Bangalore,Premium,0
CUST_02013,54,30.795062013953043,607.3872475520027,Two year,No,Yes,Yes,No,Yes,0,Delhi,Premium,0
CUST_02014,1,98.22126949818241,4131.252857402998,Two year,DSL,No internet service,Yes,No,No,11,Hyderabad,Premium,1
CUST_02015,61,19.842142415515973,3995.573198065,Month-to-month,No,No internet service,No internet service,Yes,Yes,15,Pune,Basic,0
CUST_02016,20,67.2382955226319,2237.0631919794955,Two year,No,No,No,Yes,No internet service,15,Mumbai,Basic,0
CUST_02017,20,51.76365846847928,7835.024768294376,Month-to-month,Fiber optic,Yes,Yes,Yes,Yes,7,Delhi,Standard,0
CUST_02018,9,93.51091210970658,3561.714565946608,Month-to-month,No,No internet service,No internet service,No,No internet service,12,Bangalore,Standard,1
CUST_02019,57,49.901594197025226,7347.4301833377385,One year,DSL,No internet service,No internet service,Yes,No,8,Pune,Premium,0
CUST_02020,38,102.33432550366534,948.1686029508542,Month-to-month,No,No,No internet service,Yes,Yes,9,Delhi,Premium,1
CUST_02021,4,78.68525585564268,2722.717124636831,Two year,Fiber optic,No,No,Yes,No,7,Chennai,Basic,0
CUST_02022,64,98.97712289973134,1513.6383016605155,Month-to-month,No,No,No,No internet service,No,0,Mumbai,Basic,1
CUST_02023,12,118.91274505964162,3482.140302528369,Two year,DSL,No,No,No,No,2,Hyderabad,Premium,0
CUST_02024,52,87.27415126584279,964.9023805833923,Month-to-month,No,No internet service,No internet service,No,No,4,Delhi,Premium,0
CUST_02025,44,118.4649322688877,3758.857223182553,One year,DSL,No internet service,No internet service,No internet service,No,6,Delhi,Basic,0
CUST_02026,31,20.941305346013944,3019.5316459279406,One year,Fiber optic,No internet service,No,No,Yes,15,Delhi,Basic,0
CUST_02027,35,52.49027882534846,1912.158230978112,Month-to-month,No,No,Yes,Yes,No,7,Delhi,Basic,0
CUST_02028,59,29.001032985355533,5464.965772162572,Month-to-month,No,No internet service,No,No internet service,Yes,0,Bangalore,Premium,0
CUST_02029,10,44.75510300121283,8083.631242469911,Month-to-month,Fiber optic,Yes,No internet service,Yes,Yes,2,Chennai,Basic,0
CUST_02030,62,103.566565710829,1774.7364826475957,One year,DSL,Yes,No internet service,Yes,Yes,5,Pune,Basic,1
CUST_02031,20,21.296973063261213,6055.409904018657,Month-to-month,DSL,No internet service,No internet service,Yes,No,11,Chennai,Standard,0
CUST_02032,51,71.05865944470416,6314.874702675694,Month-to-month,No,No,No internet service,Yes,No,14,Mumbai,Basic,0
CUST_02033,54,75.84712816830205,4243.058220324165,Two year,DSL,Yes,No internet service,No,Yes,16,Mumbai,Standard,0
CUST_02034,25,75.23741696053952,7632.022911625009,One year,DSL,No internet service,No internet service,No internet service,No,17,Bangalore,Standard,0
CUST_02035,67,66.48030152997208,8214.920540361974,One year,No,Yes,No,No internet service,Yes,16,Chennai,Premium,0
CUST_02036,33,98.64150240651504,3090.5744063207508,Month-to-month,DSL,Yes,No internet service,Yes,No,11,Mumbai,Premium,0
CUST_02037,51,31.621395129566217,5540.064433663037,Month-to-month,DSL,Yes,No internet service,No internet service,No,15,Hyderabad,Premium,0
CUST_02038,51,49.678855586180305,5634.887425028752,Two year,No,Yes,No internet service,No internet service,Yes,11,Chennai,Premium,0
CUST_02039,28,80.80405745140762,3441.6365336737435,Month-to-month,No,No internet service,No internet service,Yes,No,3,Delhi,Basic,1
CUST_02040,37,88.4770393593315,2705.0218938633175,One year,DSL,Yes,No internet service,Yes,Yes,8,Chennai,Basic,1
CUST_02041,41,59.22314004125974,7938.018289368314,Two year,No,No internet service,Yes,No,Yes,14,Hyderabad,Basic,0
CUST_02042,20,107.28786885937778,6718.623501270112,One year,DSL,Yes,No,No,No,4,Delhi,Standard,0
CUST_02043,41,60.38032646298326,988.8884485960833,Month-to-month,DSL,Yes,No,Yes,No,10,Chennai,Premium,1
CUST_02044,12,59.08316570352998,1034.8566951830117,Two year,DSL,Yes,Yes,No,Yes,17,Delhi,Basic,0
CUST_02045,63,21.693140671713266,7843.007765409675,One year,DSL,No internet service,Yes,No,Yes,0,Delhi,Basic,0
CUST_02046,16,74.21641629186286,708.5176269583731,One year,No,Yes,No internet service,No internet service,Yes,15,Bangalore,Premium,0
CUST_02047,8,90.28544552821432,5857.189858834533,One year,No,Yes,No,Yes,No internet service,17,Hyderabad,Standard,1
CUST_02048,40,29.672692678718505,1941.3634505825,Month-to-month,Fiber optic,No,No,No internet service,No,12,Bangalore,Standard,0
CUST_02049,0,49.154142140962826,316.4420771344095,Month-to-month,No,Yes,Yes,No internet service,No internet service,19,Chennai,Premium,0
CUST_02050,1,97.68820928585093,523.8456658513251,Month-to-month,Fiber optic,No,No,Yes,Yes,15,Pune,Premium,1
CUST_02051,59,55.32378241218469,3186.2144834100454,Month-to-month,DSL,No internet service,No,No internet service,No internet service,15,Delhi,Basic,1
CUST_02052,47,42.64345112808407,676.1052472291913,One year,No,Yes,No internet service,No,Yes,2,Chennai,Standard,0
CUST_02053,28,86.56446768364144,5078.6936938355575,Two year,DSL,Yes,No internet service,No,No internet service,17,Chennai,Premium,0
CUST_02054,9,38.06939532250887,5508.012765474909,Month-to-month,Fiber optic,No,No internet service,No,No internet service,10,Pune,Standard,1
CUST_02055,57,109.35659779748404,3185.760427560221,Two year,No,No,No,No,No,12,Bangalore,Standard,1
CUST_02056,59,28.77103639466638,6319.091838243051,One year,No,Yes,No,No,No,1,Chennai,Basic,0
CUST_02057,20,90.06807983284834,4174.540656078355,Month-to-month,No,No internet service,No internet service,No internet service,No internet service,2,Hyderabad,Basic,1
CUST_02058,27,68.95396753121027,3667.19816585646,One year,No,No,No internet service,Yes,Yes,0,Delhi,Premium,0
CUST_02059,33,106.73281536449335,3470.072969117841,Month-to-month,DSL,Yes,No,No internet service,No,0,Mumbai,Standard,1
CUST_02060,7,30.871899284676132,3674.6452256648477,Month-to-month,No,No,No,No internet service,No internet service,14,Pune,Basic,1
CUST_02061,58,87.14528168660097,8227.623046743738,Two year,Fiber optic,No internet service,Yes,No,Yes,2,Hyderabad,Basic,1
CUST_02062,71,76.3495731965009,5797.694683246028,One year,No,No,No internet service,No,No,3,Mumbai,Standard,0
CUST_02063,48,66.96919450848473,2691.6099236204504,One year,Fiber optic,Yes,No internet service,No internet service,No internet service,11,Pune,Standard,0
CUST_02064,16,68.12354087013217,6242.599419083605,One year,Fiber optic,No,No internet service,No internet service,Yes,11,Mumbai,Standard,0
CUST_02065,59,91.64165010345013,2819.3279877549735,Two year,DSL,No internet service,No,Yes,Yes,13,Bangalore,Standard,1
CUST_02066,44,113.64964880335185,1084.3138478296235,Two year,No,Yes,No,Yes,No internet service,10,Mumbai,Basic,1
CUST_02067,68,27.307669230142906,4050.0065519388154,One year,Fiber optic,Yes,Yes,Yes,Yes,5,Delhi,Basic,0
CUST_02068,31,19.989270056273064,6388.184373212028,One year,No,Yes,Yes,Yes,No internet service,13,Bangalore,Premium,0
CUST_02069,43,100.18188883308277,3221.3113641462583,Month-to-month,DSL,Yes,No internet service,Yes,Yes,1,Hyderabad,Standard,0
CUST_02070,64,29.03327753017745,7390.3350728455625,Month-to-month,DSL,No internet service,Yes,No,No internet service,2,Hyderabad,Premium,0
CUST_02071,7,118.64307320020323,3300.1328360723787,Two year,No,Yes,No,Yes,No,17,Hyderabad,Basic,1
CUST_02072,71,81.1735213938014,2985.3346143480985,Month-to-month,Fiber optic,No internet service,Yes,No internet service,Yes,7,Pune,Standard,0
CUST_02073,42,84.38837231592235,8485.104877388227,One year,DSL,No internet service,Yes,No,No internet service,1,Chennai,Premium,0
CUST_02074,0,38.286953699677774,4110.327699001735,One year,Fiber optic,No,No,No internet service,No internet service,19,Bangalore,Premium,1
CUST_02075,50,42.51185565026079,6847.886300789959,Month-to-month,Fiber optic,No,No internet service,No,Yes,15,Bangalore,Premium,1
CUST_02076,23,85.25373091612352,6845.908691500263,Month-to-month,No,Yes,No internet service,No,No,13,Bangalore,Basic,0
CUST_02077,23,110.7921374692881,7875.464717275239,Two year,DSL,Yes,Yes,Yes,No internet service,18,Delhi,Basic,0
CUST_02078,16,118.2038365607918,738.0798518474755,Month-to-month,No,No internet service,No,No internet service,No,19,Bangalore,Premium,0
CUST_02079,4,38.199156556371555,2318.4903846524767,Two year,No,No,No,Yes,Yes,3,Delhi,Basic,1
CUST_02080,19,31.680201516398597,6530.039312496853,Month-to-month,No,Yes,Yes,No internet service,No,5,Pune,Basic,0
CUST_02081,20,23.752938491600627,4789.9858585246275,Month-to-month,Fiber optic,Yes,No internet service,No internet service,Yes,11,Hyderabad,Premium,1
CUST_02082,57,106.56629585245544,4764.653941051157,Month-to-month,No,No internet service,No internet service,Yes,No internet service,9,Chennai,Premium,1
CUST_02083,30,48.060914379359815,1427.8381904633825,Month-to-month,DSL,No,No internet service,Yes,No,8,Mumbai,Standard,1
CUST_02084,10,18.18482745466367,2402.7398657143526,One year,Fiber optic,Yes,No,No,Yes,2,Chennai,Premium,0
CUST_02085,51,40.82944477775574,4439.955715049342,One year,No,Yes,No,No,No internet service,0,Chennai,Standard,0
CUST_02086,14,52.72499017014068,2369.0523351701368,One year,DSL,Yes,No,No,No,13,Pune,Standard,0
CUST_02087,6,119.0805892886619,1801.6186476705013,Month-to-month,No,Yes,No internet service,No internet service,Yes,7,Chennai,Premium,1
CUST_02088,27,71.40124257342234,762.3468650411071,Two year,No,Yes,Yes,Yes,No,17,Mumbai,Basic,0
CUST_02089,50,38.88082265470034,1338.868033133817,Month-to-month,No,Yes,No,No,No internet service,11,Delhi,Standard,1
CUST_02090,57,52.15147116077201,6539.536361456915,One year,Fiber optic,No,No,Yes,No internet service,11,Hyderabad,Standard,0
CUST_02091,4,51.6913841308016,6114.685009719557,Two year,No,No internet service,Yes,No,Yes,9,Pune,Standard,0
CUST_02092,4,20.0120261392439,406.7613106457718,Two year,DSL,No internet service,No internet service,No,No,3,Mumbai,Basic,1
CUST_02093,7,31.788671525485867,1742.2556118887496,One year,No,No internet service,No,Yes,No,19,Hyderabad,Basic,1
CUST_02094,63,88.91003888972755,4771.782250986899,Month-to-month,No,Yes,No internet service,No,No internet service,4,Delhi,Standard,1
CUST_02095,9,30.265600630214934,2754.52937481631,Two year,Fiber optic,No internet service,No,Yes,No,7,Hyderabad,Basic,1
CUST_02096,37,41.53489621382411,7000.803129927778,Two year,No,No,No,No,No,18,Delhi,Standard,0
CUST_02097,7,53.775204437239495,6676.27930759033,One year,DSL,Yes,Yes,Yes,No,5,Mumbai,Standard,0
CUST_02098,24,95.28896433923396,7580.386292600685,Two year,DSL,No,Yes,No,Yes,15,Mumbai,Basic,1
CUST_02099,72,77.40489841652986,4792.782705626393,Two year,No,Yes,Yes,No,No internet service,8,Hyderabad,Premium,0
CUST_02100,65,88.27799846883397,3004.3127017407737,Two year,DSL,Yes,Yes,No internet service,Yes,10,Pune,Standard,0
CUST_02101,49,75.83525719285757,5158.640753040472,Month-to-month,DSL,No internet service,No internet service,Yes,No internet service,2,Hyderabad,Standard,1
CUST_02102,66,87.72642737263064,774.0573176009731,Month-to-month,No,No,No internet service,No,Yes,13,Chennai,Standard,1
CUST_02103,48,18.289899673725188,99.30860248312828,One year,DSL,No internet service,No internet service,No internet service,Yes,4,Chennai,Standard,0
CUST_02104,35,112.95161072588581,162.98723766085422,Month-to-month,DSL,Yes,Yes,Yes,Yes,5,Hyderabad,Standard,0
CUST_02105,67,29.313863549230263,3474.7791995580214,Two year,No,No,No,No,No,0,Chennai,Basic,0
CUST_02106,40,59.4374077896443,1952.5541531821827,Month-to-month,Fiber optic,No,No internet service,No,No internet service,12,Hyderabad,Basic,1
CUST_02107,61,96.64591376497519,1352.5384205960045,Two year,Fiber optic,Yes,Yes,No,Yes,8,Bangalore,Standard,0
CUST_02108,9,62.39353323696124,5237.195264473322,Two year,No,No internet service,Yes,Yes,No,2,Chennai,Basic,0
CUST_02109,20,114.57794027008661,8458.396151445002,Month-to-month,Fiber optic,Yes,Yes,No internet service,Yes,5,Hyderabad,Premium,0
CUST_02110,35,65.69407274687421,1525.7026730669795,Month-to-month,Fiber optic,No,No internet service,No,No,19,Bangalore,Premium,0
CUST_02111,11,107.24381937147248,4652.746520182629,Month-to-month,Fiber optic,No,No,No internet service,Yes,7,Chennai,Basic,1
CUST_02112,1,100.70446756295163,1033.528773747099,Month-to-month,Fiber optic,No,No internet service,Yes,No internet service,3,Mumbai,Basic,1
CUST_02113,12,118.06060288546568,7942.193493173883,One year,No,Yes,Yes,Yes,No internet service,5,Hyderabad,Standard,0
CUST_02114,52,112.5078736365995,2492.6673398157022,Month-to-month,Fiber optic,No,Yes,No,Yes,11,Mumbai,Standard,1
CUST_02115,31,109.60863114071363,7468.078353607935,One year,Fiber optic,No,Yes,No,Yes,11,Pune,Premium,0
CUST_02116,15,92.62364273298577,2419.0543577216963,Two year,No,No internet service,No internet service,No,Yes,6,Chennai,Basic,0
CUST_02117,31,55.43381102135852,6854.937136943755,One year,No,No internet service,No,No internet service,Yes,15,Pune,Basic,1
CUST_02118,31,28.824792693620047,1793.972470287044,Two year,Fiber optic,No,No internet service,No internet service,No,6,Bangalore,Premium,0
CUST_02119,10,88.24179533096778,2501.439946561515,One year,DSL,No internet service,Yes,No,No internet service,2,Hyderabad,Premium,1
CUST_02120,9,117.82271629647242,1650.5760493536234,One year,No,Yes,Yes,Yes,No,12,Bangalore,Basic,0
CUST_02121,14,92.11365260785064,2259.4522839207793,Two year,No,No internet service,Yes,Yes,No internet service,19,Mumbai,Premium,0
CUST_02122,16,112.73039566628822,7099.33133673718,One year,Fiber optic,No internet service,No internet service,No,Yes,8,Hyderabad,Basic,0
CUST_02123,39,100.03908072146271,5438.273644191087,Two year,DSL,No internet service,No internet service,No internet service,No internet service,10,Pune,Premium,1
CUST_02124,17,34.63769686190123,3460.6713510773343,Month-to-month,No,No internet service,No internet service,Yes,Yes,6,Mumbai,Premium,0
CUST_02125,54,43.418784600311305,8258.44135171085,Two year,No,Yes,Yes,No internet service,Yes,14,Mumbai,Premium,0
CUST_02126,72,52.870291379759735,3960.9554731130443,One year,No,No internet service,No internet service,No,No,0,Bangalore,Standard,0
CUST_02127,24,35.162565322476425,8243.504076217578,Month-to-month,DSL,No,No,No internet service,No internet service,1,Pune,Standard,0
CUST_02128,58,77.32843593264668,1685.4502801299163,One year,No,No internet service,No,No internet service,No,0,Chennai,Standard,0
CUST_02129,21,117.49595346176503,7691.143138789001,Month-to-month,No,No internet service,No,No internet service,No,14,Pune,Premium,1
CUST_02130,29,95.66880101048818,135.2399351549499,Two year,DSL,No,No internet service,Yes,No,3,Mumbai,Standard,1
CUST_02131,43,61.185448404881114,4643.261762466354,Month-to-month,No,Yes,Yes,No internet service,No,3,Mumbai,Premium,0
CUST_02132,31,18.459457059989443,3606.3304083848693,Month-to-month,DSL,No,Yes,No internet service,No internet service,13,Delhi,Standard,0
CUST_02133,50,49.95415313609423,4471.795105293329,Month-to-month,DSL,No,Yes,No internet service,No internet service,4,Bangalore,Basic,0
CUST_02134,45,71.72944734460596,4712.3190645803825,One year,DSL,No,Yes,No,No,0,Mumbai,Premium,0
CUST_02135,20,51.073589132901,3317.763945202324,Month-to-month,Fiber optic,No,Yes,No internet service,No internet service,14,Pune,Standard,0
CUST_02136,31,29.325562148433672,8484.71413728786,Two year,No,No internet service,No internet service,No internet service,Yes,6,Delhi,Standard,0
CUST_02137,38,63.16202559991324,8300.733988129909,Two year,No,No internet service,No,Yes,No internet service,15,Bangalore,Premium,0
CUST_02138,11,43.831787330503055,8175.524285208376,Two year,No,No internet service,No internet service,No,No,13,Hyderabad,Premium,1
CUST_02139,46,110.74170239907315,8322.599371848219,Month-to-month,DSL,No internet service,Yes,No internet service,Yes,14,Chennai,Premium,0
CUST_02140,17,28.378961907103605,6744.331166362039,Two year,Fiber optic,Yes,No internet service,Yes,Yes,14,Bangalore,Premium,0
CUST_02141,20,23.013568129920458,8403.224443101348,One year,DSL,No internet service,No internet service,Yes,Yes,19,Mumbai,Premium,0
CUST_02142,12,18.54204525379593,7586.999430783754,Two year,No,No internet service,No internet service,No internet service,Yes,0,Delhi,Premium,0
CUST_02143,20,51.46310781753709,3545.9406273089958,Month-to-month,DSL,Yes,Yes,Yes,Yes,18,Delhi,Premium,0
CUST_02144,7,85.35945749649063,6674.4794333080645,Two year,Fiber optic,No,Yes,Yes,No,6,Hyderabad,Basic,1
CUST_02145,45,92.50220279394286,7754.1594623555575,Month-to-month,No,No internet service,Yes,Yes,No,17,Delhi,Standard,0
CUST_02146,6,64.23269170493576,6062.324716165718,Month-to-month,DSL,No internet service,No internet service,Yes,Yes,14,Mumbai,Basic,0
CUST_02147,22,87.80152234643721,3604.0398126774526,Two year,Fiber optic,No,No internet service,No internet service,No,12,Bangalore,Premium,0
CUST_02148,21,54.71123169396707,576.032832783319,One year,DSL,No internet service,No,No internet service,No internet service,18,Hyderabad,Basic,0
CUST_02149,21,86.11623443863493,6885.849420147904,One year,DSL,No,No,Yes,No,17,Chennai,Premium,1
CUST_02150,28,22.140790500842087,8099.165049858721,Two year,No,No,Yes,No internet service,No internet service,3,Chennai,Standard,0
CUST_02151,12,57.85680442583442,3092.4133732702353,Month-to-month,Fiber optic,No,No,No internet service,No,17,Mumbai,Standard,0
CUST_02152,1,98.66666711858427,1306.4671244881858,Two year,DSL,No internet service,Yes,Yes,No internet service,3,Hyderabad,Standard,0
CUST_02153,28,99.90661510681814,2787.4055663892536,Month-to-month,Fiber optic,No,Yes,Yes,No internet service,15,Hyderabad,Basic,0
CUST_02154,51,91.04717544532085,4959.802842067885,Month-to-month,No,No internet service,No internet service,Yes,Yes,13,Mumbai,Standard,1
CUST_02155,26,38.83233929812617,2706.1918058399274,Month-to-month,No,Yes,No,No internet service,No,13,Pune,Premium,1
CUST_02156,49,43.21492213092459,5197.268069525474,One year,No,No,Yes,No internet service,Yes,6,Hyderabad,Standard,0
CUST_02157,22,119.60105018098025,8218.840633898957,One year,Fiber optic,No internet service,Yes,No,No internet service,12,Delhi,Basic,0
CUST_02158,43,28.544556734599908,5707.169972235763,Two year,Fiber optic,No,No,No,No,13,Delhi,Standard,0
CUST_02159,21,36.42759528804576,3094.0767448346433,One year,DSL,No internet service,No,Yes,No,9,Mumbai,Standard,0
CUST_02160,42,31.262678076313524,7955.056704021559,Month-to-month,Fiber optic,No internet service,No,No,Yes,12,Mumbai,Basic,1
CUST_02161,36,51.42080629572879,4815.718349123103,Month-to-month,No,Yes,No,No internet service,No,5,Delhi,Basic,1
CUST_02162,60,39.437935193860184,1106.8546843532304,Two year,DSL,No,No,No,No,10,Bangalore,Basic,0
CUST_02163,55,68.76417187387275,4250.356886053485,Month-to-month,Fiber optic,No internet service,No,No,No,5,Mumbai,Premium,1
CUST_02164,2,66.55411210177223,5562.144325727043,Two year,No,Yes,No,Yes,No internet service,10,Delhi,Standard,0
CUST_02165,62,109.95357318403292,7128.073530857576,Two year,No,No internet service,Yes,No internet service,Yes,18,Bangalore,Premium,0
CUST_02166,18,21.543474639367712,7961.196104854264,Month-to-month,DSL,No internet service,No internet service,No internet service,No internet service,16,Bangalore,Premium,0
CUST_02167,22,50.627716820111864,2710.3236461823794,One year,No,Yes,Yes,No internet service,Yes,2,Pune,Basic,0
CUST_02168,28,78.85910498370319,1337.05587211839,Month-to-month,Fiber optic,No,Yes,No internet service,No internet service,0,Delhi,Premium,0
CUST_02169,29,79.6897797080843,644.2145430885106,Month-to-month,No,Yes,No internet service,No,No internet service,15,Pune,Standard,0
CUST_02170,38,66.97287535944935,6280.723740171655,Two year,DSL,No,No internet service,Yes,No internet service,11,Delhi,Basic,0
CUST_02171,24,101.19788516309264,6762.532299532294,One year,No,No internet service,No internet service,No,No internet service,13,Hyderabad,Premium,0
CUST_02172,7,24.3976614842748,3490.302862604711,Two year,No,No internet service,No,No internet service,Yes,17,Bangalore,Standard,1
CUST_02173,57,101.17975208917386,3376.239303646721,Month-to-month,Fiber optic,Yes,No,Yes,No,2,Chennai,Standard,1
CUST_02174,15,68.46493252444176,8111.838502494588,Two year,Fiber optic,Yes,No,Yes,Yes,7,Hyderabad,Standard,1
CUST_02175,71,31.64359089785422,7793.290999331337,Two year,Fiber optic,Yes,Yes,No internet service,No,17,Hyderabad,Premium,0
CUST_02176,0,108.34159518112872,1996.5613800603605,Month-to-month,Fiber optic,No internet service,No internet service,No internet service,Yes,15,Bangalore,Basic,1
CUST_02177,4,84.22133551317827,6640.8104682138655,Two year,No,No,No internet service,Yes,Yes,14,Bangalore,Basic,1
CUST_02178,2,34.681660056062206,5299.744760847798,Month-to-month,Fiber optic,Yes,Yes,No internet service,Yes,1,Bangalore,Standard,1
CUST_02179,64,21.432271786700714,1326.1172732127857,Two year,No,No,No,No internet service,Yes,15,Mumbai,Basic,0
CUST_02180,3,32.393184129930226,3044.132021388205,One year,Fiber optic,Yes,No internet service,No internet service,No internet service,9,Delhi,Basic,1
CUST_02181,63,80.09739193840014,1523.3254881700664,Month-to-month,Fiber optic,Yes,Yes,No internet service,Yes,10,Pune,Basic,0
CUST_02182,9,36.28821599652494,2521.513521286835,One year,Fiber optic,Yes,No,Yes,Yes,18,Delhi,Basic,0
CUST_02183,20,41.02783363725287,5236.984572909569,Two year,No,Yes,Yes,Yes,No,18,Delhi,Premium,0
CUST_02184,45,20.564252027144047,3201.0017253904552,One year,Fiber optic,No internet service,No,No,No internet service,9,Bangalore,Basic,0
CUST_02185,26,91.73892856833757,3360.4128472477405,One year,No,No internet service,Yes,No,No internet service,16,Hyderabad,Basic,0
CUST_02186,65,100.65716877546258,4595.288335979004,One year,Fiber optic,Yes,No,Yes,Yes,0,Bangalore,Premium,1
CUST_02187,40,99.27851403075657,757.8351456554924,Two year,Fiber optic,No internet service,Yes,No,Yes,6,Bangalore,Basic,1
CUST_02188,12,31.01195143915699,6284.478612502737,Month-to-month,DSL,No internet service,Yes,No internet service,No internet service,15,Hyderabad,Basic,0
CUST_02189,8,110.13671499365346,3425.3002624119504,Two year,Fiber optic,No internet service,Yes,No internet service,No internet service,10,Chennai,Basic,0
CUST_02190,35,86.57244060635617,4092.72810213208,Two year,No,No internet service,Yes,Yes,Yes,17,Pune,Standard,0
CUST_02191,57,109.54791948244018,8282.010300144986,Two year,DSL,No,No internet service,No,Yes,0,Mumbai,Premium,0
CUST_02192,53,63.61037146212769,2938.9199467154303,Month-to-month,No,No,No internet service,No internet service,Yes,1,Chennai,Basic,0
CUST_02193,11,62.56939583053717,5516.1930149308355,Two year,No,No internet service,No internet service,No,No,1,Bangalore,Premium,1
CUST_02194,13,98.02272490585932,3347.2216193030663,Two year,DSL,No,No internet service,Yes,No internet service,5,Delhi,Premium,0
CUST_02195,33,27.51638125862784,7603.306019874958,Month-to-month,Fiber optic,Yes,Yes,Yes,No,7,Delhi,Basic,0
CUST_02196,52,71.12915173675835,7200.186656651925,Month-to-month,DSL,No,No internet service,No,No internet service,19,Hyderabad,Premium,0
CUST_02197,19,103.31119203438502,2067.457073088544,Month-to-month,No,Yes,No internet service,Yes,No internet service,13,Bangalore,Standard,0
CUST_02198,15,102.67964143309628,5885.387134365658,One year,Fiber optic,No,Yes,No internet service,No internet service,19,Hyderabad,Premium,0
CUST_02199,69,115.52555134692163,570.7888692001098,Month-to-month,DSL,No,No internet service,No internet service,No internet service,7,Hyderabad,Basic,1
CUST_02200,55,89.22380454011574,8187.738473992527,One year,No,Yes,No internet service,No,No internet service,16,Mumbai,Basic,0
CUST_02201,57,39.192604202852294,2978.1340961760843,One year,Fiber optic,Yes,No,No,Yes,4,Hyderabad,Standard,0
CUST_02202,3,20.068592119247242,7073.690397063994,Two year,No,No internet service,No internet service,Yes,No,2,Bangalore,Basic,0
CUST_02203,3,66.9004114599644,2718.934847067743,One year,Fiber optic,No,No,Yes,No,17,Mumbai,Standard,0
CUST_02204,19,70.39779429350067,5385.161426831869,Two year,Fiber optic,Yes,No internet service,No,No internet service,9,Delhi,Premium,0
CUST_02205,9,42.506783618891006,8360.817097611101,One year,DSL,No internet service,Yes,Yes,No,3,Mumbai,Premium,0
CUST_02206,23,30.719139606607527,7454.592339082488,Month-to-month,Fiber optic,Yes,No internet service,No,No,9,Bangalore,Premium,1
CUST_02207,25,77.79323295143192,1378.2236478134246,Two year,No,No internet service,Yes,No,Yes,17,Pune,Basic,0
CUST_02208,36,95.95407875046241,4661.796889973815,One year,Fiber optic,No internet service,No internet service,No internet service,No internet service,12,Chennai,Basic,0
CUST_02209,53,119.30171856619637,2974.246575896802,Two year,No,Yes,No internet service,Yes,Yes,16,Mumbai,Standard,0
CUST_02210,20,95.34686695547289,3702.062139680811,Month-to-month,Fiber optic,Yes,Yes,No,No,13,Pune,Premium,0
CUST_02211,37,98.95050625406925,2861.023302033595,One year,Fiber optic,No,Yes,No internet service,No internet service,18,Chennai,Standard,0
CUST_02212,45,80.87900957933735,2867.6063431943426,One year,DSL,No,Yes,No,No internet service,17,Mumbai,Standard,1
CUST_02213,3,118.5641112149418,4619.936613713218,Month-to-month,Fiber optic,No internet service,Yes,Yes,No internet service,7,Mumbai,Basic,1
CUST_02214,59,83.27555128168618,1646.2387253825802,One year,Fiber optic,Yes,No,No internet service,No internet service,17,Hyderabad,Premium,0
CUST_02215,56,105.74583521276985,4576.1879968294,One year,No,No,No,Yes,No internet service,15,Chennai,Standard,1
CUST_02216,44,114.47003391657748,2384.184838315988,Two year,No,No internet service,Yes,No internet service,No internet service,10,Pune,Premium,1
CUST_02217,19,112.84556705105722,2469.152993778944,One year,No,No,No,Yes,Yes,16,Chennai,Basic,0
CUST_02218,16,56.90436506590236,6284.060782280152,Month-to-month,Fiber optic,No internet service,No internet service,No,Yes,17,Mumbai,Premium,0
CUST_02219,70,26.02352994805438,269.01294539537537,One year,No,No,No internet service,No,No,18,Bangalore,Standard,0
CUST_02220,3,35.53111765900317,3249.1819589992315,Two year,No,Yes,No internet service,No,No internet service,17,Bangalore,Standard,0
CUST_02221,13,24.040777150453962,3474.7066124632174,One year,Fiber optic,No internet service,No,Yes,No internet service,13,Chennai,Premium,0
CUST_02222,2,28.750487352572286,4132.704205089542,Two year,No,No internet service,No,No internet service,Yes,16,Hyderabad,Premium,0
CUST_02223,57,36.83442708115716,5692.551511755947,One year,DSL,No,No internet service,Yes,No,7,Hyderabad,Premium,0
CUST_02224,54,52.79162029191498,3153.683291175968,Two year,DSL,No,Yes,No,No,14,Bangalore,Standard,0
CUST_02225,3,73.44104395065773,1825.8289187273517,Two year,No,No,No internet service,Yes,No internet service,16,Hyderabad,Standard,0
CUST_02226,23,90.59157005421878,7523.49143351379,One year,No,Yes,No,No internet service,No,10,Mumbai,Standard,0
CUST_02227,33,39.51458828286422,8339.16963151004,Month-to-month,No,No,No internet service,No,No,5,Mumbai,Premium,0
CUST_02228,29,86.59728523229022,187.76462749281606,Month-to-month,Fiber optic,No,No internet service,Yes,No internet service,18,Chennai,Standard,0
CUST_02229,18,89.8344255992468,4653.13183018792,One year,DSL,Yes,No,No,No internet service,15,Pune,Premium,0
CUST_02230,30,74.97947836035132,2916.319579604219,One year,DSL,No,No,Yes,No internet service,11,Delhi,Standard,0
CUST_02231,59,110.16902271946849,2367.425578434309,One year,No,Yes,No,Yes,Yes,14,Bangalore,Standard,1
CUST_02232,59,29.32147102002469,2865.4616073587927,One year,No,Yes,No,No,No internet service,10,Bangalore,Premium,0
CUST_02233,18,36.06638867544679,5436.961130007034,One year,Fiber optic,No,No internet service,No internet service,No,6,Delhi,Basic,0
CUST_02234,48,61.72381208772745,1635.6531987691203,Month-to-month,Fiber optic,Yes,No,No,Yes,9,Hyderabad,Standard,0
CUST_02235,62,30.924698993892363,7760.884556282734,Two year,DSL,No,Yes,No internet service,No,18,Mumbai,Basic,0
CUST_02236,21,75.76220665985691,3971.5834005366337,Two year,Fiber optic,Yes,No,No,Yes,4,Mumbai,Standard,1
CUST_02237,23,58.63684759416129,2779.542698772603,Month-to-month,DSL,No internet service,No,No,No internet service,16,Bangalore,Standard,0
CUST_02238,29,47.02877104266368,6511.236754186735,Month-to-month,No,No,No internet service,No,No,18,Bangalore,Standard,1
CUST_02239,57,35.338960927799,156.65241453338612,Two year,No,No internet service,Yes,Yes,Yes,3,Hyderabad,Premium,0
CUST_02240,30,52.20450031151745,3680.976007190028,Month-to-month,DSL,No internet service,Yes,Yes,No,0,Hyderabad,Standard,0
CUST_02241,63,80.01185378489888,3031.685143692432,One year,No,No internet service,Yes,No internet service,No internet service,13,Bangalore,Basic,0
CUST_02242,18,76.73009151071997,2886.6964565329276,Month-to-month,Fiber optic,No internet service,No,No,Yes,16,Hyderabad,Standard,1
CUST_02243,47,34.68964802144385,2877.039293252327,Month-to-month,No,No,No internet service,Yes,No,13,Delhi,Standard,0
CUST_02244,44,30.741820695544607,283.2438260523221,Month-to-month,No,Yes,No internet service,Yes,Yes,5,Mumbai,Standard,1
CUST_02245,54,20.721029786105,1308.251330320979,Month-to-month,DSL,No,No,No,No internet service,4,Bangalore,Premium,1
CUST_02246,54,19.26741056698109,1221.469921287899,Two year,Fiber optic,No,Yes,No,Yes,2,Delhi,Premium,0
CUST_02247,17,107.7406644434079,8403.394301879187,Two year,Fiber optic,Yes,Yes,No,Yes,14,Delhi,Basic,1
CUST_02248,62,22.599063312549774,206.00994146416895,Two year,No,No internet service,No internet service,No internet service,No,6,Pune,Premium,0
CUST_02249,46,92.58455320707112,1435.1187531776488,Two year,No,Yes,No,No,Yes,10,Chennai,Standard,1
CUST_02250,56,106.94247981698561,8280.948182443066,One year,Fiber optic,No internet service,Yes,Yes,No internet service,9,Bangalore,Premium,1
CUST_02251,44,28.001900553370675,5346.872428696456,One year,Fiber optic,No,No,Yes,No,13,Chennai,Premium,0
CUST_02252,32,62.5027452309678,3840.5585169862948,Two year,DSL,Yes,No internet service,No,Yes,2,Delhi,Standard,0
CUST_02253,16,116.15490428377622,686.0502340993094,Two year,No,Yes,No,No internet service,No internet service,13,Bangalore,Standard,0
CUST_02254,69,103.08214337340569,5698.06597297006,Two year,No,No internet service,No,No internet service,No internet service,16,Chennai,Premium,1
CUST_02255,3,67.94981124950121,1186.844941512514,Month-to-month,Fiber optic,Yes,No,Yes,Yes,3,Mumbai,Standard,0
CUST_02256,19,95.78225350473839,5711.0006881541785,One year,DSL,No,No,No internet service,Yes,5,Bangalore,Premium,0
CUST_02257,46,103.00451769202971,8323.375049250895,One year,Fiber optic,Yes,Yes,No,No,19,Chennai,Premium,0
CUST_02258,14,53.49875024524937,4530.192090388993,Month-to-month,No,Yes,No internet service,No internet service,No internet service,4,Hyderabad,Standard,0
CUST_02259,69,108.99959752073602,1833.8660394915687,Month-to-month,No,No,Yes,No internet service,No internet service,9,Bangalore,Basic,1
CUST_02260,46,65.98827860706999,5321.656774960752,Month-to-month,No,No internet service,Yes,Yes,No internet service,6,Pune,Premium,1
CUST_02261,8,71.83635108300066,4368.669611845661,One year,No,Yes,Yes,Yes,Yes,14,Hyderabad,Basic,0
CUST_02262,15,119.97017905782677,4540.095715945499,Month-to-month,DSL,No internet service,Yes,Yes,Yes,17,Bangalore,Basic,0
CUST_02263,68,104.01690254752044,4073.303116989813,Month-to-month,No,Yes,No internet service,No internet service,Yes,0,Chennai,Premium,1
CUST_02264,60,54.90054058884396,5732.6675507338405,Month-to-month,Fiber optic,No,No internet service,Yes,No,3,Chennai,Premium,0
CUST_02265,9,19.055250840215393,4869.240563936191,Two year,DSL,No internet service,Yes,Yes,No internet service,10,Pune,Standard,0
CUST_02266,49,81.86975552697726,8389.69224696799,Month-to-month,DSL,Yes,No,No internet service,No internet service,9,Bangalore,Standard,1
CUST_02267,2,89.799169465067,7022.973537280948,Two year,No,No internet service,No,No internet service,Yes,12,Delhi,Basic,0
CUST_02268,69,84.38187439462473,2263.1716397447576,One year,DSL,Yes,No,No internet service,No,18,Chennai,Basic,1
CUST_02269,50,116.72195981864773,6173.8668187979865,One year,No,No,No,No,No,9,Pune,Premium,1
CUST_02270,18,106.02304478787872,1835.6955634813182,One year,DSL,No,No,No,No,17,Bangalore,Premium,0
CUST_02271,41,63.78083270442615,6653.86223334636,Two year,DSL,Yes,No internet service,No internet service,No,8,Bangalore,Standard,0
CUST_02272,34,24.41146372218286,1269.5839022878163,Month-to-month,Fiber optic,Yes,No,Yes,No,8,Mumbai,Premium,1
CUST_02273,45,66.55799448920368,4034.6836161476735,One year,Fiber optic,No internet service,No internet service,No internet service,Yes,19,Hyderabad,Premium,0
CUST_02274,25,88.30289003612636,6723.921774032125,Month-to-month,Fiber optic,Yes,No,No,Yes,11,Mumbai,Basic,1
CUST_02275,68,79.98640043915447,2393.9159409642875,Two year,DSL,No internet service,No,Yes,Yes,13,Hyderabad,Premium,0
CUST_02276,63,72.88998090651026,7118.444419366766,One year,Fiber optic,Yes,Yes,No,No internet service,1,Hyderabad,Basic,0
CUST_02277,36,65.8195337175546,5481.68631402615,Month-to-month,Fiber optic,No,Yes,No,No,9,Mumbai,Basic,0
CUST_02278,48,47.96371104879341,3389.7843954874047,Month-to-month,Fiber optic,No internet service,Yes,No,No,17,Pune,Standard,0
CUST_02279,20,46.289369695912185,3609.420528335798,One year,DSL,No internet service,No internet service,No,No internet service,5,Delhi,Standard,0
CUST_02280,63,69.0236108504318,7872.260190708213,Month-to-month,No,No,No internet service,Yes,No,1,Bangalore,Basic,0
CUST_02281,4,34.3815209358242,1865.303262105001,Two year,Fiber optic,No internet service,Yes,No internet service,No,16,Chennai,Premium,0
CUST_02282,69,52.74991320462976,5899.101701911892,One year,DSL,No,Yes,Yes,No,17,Bangalore,Premium,0
CUST_02283,3,51.04588602043016,6017.269453099704,One year,DSL,No,No,No internet service,No,17,Pune,Premium,1
CUST_02284,38,77.88754576158848,7842.218297583607,One year,No,No,No internet service,No internet service,No,13,Pune,Basic,0
CUST_02285,34,24.801594637028508,6067.0593275997635,One year,Fiber optic,Yes,No,Yes,Yes,10,Mumbai,Standard,0
CUST_02286,0,102.6262053870397,4975.452639971137,Two year,DSL,No,No,No internet service,No,18,Delhi,Premium,1
CUST_02287,23,75.36259479920902,7673.196175936196,Two year,DSL,No internet service,Yes,Yes,Yes,15,Chennai,Basic,0
CUST_02288,56,86.4243214391454,7050.697875477712,Month-to-month,DSL,Yes,No,Yes,Yes,7,Chennai,Standard,1
CUST_02289,69,89.71557818346214,6097.697889903907,Two year,No,No,No,No internet service,Yes,17,Pune,Premium,0
CUST_02290,40,47.73138195793872,294.3298394504239,Month-to-month,Fiber optic,No,Yes,No internet service,Yes,2,Delhi,Basic,0
CUST_02291,53,65.97789987325638,3186.2001875147457,Month-to-month,DSL,No,Yes,No,No internet service,3,Chennai,Basic,0
CUST_02292,45,115.53708749870606,5377.688199616128,One year,DSL,No internet service,No,No internet service,Yes,4,Chennai,Standard,0
CUST_02293,59,96.20393427567512,4447.728947594081,Month-to-month,DSL,Yes,No,No internet service,No internet service,3,Delhi,Standard,1
CUST_02294,59,116.89480127276491,2726.4580453547114,One year,DSL,Yes,No,No internet service,No internet service,6,Mumbai,Premium,1
CUST_02295,56,94.1179432049214,1243.0036513539244,Month-to-month,Fiber optic,Yes,No internet service,Yes,Yes,19,Mumbai,Standard,1
CUST_02296,30,35.91121425026877,4708.517014367433,Two year,Fiber optic,No internet service,No,No,No,5,Pune,Basic,0
CUST_02297,23,24.582660152156976,2443.1528784632906,One year,DSL,No,Yes,No,No,16,Chennai,Premium,0
CUST_02298,35,76.92146654540569,1994.310154559907,Month-to-month,DSL,Yes,No,Yes,Yes,13,Mumbai,Basic,1
CUST_02299,29,54.496954529666176,3401.9636818799463,Two year,DSL,No,No internet service,No internet service,Yes,4,Mumbai,Basic,0
CUST_02300,23,46.09670683409337,6680.538336523427,Two year,No,No internet service,No,No internet service,No internet service,14,Chennai,Basic,0
CUST_02301,29,100.33552163539258,4155.97340707106,One year,No,Yes,No internet service,Yes,No internet service,9,Chennai,Basic,0
CUST_02302,6,55.43331324235863,1854.2869294497186,One year,No,No internet service,No internet service,No,No,1,Pune,Premium,0
CUST_02303,34,50.334098912899,1009.5724528193705,One year,DSL,Yes,Yes,Yes,No internet service,11,Pune,Basic,0
CUST_02304,54,104.69873450323907,4250.409971337854,Month-to-month,No,Yes,No,Yes,No internet service,10,Mumbai,Standard,0
CUST_02305,13,104.32130832161893,6755.8157914173935,One year,Fiber optic,No,No internet service,No internet service,Yes,6,Pune,Basic,0
CUST_02306,9,54.34939705101578,5555.202476632722,Two year,No,No internet service,No,Yes,No internet service,6,Hyderabad,Basic,0
CUST_02307,15,102.91486750056856,1987.0868013750435,Two year,DSL,Yes,No internet service,Yes,No internet service,18,Delhi,Premium,0
CUST_02308,53,104.77940601393138,3722.1452598182736,One year,Fiber optic,Yes,Yes,Yes,No internet service,6,Mumbai,Premium,0
CUST_02309,69,61.24091457302596,7272.063941884391,One year,DSL,No internet service,Yes,No internet service,No,13,Mumbai,Premium,0
CUST_02310,43,24.7802592813355,1524.8774104077797,Two year,Fiber optic,No,No,No internet service,Yes,11,Hyderabad,Standard,0
CUST_02311,72,18.16163373556669,4531.107400532333,Month-to-month,No,No internet service,No,No,No,9,Bangalore,Basic,0
CUST_02312,44,71.37583121467749,3039.5556573094577,Two year,No,Yes,No,No,Yes,4,Pune,Basic,0
CUST_02313,55,53.095700323776285,1071.2926804639833,Two year,Fiber optic,No internet service,No,No,Yes,6,Bangalore,Standard,0
CUST_02314,56,119.70745320415334,441.28505716623886,Two year,Fiber optic,No,No,No internet service,No internet service,5,Pune,Standard,1
CUST_02315,20,96.785921961983,4732.901084565635,One year,DSL,No,No internet service,No,No,19,Delhi,Premium,0
CUST_02316,67,95.65009654774208,193.99194706589404,Month-to-month,Fiber optic,No,No,Yes,No,1,Chennai,Standard,1
CUST_02317,49,115.43476236530906,895.4299617894739,Month-to-month,DSL,No,No internet service,No,No internet service,12,Mumbai,Standard,1
CUST_02318,32,108.54788858511873,2966.040232813889,One year,Fiber optic,No,No internet service,Yes,No,15,Hyderabad,Premium,1
CUST_02319,6,50.45512290455165,387.1382121875796,Two year,Fiber optic,No,No internet service,No,Yes,7,Chennai,Standard,0
CUST_02320,69,34.93069660359539,3414.5764107648874,One year,No,No,No,No internet service,Yes,12,Chennai,Premium,0
CUST_02321,14,94.08101103667919,1123.7561350683895,One year,No,Yes,Yes,Yes,Yes,13,Bangalore,Basic,0
CUST_02322,31,56.58393715565305,2985.6235553187057,Month-to-month,DSL,No internet service,Yes,Yes,No internet service,4,Mumbai,Premium,0
CUST_02323,19,66.26361046635756,6728.616465897959,Month-to-month,DSL,No,No,No internet service,No,2,Delhi,Standard,0
CUST_02324,14,82.30056859003234,5330.822369851013,One year,DSL,No internet service,No,Yes,Yes,13,Hyderabad,Standard,0
CUST_02325,47,110.60301304739454,3795.8919417936527,One year,Fiber optic,No internet service,No,No,No internet service,12,Mumbai,Premium,1
CUST_02326,70,60.746950874438525,796.9301172274706,Month-to-month,Fiber optic,Yes,No internet service,No internet service,Yes,16,Chennai,Standard,0
CUST_02327,20,97.89832280237486,5269.627410307566,Month-to-month,DSL,No internet service,Yes,Yes,Yes,8,Chennai,Basic,1
CUST_02328,41,45.370658710015064,1406.585272581765,Two year,Fiber optic,No internet service,Yes,No internet service,No,6,Delhi,Premium,0
CUST_02329,25,89.19312267420858,667.6053686342175,One year,No,No,Yes,Yes,No internet service,17,Bangalore,Premium,0
CUST_02330,13,18.16110094994701,5650.014220092393,Two year,Fiber optic,No,Yes,Yes,Yes,10,Delhi,Standard,0
CUST_02331,56,106.89373577604475,7754.092053317786,Two year,No,No internet service,No internet service,No internet service,Yes,15,Delhi,Standard,0
CUST_02332,36,21.098717155355175,3924.7535306875707,Two year,DSL,No,No,Yes,No internet service,17,Mumbai,Standard,0
CUST_02333,57,90.70088298578358,365.7273137780232,Month-to-month,Fiber optic,Yes,No internet service,No,No internet service,6,Pune,Premium,1
CUST_02334,20,22.718335304650957,7484.685239144065,Two year,DSL,No internet service,No,No,No,3,Bangalore,Premium,0
CUST_02335,68,45.157061338188356,586.0714842601554,Month-to-month,No,No internet service,No,Yes,Yes,18,Chennai,Standard,0
CUST_02336,2,68.71464516276842,7376.247324594862,Month-to-month,DSL,Yes,Yes,Yes,No,10,Bangalore,Premium,1
CUST_02337,36,60.833745905520296,3341.411923676901,Month-to-month,No,Yes,Yes,No,Yes,12,Mumbai,Basic,0
CUST_02338,48,37.56728368930308,3117.276476601047,One year,No,Yes,No,Yes,No,5,Mumbai,Standard,0
CUST_02339,18,52.04912099434221,4622.007372549624,Two year,DSL,Yes,No,Yes,Yes,12,Pune,Premium,0
CUST_02340,11,92.22604974621864,8135.993421561864,Month-to-month,No,No internet service,Yes,No internet service,No internet service,1,Delhi,Basic,1
CUST_02341,60,86.26422344312412,7641.117303419267,One year,DSL,No,Yes,No internet service,No,13,Pune,Standard,0
CUST_02342,40,25.325087543919402,4007.3398090010355,One year,DSL,No,Yes,No,No internet service,12,Mumbai,Premium,0
CUST_02343,32,94.22621420843441,5919.972645544029,One year,DSL,No,Yes,No,Yes,4,Bangalore,Standard,0
CUST_02344,49,23.410679882096893,4941.200918376823,Month-to-month,No,No,Yes,No internet service,No internet service,2,Delhi,Standard,0
CUST_02345,67,73.378491688178,5899.941113613786,Month-to-month,No,Yes,No internet service,No internet service,No,3,Delhi,Standard,0
CUST_02346,70,44.52640030030345,7052.355516246706,Month-to-month,Fiber optic,No,No internet service,No,No,13,Delhi,Premium,0
CUST_02347,32,77.94439301110152,310.5766564634132,One year,DSL,No,No internet service,No,No internet service,17,Bangalore,Basic,0
CUST_02348,23,44.655496385971986,2781.095081016427,Month-to-month,DSL,No internet service,Yes,No,Yes,10,Delhi,Basic,1
CUST_02349,60,118.46571290183476,8155.029496039661,Two year,DSL,No internet service,No,No internet service,No,18,Hyderabad,Standard,0
CUST_02350,60,49.59227474020825,8070.270568908406,Month-to-month,DSL,No,No,No internet service,Yes,1,Hyderabad,Premium,0
CUST_02351,27,42.67998483879859,113.17558878883702,Month-to-month,DSL,Yes,Yes,Yes,No,1,Bangalore,Premium,0
CUST_02352,57,46.40345967336529,1726.6151820015107,Two year,DSL,No,No internet service,No,Yes,2,Chennai,Premium,0
CUST_02353,42,109.44023144044813,8447.157499164885,Month-to-month,DSL,Yes,No,Yes,Yes,15,Pune,Basic,1
CUST_02354,40,82.89432052427317,4198.14229377944,Month-to-month,Fiber optic,No internet service,Yes,No,No internet service,0,Chennai,Premium,0
CUST_02355,38,92.5297779369192,4877.049445646844,Month-to-month,Fiber optic,Yes,No internet service,No internet service,Yes,9,Delhi,Standard,1
CUST_02356,48,111.63707202962374,1429.5760136014424,Month-to-month,DSL,No,No internet service,No,No,5,Bangalore,Premium,1
CUST_02357,16,111.01099345419077,7603.754633489848,One year,DSL,No internet service,No internet service,No,No internet service,16,Delhi,Basic,0
CUST_02358,69,93.3724763510302,1979.5837896237754,Month-to-month,Fiber optic,No,No internet service,No internet service,No,18,Delhi,Basic,1
CUST_02359,69,38.17809174181494,1626.591197825709,Two year,Fiber optic,No,No internet service,No internet service,No internet service,11,Hyderabad,Basic,0
CUST_02360,64,104.02407870885055,1952.9342249630236,Two year,DSL,Yes,No internet service,No,No internet service,19,Mumbai,Basic,0
CUST_02361,4,38.785155487488495,7818.231281801036,One year,DSL,No,No internet service,No,Yes,15,Bangalore,Premium,0
CUST_02362,1,93.77567903804005,5979.545770274035,Month-to-month,Fiber optic,No,No internet service,No,Yes,1,Mumbai,Premium,1
CUST_02363,21,87.93151278757719,6537.234618066513,Two year,Fiber optic,No internet service,No internet service,No,No,14,Hyderabad,Basic,0
CUST_02364,56,95.40666271432555,3216.022390118832,One year,DSL,Yes,No internet service,No,No,18,Mumbai,Premium,0
CUST_02365,65,72.3339394328092,7729.639440641022,Month-to-month,Fiber optic,Yes,Yes,No internet service,Yes,0,Pune,Standard,0
CUST_02366,15,83.1500705894204,6713.758251742704,One year,DSL,No internet service,No,No,No,5,Hyderabad,Basic,0
CUST_02367,50,115.23864820429404,6384.5668287870985,Month-to-month,No,No internet service,Yes,No internet service,No,17,Pune,Basic,1
CUST_02368,38,28.31103660576992,8253.515486113976,One year,DSL,Yes,No,Yes,Yes,18,Chennai,Premium,0
CUST_02369,39,49.50242202772524,3124.081518789183,One year,DSL,No internet service,Yes,Yes,No internet service,2,Hyderabad,Standard,0
CUST_02370,37,80.35841533603501,5200.278472122664,Two year,DSL,Yes,No,No,Yes,4,Bangalore,Basic,1
CUST_02371,59,116.33352127341192,7736.023706724748,Two year,Fiber optic,No internet service,No,Yes,No,2,Chennai,Standard,1
CUST_02372,58,27.748593661585318,6726.320016103249,One year,DSL,Yes,No,No internet service,No internet service,6,Delhi,Basic,0
CUST_02373,9,20.300020596068816,4796.5803236696665,Month-to-month,DSL,Yes,Yes,Yes,Yes,6,Bangalore,Premium,0
CUST_02374,63,23.686459043973457,664.4444743056466,Month-to-month,Fiber optic,No internet service,No,Yes,No internet service,0,Bangalore,Basic,1
CUST_02375,62,23.345380019042278,5554.40021431122,Month-to-month,No,No,No internet service,No internet service,No,12,Pune,Premium,0
CUST_02376,48,110.59721749329525,4484.244233353122,Month-to-month,No,No,No,No,No internet service,12,Bangalore,Standard,1
CUST_02377,63,91.56830660925012,1580.2186743126013,Month-to-month,Fiber optic,No internet service,Yes,No internet service,No,14,Mumbai,Premium,1
CUST_02378,31,87.06484935202039,7501.270992191911,Two year,DSL,Yes,Yes,No internet service,Yes,18,Mumbai,Premium,0
CUST_02379,6,71.30242766670457,2929.43458193114,One year,No,No internet service,No internet service,No,No internet service,6,Delhi,Basic,0
CUST_02380,20,97.7591669311595,3304.6044568137127,Two year,No,No,No,No internet service,No internet service,16,Mumbai,Basic,0
CUST_02381,19,33.876095261682266,5721.309936891154,Month-to-month,Fiber optic,Yes,Yes,No,No internet service,9,Bangalore,Standard,0
CUST_02382,25,57.97800135842061,4163.990929993806,One year,No,Yes,No,No internet service,No,18,Pune,Standard,0
CUST_02383,67,67.98043357796304,775.282088999745,Month-to-month,No,Yes,No internet service,Yes,Yes,17,Hyderabad,Standard,0
CUST_02384,14,29.261768763026076,3304.279798407101,Month-to-month,Fiber optic,No,No internet service,No,Yes,7,Delhi,Premium,0
CUST_02385,13,60.790398352426735,819.2616123520933,One year,No,No,Yes,No,No,7,Delhi,Premium,0
CUST_02386,26,50.28318148478728,1635.9449192925194,Month-to-month,DSL,Yes,No,Yes,No internet service,8,Bangalore,Basic,0
CUST_02387,39,21.629378870933188,78.85358608854946,Two year,Fiber optic,Yes,No internet service,Yes,No,12,Chennai,Standard,0
CUST_02388,57,31.947011078381994,1555.8975571529047,Two year,DSL,No,No internet service,No,No,12,Mumbai,Basic,0
CUST_02389,27,95.93175596308213,2820.854456614097,Two year,DSL,No,Yes,Yes,Yes,1,Chennai,Basic,0
CUST_02390,25,19.839866769473733,4583.168754917323,Month-to-month,Fiber optic,Yes,No internet service,No internet service,No,6,Bangalore,Premium,0
CUST_02391,62,113.29383650782883,7815.309305251934,Two year,No,No internet service,Yes,No internet service,No internet service,6,Chennai,Basic,0
CUST_02392,65,26.815312509618217,4601.052487947112,Month-to-month,Fiber optic,No internet service,No internet service,No internet service,No,19,Bangalore,Premium,0
CUST_02393,24,99.52228560875272,6002.929237852345,Month-to-month,No,No internet service,No internet service,Yes,No,0,Mumbai,Basic,1
CUST_02394,2,109.65888717623402,3051.8170884555766,Two year,DSL,No,Yes,Yes,No,13,Mumbai,Standard,0
CUST_02395,71,113.9958296547456,6393.332391037562,Two year,No,No internet service,Yes,Yes,No internet service,5,Delhi,Standard,0
CUST_02396,43,106.4826563965892,5280.815904008631,Month-to-month,DSL,No internet service,No,No,No,12,Chennai,Basic,1
CUST_02397,41,47.33010402139521,3917.972820597373,Month-to-month,DSL,No,No internet service,No internet service,Yes,0,Chennai,Basic,0
CUST_02398,5,51.97488739652466,1661.5469182673771,Month-to-month,DSL,No internet service,No,No,No,19,Chennai,Standard,0
CUST_02399,38,61.50766125822775,2592.6339816330897,Month-to-month,Fiber optic,Yes,No,No,No,2,Chennai,Standard,1
CUST_02400,51,32.20826231952428,5284.864713121155,Two year,No,No,Yes,No,Yes,14,Pune,Premium,0
CUST_02401,22,20.271790416856835,3631.809743260308,Month-to-month,No,Yes,No internet service,No internet service,Yes,17,Hyderabad,Standard,0
CUST_02402,49,106.65040465666553,7561.776774345458,Month-to-month,No,No internet service,Yes,No internet service,Yes,9,Delhi,Premium,0
CUST_02403,42,74.52112905346655,2009.9151831648344,Month-to-month,DSL,Yes,No internet service,No internet service,Yes,14,Delhi,Standard,1
CUST_02404,18,80.08974010217807,637.8022364122558,Month-to-month,Fiber optic,No,Yes,Yes,Yes,7,Hyderabad,Basic,1
CUST_02405,68,112.55282443141512,5016.854625919519,Month-to-month,No,No internet service,No internet service,No internet service,Yes,4,Pune,Basic,0
CUST_02406,50,85.8422581675888,7533.483226492224,One year,No,No,No,Yes,No internet service,8,Chennai,Standard,1
CUST_02407,10,88.46705744266097,3111.7164477082874,One year,Fiber optic,No internet service,No internet service,Yes,No,0,Hyderabad,Basic,0
CUST_02408,11,98.2708021405477,5511.887542351777,One year,No,No,No internet service,Yes,No internet service,18,Pune,Premium,0
CUST_02409,7,29.867541885455186,1980.8418613065749,Two year,Fiber optic,No,Yes,No internet service,No internet service,7,Chennai,Premium,0
CUST_02410,23,54.736539627806735,4754.958839627742,Month-to-month,Fiber optic,Yes,No internet service,No internet service,Yes,4,Hyderabad,Premium,1
CUST_02411,40,116.75720862574336,6691.570599517024,Two year,No,No,No internet service,No internet service,No,17,Delhi,Standard,0
CUST_02412,35,112.13886796626187,7372.162020823833,Month-to-month,Fiber optic,No,No internet service,No internet service,No internet service,8,Hyderabad,Premium,1
CUST_02413,71,108.17568022363885,909.6204594080288,One year,Fiber optic,Yes,No internet service,No,No,0,Pune,Basic,1
CUST_02414,54,64.11302805457518,3040.768647199308,Month-to-month,No,No internet service,No,No internet service,No,18,Bangalore,Premium,1
CUST_02415,8,105.43368126585418,5443.464156500051,Two year,DSL,No internet service,Yes,No internet service,Yes,13,Chennai,Standard,0
CUST_02416,46,22.93637995846809,312.51936717035807,Two year,No,No,No internet service,No internet service,No,13,Hyderabad,Premium,0
CUST_02417,14,33.14877727422598,5875.798127679314,Month-to-month,No,Yes,Yes,No internet service,No internet service,3,Chennai,Basic,0
CUST_02418,47,60.22470524537352,4496.783393942062,Two year,DSL,No internet service,No,No internet service,No internet service,6,Mumbai,Basic,0
CUST_02419,41,67.3059908015769,2465.619180344264,One year,Fiber optic,Yes,No,No,Yes,19,Chennai,Standard,1
CUST_02420,59,44.8777296591274,6927.899049938736,Month-to-month,No,No,No internet service,No,No internet service,10,Hyderabad,Premium,1
CUST_02421,69,54.36062042647432,2478.210141692765,One year,DSL,Yes,Yes,Yes,Yes,1,Chennai,Basic,0
CUST_02422,11,34.60316230458761,8427.182421900661,One year,DSL,No,Yes,Yes,No internet service,17,Pune,Standard,0
CUST_02423,1,67.89167123502253,6942.451944059353,Two year,No,No internet service,Yes,No internet service,No internet service,9,Bangalore,Standard,0
CUST_02424,6,98.97201587252185,6023.090612731349,Month-to-month,No,No internet service,No,Yes,Yes,0,Bangalore,Standard,1
CUST_02425,2,85.45876015345318,538.3499866391635,One year,DSL,No internet service,No,No,No,13,Hyderabad,Standard,0
CUST_02426,2,28.99480923128521,7688.360575196054,One year,No,No internet service,No internet service,No internet service,Yes,9,Hyderabad,Standard,1
CUST_02427,26,67.73332354646504,6719.249103265906,Month-to-month,DSL,Yes,Yes,Yes,No,17,Chennai,Standard,0
CUST_02428,39,89.15993104353194,1960.5907225530668,Two year,No,Yes,Yes,Yes,No,6,Delhi,Basic,0
CUST_02429,32,72.049320248502,3345.0490740146724,One year,DSL,Yes,No,No,Yes,18,Bangalore,Premium,0
CUST_02430,0,57.950910846625995,2296.53282083357,Month-to-month,No,No,No internet service,No internet service,Yes,3,Bangalore,Standard,0
CUST_02431,7,81.43527097095557,8367.816801923806,Month-to-month,No,No internet service,No internet service,Yes,Yes,13,Mumbai,Premium,1
CUST_02432,31,116.8011438606281,7263.294244840756,One year,No,No internet service,No internet service,No,No,8,Mumbai,Standard,0
CUST_02433,47,27.680606796139955,7908.171017459859,One year,Fiber optic,No internet service,No,No internet service,No,3,Delhi,Basic,1
CUST_02434,3,57.78163819625119,6708.383072936396,One year,No,Yes,Yes,No,No,5,Bangalore,Basic,0
CUST_02435,69,59.47379701070176,3888.7457807578394,Two year,DSL,Yes,No internet service,No internet service,No,1,Hyderabad,Premium,0
CUST_02436,18,76.85066566777385,1760.4933069281587,Two year,DSL,No internet service,No internet service,No internet service,Yes,0,Bangalore,Standard,0
CUST_02437,31,33.52180939195563,1782.9358909083621,Month-to-month,Fiber optic,No,Yes,No internet service,Yes,16,Hyderabad,Premium,0
CUST_02438,8,36.01758904678789,1304.5739198461542,Month-to-month,Fiber optic,Yes,No internet service,No,No,3,Hyderabad,Standard,1
CUST_02439,11,47.10686137178118,4654.681485673414,One year,Fiber optic,No internet service,No,No internet service,No internet service,4,Delhi,Standard,1
CUST_02440,10,115.49874441338899,7821.156046929416,Month-to-month,No,No internet service,No internet service,Yes,Yes,17,Bangalore,Standard,1
CUST_02441,45,92.87907528555206,8430.43123012819,Two year,No,No internet service,Yes,No internet service,No internet service,12,Chennai,Standard,0
CUST_02442,15,85.49271677253333,2454.8769039118392,Month-to-month,DSL,No,No,No internet service,No internet service,19,Bangalore,Standard,0
CUST_02443,0,101.32968411421474,5932.621930796859,Month-to-month,DSL,No internet service,No internet service,No,No internet service,10,Bangalore,Standard,1
CUST_02444,62,31.01279982950268,5082.585368407224,One year,No,Yes,Yes,No internet service,No,19,Pune,Basic,0
CUST_02445,20,105.65194761182266,4165.1561433448705,One year,DSL,No,Yes,Yes,Yes,0,Mumbai,Basic,0
CUST_02446,29,78.67293681652541,5665.049636813735,Two year,No,No,Yes,Yes,No internet service,11,Delhi,Standard,0
CUST_02447,12,52.20355876081142,3167.9011269889447,Month-to-month,Fiber optic,No internet service,Yes,No internet service,No,12,Chennai,Premium,0
CUST_02448,33,101.21723608606042,8029.119862342639,Month-to-month,No,Yes,No internet service,No,Yes,3,Chennai,Premium,1
CUST_02449,3,99.86158250355966,6001.61729588515,Month-to-month,No,Yes,No internet service,Yes,No,11,Chennai,Basic,1
CUST_02450,27,104.26227533510617,6415.133662279916,One year,No,No internet service,No,No,Yes,5,Hyderabad,Premium,0
CUST_02451,58,29.78282581091218,2074.224209841519,Two year,DSL,No internet service,No,No internet service,Yes,12,Delhi,Standard,0
CUST_02452,26,116.87484698956915,1447.912553666808,Month-to-month,No,Yes,Yes,No,No,13,Mumbai,Standard,1
CUST_02453,68,115.88186768655258,3362.7986070260476,Month-to-month,No,No,Yes,No internet service,No internet service,11,Hyderabad,Standard,0
CUST_02454,24,54.46190384117764,6520.916020621258,Month-to-month,No,No,No,No internet service,Yes,19,Chennai,Standard,0
CUST_02455,2,24.721189857615805,7980.866906523737,Month-to-month,Fiber optic,No internet service,No internet service,No,Yes,1,Hyderabad,Standard,0
CUST_02456,67,35.03967828581614,3642.611583911534,Two year,No,No internet service,No internet service,Yes,No internet service,11,Hyderabad,Premium,0
CUST_02457,24,119.26874419535909,6584.397913960962,Two year,No,Yes,No internet service,No internet service,Yes,5,Pune,Premium,1
CUST_02458,19,75.42732020350962,4007.9974283174784,Two year,No,Yes,Yes,No internet service,No internet service,3,Chennai,Standard,0
CUST_02459,33,54.37542348025731,2522.126012729444,One year,DSL,Yes,No,No internet service,Yes,0,Chennai,Standard,0
CUST_02460,25,47.39667477270396,6288.44700845664,Month-to-month,Fiber optic,Yes,No,Yes,No internet service,7,Mumbai,Premium,0
CUST_02461,4,44.21315700171665,6788.350500429618,Month-to-month,Fiber optic,No internet service,No,Yes,Yes,7,Delhi,Premium,1
CUST_02462,60,85.74358203555717,1738.4956153923297,Month-to-month,No,No internet service,No internet service,No internet service,Yes,11,Bangalore,Standard,0
CUST_02463,8,60.777558815007964,2606.447716348495,Month-to-month,No,Yes,No,Yes,Yes,3,Bangalore,Premium,0
CUST_02464,49,116.47189133559839,4214.697186343603,Two year,DSL,No internet service,No,No,No internet service,15,Pune,Standard,1
CUST_02465,5,87.75198912582687,1600.078160082648,One year,No,No internet service,No internet service,No,Yes,13,Bangalore,Basic,1
CUST_02466,59,98.78854828699404,7896.372522029668,One year,DSL,Yes,Yes,No,No,13,Mumbai,Standard,1
CUST_02467,43,47.85963795548231,5033.694246340268,Month-to-month,No,No,Yes,No,No,1,Hyderabad,Premium,0
CUST_02468,10,26.077013729079837,1046.0461986666974,Two year,DSL,No,No internet service,No internet service,No,16,Chennai,Basic,0
CUST_02469,65,67.75792941295187,1578.9413122366434,One year,Fiber optic,Yes,No,No,Yes,7,Delhi,Premium,0
CUST_02470,46,50.08731774771518,8112.84203904533,One year,No,No,Yes,Yes,No internet service,6,Bangalore,Premium,0
CUST_02471,72,38.61248283080822,6279.145943878716,Month-to-month,DSL,No internet service,Yes,No internet service,No internet service,12,Pune,Premium,0
CUST_02472,2,115.16949734168786,6247.223926771292,One year,DSL,No,Yes,Yes,Yes,10,Delhi,Basic,1
CUST_02473,29,63.28679786288709,632.9330743508726,Month-to-month,No,Yes,No internet service,No,No,18,Delhi,Standard,0
CUST_02474,20,35.82027638897614,7611.924741447288,Two year,DSL,Yes,Yes,No internet service,No internet service,18,Chennai,Basic,0
CUST_02475,27,38.26236657347619,3781.763345222084,Month-to-month,No,No,No,No internet service,Yes,9,Pune,Basic,1
CUST_02476,61,46.63239373138859,5613.722330631854,One year,No,No,No internet service,No internet service,No internet service,10,Mumbai,Basic,0
CUST_02477,32,119.9302593553507,8158.083956525066,Month-to-month,DSL,No internet service,No internet service,No,No,15,Chennai,Basic,0
CUST_02478,34,45.33717305299893,866.3050101843157,Month-to-month,DSL,No,Yes,Yes,No,7,Pune,Basic,0
CUST_02479,51,51.53778406700227,4108.668929365161,Month-to-month,DSL,No,No,No internet service,No internet service,1,Mumbai,Standard,1
CUST_02480,33,85.25146905436814,438.8152323665053,Month-to-month,Fiber optic,No,No internet service,Yes,Yes,13,Pune,Standard,1
CUST_02481,40,47.98406039385043,4255.144280631755,Month-to-month,No,No internet service,Yes,No,Yes,16,Hyderabad,Premium,0
CUST_02482,50,40.01203360808872,2157.6643197555777,Month-to-month,No,No,No,No,No internet service,16,Delhi,Premium,1
CUST_02483,46,34.18099303825907,7745.657819300971,One year,Fiber optic,No internet service,No,Yes,No,10,Bangalore,Premium,0
CUST_02484,57,49.8936318328348,3398.013336424323,Month-to-month,Fiber optic,No internet service,No internet service,No internet service,Yes,0,Delhi,Premium,0
CUST_02485,56,28.8034003421349,5394.506087413735,One year,DSL,Yes,Yes,Yes,No internet service,18,Chennai,Standard,0
CUST_02486,22,19.901951814307857,7314.956580157004,Month-to-month,No,Yes,No,No internet service,No internet service,0,Pune,Premium,0
CUST_02487,47,100.07345312813709,8361.674343094492,Two year,Fiber optic,No internet service,No internet service,No internet service,No,3,Pune,Standard,0
CUST_02488,21,32.06528412628681,4291.395899126726,Month-to-month,Fiber optic,No internet service,No internet service,Yes,No,6,Mumbai,Premium,0
CUST_02489,16,97.14963868115471,3883.736835670869,One year,No,No internet service,No internet service,No internet service,Yes,19,Hyderabad,Basic,1
CUST_02490,68,99.3493328566393,660.4236714045628,One year,No,Yes,No internet service,No internet service,Yes,0,Hyderabad,Standard,0
CUST_02491,10,72.8677916855828,126.05171738625793,Two year,No,No internet service,No internet service,No internet service,Yes,10,Mumbai,Standard,0
CUST_02492,14,49.58755974792105,5181.859348572244,Month-to-month,DSL,Yes,No,No,No,12,Mumbai,Premium,0
CUST_02493,34,32.79333884248862,573.2686349163334,Two year,Fiber optic,Yes,No internet service,No internet service,No internet service,2,Mumbai,Premium,0
CUST_02494,32,93.1541208855419,3244.37414396033,Month-to-month,DSL,No internet service,Yes,Yes,Yes,7,Hyderabad,Basic,1
CUST_02495,15,79.34147257014217,48.589791055006415,Month-to-month,No,No internet service,Yes,No,Yes,11,Delhi,Basic,0
CUST_02496,33,84.85625256234354,5236.35964622682,One year,No,No internet service,No,No internet service,Yes,1,Delhi,Standard,1
CUST_02497,65,18.884247164203366,3626.371390856289,Two year,Fiber optic,Yes,No internet service,No,No internet service,0,Pune,Premium,0
CUST_02498,39,112.6067356021981,1095.3901693272935,Two year,DSL,No,No internet service,Yes,Yes,19,Pune,Standard,0
CUST_02499,27,24.761599119548123,2531.7900412238528,One year,DSL,No internet service,No,No,Yes,13,Hyderabad,Premium,1
CUST_02500,46,55.414200284280575,4849.862048679864,One year,DSL,No,No internet service,No,No,14,Bangalore,Standard,0
CUST_02501,38,59.07658826447343,5588.242787460626,Two year,No,No,No internet service,No internet service,No,3,Chennai,Standard,0
CUST_02502,69,18.13826349879078,3939.5329313053558,One year,Fiber optic,No,Yes,Yes,No,19,Hyderabad,Premium,0
CUST_02503,72,68.7031095537813,6837.181222683403,Month-to-month,DSL,No,No internet service,Yes,No internet service,6,Bangalore,Premium,1
CUST_02504,19,94.786517440123,971.7195720647246,Two year,No,No,No,No,No,0,Chennai,Basic,0
CUST_02505,0,101.97340261770675,735.1168191984428,Two year,No,Yes,Yes,No internet service,Yes,4,Delhi,Premium,0
CUST_02506,71,107.6984933172002,393.27988980905013,One year,DSL,Yes,No,No,Yes,13,Mumbai,Standard,1
CUST_02507,62,67.74732456816768,4562.891734210169,Month-to-month,Fiber optic,Yes,No,No,No internet service,5,Pune,Premium,1
CUST_02508,66,82.32489143402435,6008.257315316672,Two year,Fiber optic,No,No internet service,No,No internet service,6,Chennai,Premium,0
CUST_02509,3,26.111010756242873,1125.082509901897,Two year,DSL,Yes,No internet service,No internet service,Yes,11,Pune,Basic,0
CUST_02510,57,67.77989887673849,5437.5367645774395,Month-to-month,No,No internet service,Yes,No,No internet service,6,Mumbai,Premium,0
CUST_02511,24,33.791206996917,4063.4709528196336,One year,No,No,No,No internet service,Yes,17,Bangalore,Basic,0
CUST_02512,46,55.703597997497184,8392.65605028176,One year,DSL,No internet service,No,Yes,No,15,Pune,Basic,1
CUST_02513,37,51.58914191218913,6103.611153797702,One year,No,No,No internet service,No,Yes,8,Hyderabad,Standard,0
CUST_02514,14,61.201138878633834,5594.68882909537,One year,No,No,No,Yes,No internet service,6,Hyderabad,Standard,0
CUST_02515,62,76.30693503336153,4856.554651187226,Month-to-month,DSL,No,No,No,No,13,Mumbai,Standard,0
CUST_02516,20,110.09341800042557,8477.659951904589,Month-to-month,No,No,No,Yes,Yes,1,Chennai,Premium,1
CUST_02517,56,58.237432397445545,8334.254687188524,Two year,DSL,No internet service,No,No internet service,No internet service,12,Chennai,Premium,0
CUST_02518,52,118.07538196257818,4582.292494444532,Two year,DSL,No,No,No,No internet service,6,Pune,Standard,0
CUST_02519,45,95.42086090122268,3878.8651520892076,Month-to-month,DSL,No,Yes,No,No,18,Bangalore,Premium,1
CUST_02520,13,70.17106677241509,3937.6587743562636,Two year,No,Yes,No,No internet service,Yes,1,Hyderabad,Basic,0
CUST_02521,16,83.6906965854183,3651.2001547227874,Month-to-month,DSL,No,No,Yes,Yes,5,Mumbai,Standard,1
CUST_02522,38,28.426865455458337,4525.320439942805,One year,No,No,Yes,Yes,No internet service,11,Delhi,Premium,0
CUST_02523,8,104.1411961939928,2338.5417596014927,Month-to-month,DSL,No,No internet service,No internet service,No,1,Pune,Premium,1
CUST_02524,5,77.40046041652451,7879.022458376567,Month-to-month,Fiber optic,No,No internet service,Yes,Yes,16,Hyderabad,Basic,0
CUST_02525,22,118.57888298137938,4176.1315509601345,Two year,No,No,Yes,No internet service,No,11,Hyderabad,Standard,0
CUST_02526,58,82.91573186279061,7159.910260015083,Month-to-month,No,No,Yes,Yes,No internet service,19,Bangalore,Standard,1
CUST_02527,45,103.07938149316516,4049.525768530753,One year,No,No internet service,No internet service,No internet service,Yes,8,Hyderabad,Premium,0
CUST_02528,37,99.57579976511445,6110.538103306681,One year,Fiber optic,No internet service,No,No internet service,No internet service,13,Bangalore,Standard,1
CUST_02529,13,53.23703744976342,2875.4328226903517,Two year,DSL,No,No,No internet service,Yes,2,Bangalore,Basic,0
CUST_02530,71,44.48028377378759,5317.611767293515,Two year,Fiber optic,No internet service,Yes,No internet service,No internet service,2,Delhi,Standard,0
CUST_02531,61,61.91034551001402,4245.186600314698,Month-to-month,DSL,Yes,No,Yes,Yes,15,Pune,Basic,0
CUST_02532,34,65.65861712970138,3131.8631239180786,Two year,DSL,Yes,Yes,No,No,5,Chennai,Premium,0
CUST_02533,18,42.48863959753768,7495.360206378785,One year,DSL,No,No internet service,Yes,Yes,7,Hyderabad,Basic,0
CUST_02534,29,109.24898308179912,974.0204930762459,Two year,DSL,No,No,No internet service,Yes,12,Bangalore,Premium,0
CUST_02535,24,73.33988195466588,4148.0821440426935,Two year,DSL,No internet service,No internet service,No,No internet service,7,Bangalore,Premium,0
CUST_02536,39,117.8013279996641,1666.6384794433718,One year,Fiber optic,Yes,No,No,Yes,7,Chennai,Basic,1
CUST_02537,13,100.62181336071886,7321.469283707611,Month-to-month,No,No,No,Yes,Yes,6,Chennai,Basic,0
CUST_02538,25,74.68189575997849,2167.926981878257,Month-to-month,Fiber optic,Yes,No,No internet service,Yes,4,Bangalore,Basic,1
CUST_02539,21,114.59810837072465,5390.756144828471,Two year,No,No internet service,Yes,No internet service,No internet service,19,Hyderabad,Premium,0
CUST_02540,47,69.49723113972132,1422.309734953973,One year,No,No,No internet service,No internet service,Yes,0,Pune,Standard,0
CUST_02541,50,108.48486427690439,3452.477744451636,One year,No,No,Yes,No internet service,No,12,Hyderabad,Premium,0
CUST_02542,2,54.530767681972165,7646.347733497907,One year,Fiber optic,No,Yes,No internet service,No,7,Pune,Basic,0
CUST_02543,41,56.62152310721759,1426.558617417259,Month-to-month,DSL,Yes,No internet service,No,No internet service,10,Hyderabad,Premium,0
CUST_02544,18,60.649329663034976,5643.226990604617,One year,DSL,No internet service,No internet service,Yes,Yes,19,Chennai,Basic,0
CUST_02545,72,73.75581588621111,1752.6569630556085,One year,No,Yes,Yes,Yes,No internet service,6,Hyderabad,Basic,0
CUST_02546,27,74.45600756028006,3544.3834635778308,Month-to-month,DSL,Yes,Yes,Yes,Yes,18,Pune,Standard,0
CUST_02547,44,68.63269001106259,4603.512413265352,One year,DSL,No,Yes,No,No internet service,6,Hyderabad,Premium,0
CUST_02548,70,49.21209930548308,4914.713039085441,Month-to-month,Fiber optic,No internet service,No internet service,No,Yes,15,Hyderabad,Basic,0
CUST_02549,62,112.57505940866477,5128.501165125864,Two year,DSL,No internet service,Yes,Yes,Yes,11,Chennai,Premium,0
CUST_02550,72,78.03578192962394,5447.594665345802,Two year,DSL,No,No internet service,No,No internet service,10,Mumbai,Standard,0
CUST_02551,18,59.58940005154268,2323.1420936691507,Two year,Fiber optic,No internet service,Yes,No,No internet service,8,Mumbai,Basic,0
CUST_02552,46,84.42004999584906,3422.3990138529434,Two year,DSL,No,No internet service,Yes,No internet service,6,Hyderabad,Basic,0
CUST_02553,13,96.33260929660013,334.53690444369636,Two year,No,No,Yes,No,Yes,19,Mumbai,Premium,1
CUST_02554,37,115.99426499928079,6538.596674939124,Month-to-month,Fiber optic,No internet service,No,No internet service,No internet service,13,Hyderabad,Premium,0
CUST_02555,52,68.95401455129343,7118.277974173469,Month-to-month,DSL,No internet service,No,Yes,Yes,3,Chennai,Premium,0
CUST_02556,60,29.434048055777396,1707.9262278843971,Month-to-month,DSL,No internet service,No internet service,Yes,No,2,Hyderabad,Standard,1
CUST_02557,35,62.958111746527216,1726.6477079889614,One year,Fiber optic,No internet service,No internet service,Yes,No,8,Delhi,Standard,0
CUST_02558,39,66.85499726825408,374.5527633791484,Two year,No,Yes,No,Yes,Yes,4,Bangalore,Basic,0
CUST_02559,29,109.49339597493874,8248.795584925878,One year,Fiber optic,No,No internet service,No,Yes,2,Chennai,Premium,0
CUST_02560,8,58.26967838322121,6864.556470770337,One year,No,No,No internet service,Yes,No internet service,0,Pune,Standard,0
CUST_02561,63,115.23907501848812,3077.484567048964,One year,Fiber optic,No,No,No internet service,Yes,17,Delhi,Premium,1
CUST_02562,32,67.48345458686215,4105.545958607058,Two year,DSL,No,Yes,No,Yes,12,Delhi,Premium,0
CUST_02563,51,117.32561109985075,2494.4637602406674,One year,Fiber optic,Yes,No internet service,No,No,3,Bangalore,Standard,1
CUST_02564,13,18.836228755358142,5083.82333930792,Two year,Fiber optic,No internet service,No internet service,Yes,No internet service,17,Delhi,Premium,0
CUST_02565,52,109.67916823024736,6102.209953412817,Two year,No,No internet service,Yes,No,No internet service,8,Bangalore,Basic,0
CUST_02566,58,112.97428609822177,3812.579430327059,Two year,Fiber optic,No internet service,Yes,No,Yes,6,Hyderabad,Basic,0
CUST_02567,40,116.02413544805175,7427.82594749955,One year,No,No,No internet service,No,No internet service,14,Chennai,Premium,0
CUST_02568,67,19.333806485810715,4403.413363339946,Two year,Fiber optic,Yes,No internet service,Yes,No,12,Chennai,Standard,0
CUST_02569,67,35.513485328131516,1241.556228317991,Two year,DSL,Yes,Yes,No internet service,No,1,Chennai,Premium,0
CUST_02570,7,84.68397931551009,5296.275449854876,Month-to-month,Fiber optic,No internet service,No internet service,Yes,No,10,Bangalore,Basic,1
CUST_02571,1,20.598214556980928,3938.643052829981,One year,DSL,No,Yes,No internet service,Yes,3,Bangalore,Premium,1
CUST_02572,40,24.488117610003073,7954.368742659198,Month-to-month,No,No internet service,Yes,No,Yes,17,Delhi,Standard,1
CUST_02573,54,40.55004511673108,3342.044237378418,Month-to-month,No,No,No internet service,No internet service,No,2,Chennai,Standard,0
CUST_02574,15,70.26885641187619,3435.1071994711824,One year,No,No internet service,No internet service,Yes,No,1,Delhi,Standard,0
CUST_02575,61,73.68206104521437,5537.859892127618,Month-to-month,No,No internet service,Yes,Yes,No internet service,11,Hyderabad,Standard,0
CUST_02576,47,21.494634524937442,4487.897103844763,Two year,Fiber optic,Yes,No internet service,Yes,No internet service,3,Delhi,Basic,0
CUST_02577,29,35.377459579716174,3194.0838612810044,Month-to-month,Fiber optic,No,Yes,No,No internet service,13,Chennai,Premium,1
CUST_02578,11,68.96997868013484,8413.266593798518,Month-to-month,Fiber optic,Yes,No,No internet service,No internet service,15,Bangalore,Basic,1
CUST_02579,34,78.58194333622734,2581.1374958150536,Two year,DSL,Yes,No,Yes,No,3,Delhi,Standard,0
CUST_02580,10,33.13697304159397,2371.999213617012,Month-to-month,Fiber optic,No internet service,Yes,Yes,No internet service,11,Delhi,Premium,1
CUST_02581,63,58.68182401859101,7350.075145124481,Two year,DSL,No,Yes,Yes,No,18,Bangalore,Premium,0
CUST_02582,49,110.24894652472915,46.60930719581181,One year,DSL,No,No internet service,No,No,18,Bangalore,Standard,0
CUST_02583,20,119.88772727870955,1725.0293107954265,Month-to-month,Fiber optic,No internet service,Yes,Yes,Yes,11,Chennai,Premium,1
CUST_02584,68,118.6958743927764,5026.168809838081,One year,DSL,No internet service,Yes,No,No internet service,14,Hyderabad,Standard,0
CUST_02585,47,107.93080004926098,1395.9053771784472,Month-to-month,No,No internet service,No internet service,No,No,2,Pune,Premium,1
CUST_02586,19,58.25532897089447,8379.588872541475,Two year,Fiber optic,No,No internet service,Yes,Yes,18,Chennai,Standard,0
CUST_02587,66,88.03057779162799,3955.3072693802746,Month-to-month,Fiber optic,No internet service,No,No,Yes,14,Delhi,Basic,1
CUST_02588,43,60.49240723398827,5084.8420838153925,One year,DSL,No internet service,Yes,No,No,19,Chennai,Premium,0
CUST_02589,32,84.14975673606868,1378.2877310222482,Two year,Fiber optic,Yes,Yes,Yes,No,6,Chennai,Basic,1
CUST_02590,72,49.56211203888729,2472.505051595692,Two year,Fiber optic,No internet service,No,Yes,No internet service,3,Bangalore,Basic,0
CUST_02591,60,79.83262986825386,5231.247406686803,One year,DSL,No internet service,Yes,No internet service,No internet service,0,Hyderabad,Basic,0
CUST_02592,8,71.4233666483907,4679.311712215224,One year,Fiber optic,No,No internet service,Yes,No,8,Pune,Basic,1
CUST_02593,67,20.496987112946396,6670.97498523197,Month-to-month,Fiber optic,No internet service,Yes,No internet service,No,6,Hyderabad,Basic,0
CUST_02594,34,98.6516961821036,2301.63582066735,Month-to-month,Fiber optic,No,No internet service,No internet service,Yes,4,Chennai,Premium,0
CUST_02595,64,19.213578889005873,5561.344488364822,Two year,DSL,Yes,Yes,No internet service,Yes,8,Bangalore,Premium,0
CUST_02596,7,47.90190610983678,2486.0542397618765,One year,Fiber optic,Yes,No,Yes,Yes,5,Bangalore,Premium,0
CUST_02597,44,18.60425467630824,4994.835720686593,One year,Fiber optic,No,No internet service,No internet service,Yes,11,Delhi,Basic,0
CUST_02598,46,56.372544156110216,5149.872667905939,Month-to-month,Fiber optic,No internet service,No internet service,No internet service,Yes,12,Mumbai,Standard,1
CUST_02599,39,24.44237387274221,1051.4393425087737,Month-to-month,No,No,No,No internet service,No internet service,0,Delhi,Standard,1
CUST_02600,53,111.1781186167866,4671.5060448409085,Two year,Fiber optic,No internet service,No internet service,Yes,Yes,14,Pune,Premium,0
CUST_02601,45,60.3992881066126,119.26066021137594,One year,DSL,No internet service,No,Yes,No,15,Delhi,Basic,0
CUST_02602,46,64.86856903616982,4269.269593160134,One year,No,No internet service,Yes,Yes,No internet service,1,Delhi,Premium,0
CUST_02603,14,53.6847240812672,5934.380659173692,One year,DSL,No,No,Yes,Yes,8,Mumbai,Basic,0
CUST_02604,18,82.00562772858015,635.7672072930843,One year,Fiber optic,Yes,Yes,No,Yes,9,Bangalore,Standard,1
CUST_02605,25,98.00962789505678,7980.145144849224,Month-to-month,Fiber optic,No,No internet service,Yes,Yes,19,Bangalore,Standard,0
CUST_02606,51,84.11096779099574,3909.164422334551,Month-to-month,Fiber optic,No internet service,No internet service,No internet service,No,15,Hyderabad,Basic,0
CUST_02607,21,94.31712607630301,7977.646849843293,Month-to-month,No,No,No,Yes,Yes,14,Hyderabad,Standard,1
CUST_02608,20,110.40931367794457,928.953429748186,Two year,Fiber optic,Yes,Yes,No,No,2,Chennai,Basic,0
CUST_02609,50,106.08174623048572,8075.073805866494,One year,DSL,No,No,No,No,1,Pune,Premium,0
CUST_02610,37,86.75396218087697,944.2097973257909,Month-to-month,No,Yes,No internet service,No,Yes,7,Chennai,Basic,0
CUST_02611,19,39.89307221625172,3932.4073624642324,One year,DSL,Yes,No internet service,Yes,Yes,15,Chennai,Basic,0
CUST_02612,28,83.04569080627674,7974.0487099772745,Month-to-month,DSL,No internet service,Yes,No,No internet service,8,Hyderabad,Standard,1
CUST_02613,50,69.62047576553212,1991.8309556984082,Two year,DSL,Yes,Yes,No,No internet service,2,Hyderabad,Basic,0
CUST_02614,3,91.15636156306284,313.0462076437822,Month-to-month,DSL,No,No internet service,No,No internet service,16,Delhi,Standard,1
CUST_02615,54,102.95902813607732,6745.164745589369,Two year,DSL,No,No internet service,Yes,No,12,Bangalore,Basic,0
CUST_02616,70,93.75759271301457,5072.285014708542,One year,Fiber optic,No internet service,Yes,No,Yes,15,Hyderabad,Standard,0
CUST_02617,27,104.3492393360511,4377.07955819002,Month-to-month,DSL,No,No,No,No internet service,4,Mumbai,Basic,1
CUST_02618,3,24.51437008078443,309.30058608399827,Month-to-month,DSL,No internet service,No,No internet service,No,4,Delhi,Basic,0
CUST_02619,21,21.225243900221322,5558.70762201966,Month-to-month,Fiber optic,No,Yes,No internet service,No internet service,2,Mumbai,Basic,0
CUST_02620,44,44.36705790535858,1473.7092706848784,One year,No,No,Yes,No internet service,No internet service,12,Mumbai,Basic,0
CUST_02621,66,109.8679405790801,7916.410241496226,Two year,Fiber optic,Yes,Yes,No,Yes,7,Bangalore,Premium,1
CUST_02622,65,102.01324360036533,5834.335999023935,Two year,No,Yes,No internet service,No internet service,Yes,7,Mumbai,Premium,1
CUST_02623,33,87.63818437512178,6015.0614383030015,Month-to-month,DSL,Yes,No,Yes,No,16,Mumbai,Standard,0
CUST_02624,54,89.47738407885103,1990.7458722888807,One year,Fiber optic,No,Yes,No internet service,Yes,14,Pune,Premium,0
CUST_02625,0,92.12038786433769,7488.554054397086,Two year,No,No internet service,No,Yes,No internet service,3,Mumbai,Premium,1
CUST_02626,71,114.14547544944419,4579.047665383111,Two year,No,No internet service,No internet service,No internet service,No,17,Mumbai,Standard,0
CUST_02627,37,102.88349753537088,7287.787996220303,Two year,Fiber optic,No internet service,No internet service,No internet service,No,6,Delhi,Premium,0
CUST_02628,5,81.58581947675884,2316.176481527365,Two year,Fiber optic,Yes,Yes,No internet service,No,9,Delhi,Standard,0
CUST_02629,24,85.90297439622833,6425.826250499323,Two year,Fiber optic,No,Yes,Yes,No,0,Bangalore,Premium,0
CUST_02630,16,39.801506730234436,4891.476476844523,Month-to-month,Fiber optic,Yes,Yes,Yes,Yes,3,Bangalore,Standard,0
CUST_02631,60,85.0465201659398,428.69255188535334,Month-to-month,Fiber optic,No,Yes,No internet service,No internet service,10,Pune,Standard,1
CUST_02632,11,61.31725926668277,3456.1135902450196,Month-to-month,DSL,No,No,Yes,Yes,14,Mumbai,Premium,0
CUST_02633,5,33.60211080178586,1577.928565177229,Two year,DSL,No,Yes,No internet service,Yes,14,Chennai,Standard,1
CUST_02634,26,100.25308756315059,3064.510372387609,Two year,Fiber optic,Yes,No,No,No,2,Mumbai,Basic,1
CUST_02635,7,70.04520417992086,3269.588561837617,Two year,Fiber optic,No,No internet service,No,Yes,18,Mumbai,Premium,0
CUST_02636,64,117.697354252321,4046.3422903867595,Month-to-month,DSL,Yes,No internet service,No,Yes,19,Pune,Basic,1
CUST_02637,56,46.731294156401546,5109.663535222824,Two year,No,Yes,No,Yes,No internet service,13,Bangalore,Premium,0
CUST_02638,39,67.02835145511783,4861.0324484897255,Month-to-month,DSL,No,No,No,No,2,Hyderabad,Premium,1
CUST_02639,13,63.69553637622455,348.72509470776816,Two year,Fiber optic,No,Yes,No internet service,Yes,7,Bangalore,Standard,0
CUST_02640,34,30.31951128812303,6385.3459512213385,Month-to-month,No,No,Yes,No internet service,No,9,Delhi,Standard,0
CUST_02641,47,61.46375844073951,8068.97770809802,One year,Fiber optic,Yes,Yes,Yes,No internet service,8,Bangalore,Standard,0
CUST_02642,55,47.33045255493434,2975.514693170487,Two year,No,No,No internet service,No internet service,Yes,14,Pune,Premium,0
CUST_02643,48,34.35268807942731,1542.613217151109,Two year,Fiber optic,No,No,No,No internet service,8,Hyderabad,Standard,1
CUST_02644,12,46.779869571686206,4598.293258344698,Month-to-month,DSL,No internet service,No,No internet service,No internet service,3,Mumbai,Basic,1
CUST_02645,60,41.79167250917199,5997.07145736683,Two year,Fiber optic,No internet service,No,Yes,No,11,Hyderabad,Basic,0
CUST_02646,48,92.87550016259956,5776.471315383639,Month-to-month,DSL,No internet service,No,No internet service,No,18,Pune,Premium,1
CUST_02647,45,21.13906818243433,5209.91343636228,Month-to-month,No,No,Yes,No internet service,No,0,Pune,Premium,1
CUST_02648,61,80.98120028714857,1258.341962551465,One year,DSL,Yes,Yes,No,Yes,13,Bangalore,Standard,0
CUST_02649,7,95.58745688640786,7115.948754326232,One year,No,No internet service,No,Yes,No,9,Chennai,Basic,1
CUST_02650,42,67.03379255983526,3628.1220924363915,Two year,Fiber optic,Yes,Yes,No,Yes,0,Pune,Standard,0
CUST_02651,19,113.01962796080768,1896.4965212763213,Two year,DSL,No internet service,No internet service,No internet service,No internet service,3,Delhi,Standard,0
CUST_02652,38,90.2038309141266,749.7094084971844,Month-to-month,No,No internet service,Yes,Yes,No,9,Pune,Standard,1
CUST_02653,48,94.28821243376456,3552.611533201402,Month-to-month,No,Yes,No internet service,No internet service,No internet service,2,Hyderabad,Standard,1
CUST_02654,63,38.087215718968764,5259.647383358861,Month-to-month,No,No internet service,No internet service,No internet service,No,15,Pune,Basic,1
CUST_02655,61,97.28414873558549,5661.733729023089,Month-to-month,No,Yes,No,No,No internet service,17,Bangalore,Standard,0
CUST_02656,53,102.87366308047773,8183.934482471532,Two year,Fiber optic,No,No,No internet service,Yes,11,Mumbai,Basic,0
CUST_02657,8,54.84917161741094,1317.0020456359905,One year,Fiber optic,No,Yes,Yes,No internet service,18,Bangalore,Basic,0
CUST_02658,36,39.763032939363065,8379.332228205636,Two year,Fiber optic,Yes,No,Yes,Yes,8,Pune,Premium,0
CUST_02659,48,57.2751692787689,5570.960819013637,Two year,No,Yes,No internet service,No,No,19,Pune,Standard,0
CUST_02660,40,93.44001283801398,3870.7708674724827,Two year,Fiber optic,No,No internet service,No,No,4,Mumbai,Premium,0
CUST_02661,16,60.59917859860768,7551.663423644088,One year,No,Yes,Yes,Yes,No,4,Chennai,Premium,0
CUST_02662,20,93.13849127292836,5908.577171248678,Two year,No,No,No internet service,No,Yes,7,Delhi,Premium,0
CUST_02663,50,29.58358317970884,2975.8194164172032,One year,No,No,No,No internet service,No,6,Hyderabad,Basic,0
CUST_02664,58,100.21319446982541,7516.814878361548,Month-to-month,DSL,Yes,Yes,Yes,Yes,18,Bangalore,Standard,1
CUST_02665,38,43.82716312752045,5672.232304743295,Two year,Fiber optic,No internet service,Yes,No,Yes,17,Bangalore,Premium,0
CUST_02666,54,43.390756746888556,5945.53845184657,Month-to-month,Fiber optic,Yes,Yes,Yes,No internet service,14,Hyderabad,Basic,0
CUST_02667,40,78.21885845079379,7621.179030745674,Month-to-month,DSL,No,No,No internet service,No,0,Pune,Premium,1
CUST_02668,38,25.152040666192946,3821.4662759935263,Month-to-month,DSL,No internet service,No internet service,No,No internet service,6,Mumbai,Basic,0
CUST_02669,12,20.682368121836195,5589.860626750655,Two year,DSL,No internet service,No,Yes,Yes,18,Delhi,Basic,0
CUST_02670,63,44.624923859931826,6334.452281531653,Month-to-month,DSL,No,Yes,No internet service,No internet service,4,Chennai,Basic,0
CUST_02671,10,72.88289017495191,3868.3195730652888,Two year,No,No internet service,No internet service,No,No,7,Hyderabad,Basic,1
CUST_02672,18,110.57687139497318,725.8408456879639,Month-to-month,Fiber optic,No internet service,Yes,Yes,Yes,4,Delhi,Standard,1
CUST_02673,10,104.3363879833453,6561.352121458368,Two year,Fiber optic,Yes,No,No internet service,No internet service,4,Bangalore,Basic,1
CUST_02674,45,68.02553891193949,423.57830396919496,Two year,Fiber optic,No,Yes,No internet service,No,4,Delhi,Premium,0
CUST_02675,44,21.779303356736264,6107.349955412265,Two year,No,No internet service,No,No internet service,No,10,Pune,Standard,1
CUST_02676,0,72.59577893218953,7744.043518705259,Month-to-month,Fiber optic,No,Yes,No internet service,No internet service,6,Chennai,Premium,1
CUST_02677,39,89.88915119238014,2960.991044174497,Two year,DSL,Yes,Yes,No internet service,Yes,1,Delhi,Standard,0
CUST_02678,18,52.594782317553445,883.6880615390471,Month-to-month,Fiber optic,Yes,Yes,No,No,16,Pune,Premium,0
CUST_02679,71,29.328456934728777,1993.1523614059142,One year,Fiber optic,Yes,No,No internet service,Yes,10,Bangalore,Premium,0
CUST_02680,71,46.41393122697726,4787.272226911578,Month-to-month,No,No internet service,No,No,No,19,Chennai,Basic,0
CUST_02681,60,96.70206417571703,8013.639941025825,Month-to-month,DSL,Yes,No,No,Yes,4,Chennai,Premium,1
CUST_02682,11,53.82687089289949,4363.182114894043,Two year,DSL,No,No,Yes,Yes,6,Chennai,Standard,1
CUST_02683,60,100.82211204994243,974.2376784843777,Month-to-month,DSL,Yes,No,Yes,No,0,Bangalore,Premium,1
CUST_02684,32,50.591188084362535,5342.856879461979,One year,Fiber optic,No internet service,No internet service,No,No internet service,8,Mumbai,Basic,0
CUST_02685,44,34.68261391820945,6233.990753835319,Two year,DSL,Yes,Yes,No internet service,No internet service,10,Bangalore,Basic,0
CUST_02686,68,62.45653267038804,3353.832088878853,Month-to-month,DSL,No internet service,No,No internet service,No internet service,11,Mumbai,Standard,0
CUST_02687,7,64.13200025349218,6137.882293777806,Month-to-month,Fiber optic,No,No internet service,No,Yes,9,Pune,Premium,0
CUST_02688,24,19.643038292032372,2773.1471180106073,Two year,No,Yes,No internet service,No internet service,No internet service,19,Mumbai,Basic,0
CUST_02689,45,29.938597416045265,6711.062665840778,Two year,Fiber optic,Yes,Yes,No,No internet service,10,Bangalore,Standard,0
CUST_02690,29,36.862453914827384,2910.974057473325,Month-to-month,No,No,Yes,Yes,No,0,Pune,Standard,0
CUST_02691,46,29.58590637262484,2190.300350956509,Month-to-month,No,No,Yes,No internet service,Yes,19,Delhi,Basic,0
CUST_02692,48,52.83565969297911,7475.216684772339,Two year,DSL,No internet service,No,No internet service,No internet service,4,Bangalore,Standard,0
CUST_02693,46,116.39153127293584,4670.151558409711,Two year,DSL,Yes,Yes,No internet service,No,14,Chennai,Premium,0
CUST_02694,17,69.94069890936196,2436.69564110697,One year,Fiber optic,Yes,Yes,Yes,Yes,9,Delhi,Premium,0
CUST_02695,65,82.01071443480593,7949.406997986425,One year,No,Yes,Yes,No internet service,No,11,Hyderabad,Premium,0
CUST_02696,67,54.35142080934887,5877.799670303029,One year,Fiber optic,Yes,No internet service,No,No internet service,13,Pune,Standard,0
CUST_02697,32,50.9957516876009,1889.980789878521,Two year,DSL,No,No,No internet service,Yes,18,Hyderabad,Standard,0
CUST_02698,35,20.360970735330852,5231.396451655965,Two year,No,Yes,Yes,No,Yes,9,Hyderabad,Premium,0
CUST_02699,18,69.03403287895429,7400.383606993507,Two year,DSL,Yes,No internet service,No internet service,No internet service,11,Chennai,Premium,0
CUST_02700,27,67.32811868866996,5922.770955024767,Month-to-month,DSL,Yes,No,No,No,17,Pune,Basic,0
CUST_02701,39,34.09873407047455,2094.0471167474266,Two year,DSL,No internet service,Yes,Yes,Yes,18,Pune,Premium,0
CUST_02702,14,95.96104802108377,5521.531523986874,Month-to-month,No,No internet service,No internet service,No internet service,Yes,3,Chennai,Standard,0
CUST_02703,40,68.2527816917223,5269.709799412743,Two year,No,No internet service,No,Yes,Yes,18,Mumbai,Basic,0
CUST_02704,38,52.57738495648047,6980.3959544744375,Two year,DSL,No,Yes,Yes,No internet service,13,Pune,Standard,0
CUST_02705,1,32.98470872033855,1528.9206877260078,Month-to-month,No,No,Yes,No internet service,No,7,Chennai,Standard,1
CUST_02706,62,74.32040435104327,5952.301245505535,Two year,DSL,No,No internet service,No internet service,No internet service,3,Pune,Premium,0
CUST_02707,28,94.78733666105859,250.15821067806056,Two year,DSL,Yes,Yes,No,Yes,15,Mumbai,Basic,1
CUST_02708,65,46.76393397386711,5922.958899992581,Two year,DSL,Yes,No internet service,No internet service,No,11,Hyderabad,Standard,0
CUST_02709,50,40.3170238608257,8164.42921200684,One year,No,No,No internet service,No internet service,No,17,Bangalore,Standard,0
CUST_02710,9,71.23736633458685,1497.1612743292553,Two year,Fiber optic,No internet service,No internet service,No,No internet service,11,Bangalore,Premium,0
CUST_02711,13,33.84501685602173,2658.4446730508334,Month-to-month,Fiber optic,Yes,No,No,No internet service,17,Pune,Standard,1
CUST_02712,50,85.99456543261707,4961.916673946172,Month-to-month,No,No internet service,No internet service,No internet service,Yes,3,Chennai,Standard,1
CUST_02713,72,79.7450500503115,6230.174778961243,Month-to-month,No,Yes,No,No internet service,No internet service,15,Pune,Premium,0
CUST_02714,38,26.88236905832572,2938.9581334112604,Two year,DSL,Yes,Yes,No internet service,No internet service,17,Hyderabad,Premium,0
CUST_02715,27,21.725078696900134,5652.244644102647,Month-to-month,DSL,No internet service,No,Yes,No internet service,18,Pune,Premium,0
CUST_02716,2,81.26944256403566,7645.682718293177,One year,Fiber optic,No,No internet service,Yes,No internet service,15,Hyderabad,Standard,0
CUST_02717,69,48.01796494685156,6180.671633236189,Month-to-month,DSL,No internet service,Yes,No internet service,No internet service,2,Mumbai,Basic,0
CUST_02718,26,26.81746682368665,6048.894690702235,Two year,Fiber optic,No,No internet service,No,Yes,16,Mumbai,Standard,0
CUST_02719,1,95.46172790556163,3257.8751246897364,One year,Fiber optic,No,No internet service,No internet service,No,2,Hyderabad,Basic,0
CUST_02720,37,50.0324883077997,7748.7433975656195,Month-to-month,No,Yes,Yes,No internet service,No internet service,12,Pune,Standard,0
CUST_02721,2,64.87915406309881,2370.2531937138615,One year,No,Yes,No internet service,Yes,No,5,Chennai,Standard,0
CUST_02722,15,42.15491860028446,1759.187984848301,Month-to-month,No,Yes,No,No internet service,No,18,Chennai,Basic,0
CUST_02723,39,81.9863419925124,3107.347405868206,Two year,Fiber optic,No,Yes,No internet service,No internet service,8,Hyderabad,Standard,0
CUST_02724,1,48.75181836614466,5532.625064303906,One year,No,No,Yes,Yes,No internet service,18,Pune,Standard,0
CUST_02725,40,116.7381380452181,7326.752678901807,Month-to-month,Fiber optic,No internet service,Yes,Yes,No,10,Pune,Standard,0
CUST_02726,11,89.70064995892447,1138.2922318699434,Month-to-month,No,Yes,No internet service,No,Yes,2,Bangalore,Standard,1
CUST_02727,34,31.94567219009351,6920.670067520703,One year,Fiber optic,Yes,No internet service,No,No,14,Bangalore,Standard,0
CUST_02728,64,60.50287364669361,6912.3680335824165,One year,DSL,No,Yes,No,Yes,15,Mumbai,Basic,0
CUST_02729,54,57.312952172447616,4996.24998259711,One year,DSL,Yes,No,No internet service,No,2,Pune,Standard,0
CUST_02730,44,72.49320529347908,6469.815823500814,One year,Fiber optic,No,No internet service,No,No internet service,4,Hyderabad,Basic,0
CUST_02731,61,103.87692879688383,1560.712081721764,Month-to-month,Fiber optic,No internet service,No internet service,Yes,Yes,6,Bangalore,Standard,0
CUST_02732,48,77.50904554866618,1456.428458961291,Month-to-month,DSL,No internet service,No internet service,No,No,8,Chennai,Premium,1
CUST_02733,24,24.278781115199926,7336.269889479863,Month-to-month,Fiber optic,Yes,No,No internet service,Yes,0,Delhi,Standard,0
CUST_02734,22,84.85240107389122,4243.295044623596,Two year,Fiber optic,No internet service,No internet service,No internet service,No internet service,18,Delhi,Premium,0
CUST_02735,23,18.843060390477557,2104.039451292666,One year,DSL,Yes,No internet service,No,Yes,13,Pune,Basic,0
CUST_02736,37,97.55596697512009,5859.810893216838,Month-to-month,Fiber optic,Yes,No,No internet service,No internet service,14,Hyderabad,Standard,1
CUST_02737,27,85.99687938594668,7582.885165936063,One year,No,No,No,No internet service,No internet service,2,Mumbai,Premium,0
CUST_02738,20,49.496137151963765,5381.360682899127,One year,DSL,No,No internet service,No internet service,Yes,3,Delhi,Premium,0
CUST_02739,53,47.829064068130606,2964.180654217226,Month-to-month,No,Yes,Yes,No,No internet service,16,Chennai,Premium,0
CUST_02740,17,99.42384564772317,4116.822725215349,One year,Fiber optic,No internet service,Yes,No internet service,No internet service,13,Chennai,Standard,0
CUST_02741,35,97.90034257631129,6398.7495677383695,One year,Fiber optic,No internet service,No,No,No internet service,6,Chennai,Standard,1
CUST_02742,44,53.934840146429515,590.5454232955909,One year,No,Yes,No internet service,No,Yes,7,Delhi,Premium,0
CUST_02743,72,48.49266826413759,1859.9894243425433,One year,Fiber optic,Yes,No,No internet service,No internet service,15,Bangalore,Basic,0
CUST_02744,52,75.10212846604458,3941.630589160611,One year,Fiber optic,No internet service,No,No,No,15,Chennai,Premium,0
CUST_02745,29,18.853297318382708,5143.1718574715915,Month-to-month,No,No internet service,Yes,No,No internet service,13,Mumbai,Basic,0
CUST_02746,59,26.432037874627312,2894.802543220996,Month-to-month,Fiber optic,No,No,No internet service,No,16,Hyderabad,Standard,0
CUST_02747,31,30.869298195171147,2548.9517993003283,One year,DSL,No,No,No internet service,Yes,4,Hyderabad,Standard,0
CUST_02748,66,36.91200541837177,369.020747925036,One year,No,No internet service,No internet service,No,No,8,Hyderabad,Standard,0
CUST_02749,66,70.22584892089785,294.52823054037805,One year,No,No,No internet service,Yes,No internet service,2,Bangalore,Basic,0
CUST_02750,27,119.20867531583444,2381.8897541965666,Two year,No,No,No,Yes,No internet service,4,Hyderabad,Standard,0
CUST_02751,43,84.56656697823006,4517.752740959504,One year,No,Yes,No,Yes,No internet service,19,Hyderabad,Premium,1
CUST_02752,40,24.252477033820806,4737.14303284998,Two year,DSL,No,No internet service,Yes,No internet service,17,Delhi,Premium,0
CUST_02753,62,71.60909615434866,4208.341194496782,Two year,No,No,Yes,No,No internet service,9,Bangalore,Premium,0
CUST_02754,22,68.65781166372946,3494.6079617120404,Two year,No,Yes,No internet service,No internet service,No internet service,0,Bangalore,Standard,0
CUST_02755,47,32.70511721344105,2157.937260114523,Month-to-month,Fiber optic,No internet service,No internet service,Yes,Yes,16,Delhi,Premium,0
CUST_02756,31,111.86778161784558,3416.6901687699783,Two year,No,No,No internet service,No internet service,No internet service,7,Mumbai,Basic,0
CUST_02757,56,62.95805526288763,1194.9620263999254,One year,Fiber optic,No,No internet service,Yes,No,19,Hyderabad,Basic,0
CUST_02758,32,119.44503234219346,995.6287805988442,One year,No,No internet service,No internet service,Yes,No,16,Mumbai,Basic,0
CUST_02759,23,60.847374115720754,2562.118704294579,Month-to-month,No,No,Yes,Yes,No,17,Delhi,Basic,0
CUST_02760,38,80.01168567372815,8460.548491295676,Month-to-month,DSL,No internet service,No internet service,No internet service,Yes,4,Delhi,Premium,0
CUST_02761,33,28.685778718046887,2787.3471088340916,One year,Fiber optic,Yes,No internet service,No internet service,No,6,Delhi,Basic,0
CUST_02762,55,64.33123802830066,7961.023102992002,Month-to-month,DSL,No internet service,Yes,Yes,No,4,Delhi,Premium,0
CUST_02763,27,42.35412118840527,3345.1675204015805,Month-to-month,Fiber optic,No internet service,No,No internet service,No,9,Pune,Standard,1
CUST_02764,36,103.22760945426597,3741.682745355087,Two year,No,No internet service,Yes,Yes,Yes,5,Chennai,Premium,0
CUST_02765,6,97.95979765648907,6778.68737532131,Two year,DSL,Yes,No internet service,No,No,6,Delhi,Premium,1
CUST_02766,67,102.06635996178656,812.2402934093278,Month-to-month,Fiber optic,No internet service,No,No internet service,No,2,Mumbai,Premium,1
CUST_02767,36,91.80816265131104,1564.3816107212501,One year,Fiber optic,No internet service,Yes,Yes,Yes,9,Delhi,Premium,0
CUST_02768,55,102.93368880924523,8278.113127519771,Two year,DSL,Yes,No,No,No internet service,5,Mumbai,Standard,0
CUST_02769,64,38.48453251784193,4309.190877546612,One year,Fiber optic,No,Yes,No,No,1,Delhi,Premium,0
CUST_02770,64,64.10846521113976,393.83472449360215,Month-to-month,No,No,Yes,Yes,No internet service,1,Delhi,Basic,0
CUST_02771,46,88.56838175448875,419.8833777814204,One year,Fiber optic,No internet service,No,No,No,5,Chennai,Premium,1
CUST_02772,19,83.01403478938376,7713.2154797998455,One year,No,Yes,No,No,Yes,17,Delhi,Standard,0
CUST_02773,18,91.06815725315687,7425.882689637043,One year,Fiber optic,Yes,No,Yes,No internet service,9,Hyderabad,Basic,0
CUST_02774,28,40.874355081425634,3906.1412251083393,One year,DSL,No internet service,No,No,Yes,6,Chennai,Basic,0
CUST_02775,59,28.040340322588953,1402.4497329820865,Month-to-month,No,No internet service,No internet service,No,No internet service,16,Chennai,Standard,0
CUST_02776,17,111.5142709636272,7060.474031166553,Month-to-month,Fiber optic,No,Yes,Yes,Yes,3,Hyderabad,Premium,0
CUST_02777,34,75.13753334787057,2771.2581099459953,Two year,No,No,No internet service,Yes,No internet service,11,Pune,Premium,0
CUST_02778,42,33.69024429975592,3572.4533374603748,Two year,DSL,No internet service,Yes,No,No internet service,7,Chennai,Premium,0
CUST_02779,10,98.93053135251088,5806.7646470963155,Two year,Fiber optic,Yes,No internet service,No internet service,No internet service,8,Delhi,Standard,0
CUST_02780,48,111.32285353618683,3015.5248336037253,Two year,Fiber optic,No internet service,No internet service,Yes,No,9,Hyderabad,Standard,0
CUST_02781,37,35.29547889425312,5350.378318254921,One year,No,Yes,Yes,No internet service,No internet service,18,Delhi,Basic,0
CUST_02782,63,101.37607043744927,7526.9679499740005,Two year,DSL,No,No internet service,Yes,No internet service,8,Chennai,Premium,1
CUST_02783,68,113.18895625455109,6781.320065745118,Two year,DSL,No internet service,No,No internet service,No,3,Bangalore,Premium,0
CUST_02784,7,113.71288323019377,3254.825128541255,One year,Fiber optic,Yes,No,Yes,No,15,Hyderabad,Standard,0
CUST_02785,33,111.24395908865712,2460.2778569970787,Month-to-month,No,No,No internet service,No,Yes,0,Mumbai,Standard,1
CUST_02786,47,73.73494326073049,2439.699626208939,Two year,Fiber optic,No internet service,No internet service,No,Yes,9,Chennai,Basic,0
CUST_02787,55,54.33355435989466,2974.7501374941776,Month-to-month,Fiber optic,No internet service,Yes,No internet service,No,15,Bangalore,Premium,0
CUST_02788,64,18.741826384788947,4204.011081399519,Two year,No,No,Yes,No internet service,No,4,Chennai,Basic,0
CUST_02789,30,24.213047140895764,3551.579831246025,Month-to-month,DSL,No internet service,No internet service,Yes,No,2,Delhi,Basic,0
CUST_02790,3,61.74157956033385,1146.1401060173139,Two year,Fiber optic,No,Yes,Yes,No,3,Pune,Standard,0
CUST_02791,49,58.73126693193405,1404.4325903882102,Month-to-month,Fiber optic,Yes,No,No internet service,No,9,Pune,Premium,0
CUST_02792,68,36.84081877612809,2926.7289469153916,Month-to-month,No,No internet service,No,No internet service,Yes,1,Delhi,Basic,0
CUST_02793,29,58.338962859229,4785.427696699227,Two year,No,No,No,No,No,19,Pune,Premium,0
CUST_02794,58,35.81430667644754,5044.975625032303,Month-to-month,Fiber optic,No,Yes,No internet service,No,5,Delhi,Standard,0
CUST_02795,66,104.57670778313573,4142.008324453216,Two year,DSL,Yes,Yes,No,Yes,13,Bangalore,Basic,0
CUST_02796,44,48.41587754331108,6284.297024402139,Two year,No,No internet service,Yes,No internet service,No internet service,4,Delhi,Premium,0
CUST_02797,3,79.05356371614762,6271.34422623464,One year,Fiber optic,No,Yes,No,Yes,18,Chennai,Premium,1
CUST_02798,25,69.28999232390686,3645.13621485243,Two year,DSL,No,No internet service,No,Yes,19,Chennai,Premium,0
CUST_02799,26,23.291971914587208,1073.5069568743293,Two year,No,No,No internet service,No,No,14,Pune,Standard,0
CUST_02800,45,114.10783938809895,4514.942397164739,Two year,No,No internet service,No internet service,Yes,No internet service,16,Chennai,Basic,0
CUST_02801,63,71.7770497815493,3253.6206007956885,Two year,Fiber optic,No internet service,No internet service,No,Yes,11,Hyderabad,Basic,0
CUST_02802,50,51.15587962596516,1187.8627991757317,One year,No,Yes,No,No internet service,No internet service,12,Chennai,Premium,0
CUST_02803,49,34.12891010257296,8345.773574921766,One year,Fiber optic,Yes,Yes,No internet service,Yes,19,Delhi,Basic,0
CUST_02804,5,52.529716742137246,3154.265211873827,One year,No,Yes,No,No internet service,No,15,Hyderabad,Standard,1
CUST_02805,58,20.09218350838573,5326.017275667281,One year,DSL,No internet service,Yes,Yes,Yes,14,Hyderabad,Premium,0
CUST_02806,14,55.08293184552637,4175.273001857013,Month-to-month,DSL,No,No internet service,No,Yes,10,Hyderabad,Premium,0
CUST_02807,29,72.21156458505949,1229.4694643166101,Two year,No,No internet service,No,Yes,Yes,4,Hyderabad,Standard,1
CUST_02808,41,106.93035707679637,489.1210134461436,One year,Fiber optic,No internet service,Yes,No,No internet service,17,Pune,Premium,1
CUST_02809,36,88.11219060517536,5325.776178725176,Two year,No,No internet service,No internet service,No internet service,No internet service,12,Bangalore,Basic,0
CUST_02810,41,29.381395939590625,2113.2395042907656,One year,Fiber optic,Yes,Yes,No,No,10,Pune,Basic,0
CUST_02811,34,33.07012509267203,2084.673224723531,Two year,No,No,Yes,Yes,No internet service,9,Chennai,Standard,0
CUST_02812,5,61.66858351747422,8135.072041122855,Month-to-month,DSL,No internet service,No internet service,Yes,No internet service,14,Bangalore,Standard,1
CUST_02813,67,37.962190667156364,3934.7611671683735,One year,Fiber optic,Yes,No,Yes,No internet service,6,Pune,Basic,1
CUST_02814,17,20.840677313441088,267.59189605884615,Month-to-month,DSL,No internet service,Yes,Yes,No,11,Mumbai,Premium,1
CUST_02815,72,100.11151777204316,2900.545909900661,Month-to-month,DSL,No,No internet service,No internet service,No,17,Bangalore,Standard,0
CUST_02816,28,19.9913022111954,4975.657261383387,Two year,DSL,Yes,Yes,Yes,No,5,Pune,Basic,0
CUST_02817,58,102.73033973019743,2804.9088438622184,One year,No,No internet service,Yes,Yes,No,8,Pune,Basic,1
CUST_02818,46,32.69860422936253,245.75827411759508,Month-to-month,Fiber optic,Yes,Yes,Yes,Yes,15,Hyderabad,Standard,1
CUST_02819,16,117.41719790232585,3786.6481536888496,Two year,DSL,No,No,No internet service,No,7,Chennai,Premium,1
CUST_02820,21,79.59513900627138,916.2975434344658,Two year,Fiber optic,No,No,No,No,11,Pune,Basic,0
CUST_02821,67,92.96826310624934,5269.715329189058,Two year,Fiber optic,Yes,No,No internet service,Yes,18,Chennai,Premium,1
CUST_02822,68,29.269330052742617,5273.33778408884,Month-to-month,DSL,No internet service,No,No internet service,Yes,15,Delhi,Basic,1
CUST_02823,36,105.93461549205097,338.2730220736349,Two year,No,No,No internet service,No internet service,No internet service,3,Pune,Standard,0
CUST_02824,48,103.59761897289692,2483.431230885918,Two year,DSL,No,No,No,No internet service,19,Bangalore,Basic,0
CUST_02825,12,84.6052586172552,3526.8868890342305,Two year,DSL,No internet service,Yes,Yes,No,15,Chennai,Premium,1
CUST_02826,33,69.23203618872952,4685.340078041548,Month-to-month,Fiber optic,Yes,No internet service,No internet service,No internet service,6,Mumbai,Basic,1
CUST_02827,52,91.59189565943059,2529.210010784911,Two year,No,Yes,Yes,Yes,Yes,12,Mumbai,Basic,0
CUST_02828,50,18.60467796436157,2458.6659194609592,Month-to-month,Fiber optic,No internet service,No,Yes,No internet service,11,Pune,Standard,1
CUST_02829,2,78.42895705064285,8355.9345553147,Two year,No,No,Yes,No,No internet service,0,Bangalore,Premium,0
CUST_02830,41,104.43542576278213,373.08023330467296,Month-to-month,DSL,No,Yes,No,No,10,Pune,Premium,1
CUST_02831,31,54.403788491825,8407.08320232115,Month-to-month,No,No internet service,Yes,No internet service,Yes,16,Pune,Premium,1
CUST_02832,50,29.045514361257517,423.03196422695936,One year,Fiber optic,No internet service,Yes,No,Yes,5,Delhi,Standard,0
CUST_02833,45,60.92947947380703,2463.7119905545255,One year,DSL,Yes,No,No,No internet service,1,Pune,Premium,1
CUST_02834,20,92.16465380396771,4205.485831850027,One year,No,Yes,Yes,No,No internet service,2,Pune,Basic,1
CUST_02835,43,28.9447234578086,1233.4565454475064,Month-to-month,No,No internet service,Yes,Yes,No internet service,1,Mumbai,Premium,0
CUST_02836,10,39.01695314171478,1161.7668468838156,Two year,Fiber optic,No,Yes,No,No,17,Delhi,Basic,0
CUST_02837,67,33.05028837652739,2192.0444338793427,Two year,No,Yes,Yes,No internet service,No internet service,12,Bangalore,Basic,0
CUST_02838,0,99.28867106867294,8275.287931071016,Month-to-month,DSL,No internet service,No,No,No internet service,18,Pune,Basic,1
CUST_02839,62,24.415047490153658,3242.151196974053,Two year,No,No,Yes,No internet service,No,6,Chennai,Standard,0
CUST_02840,23,88.03182321567216,4818.768218199285,Month-to-month,Fiber optic,Yes,No internet service,No internet service,Yes,15,Delhi,Standard,1
CUST_02841,12,55.37860591682552,5991.799675001124,Two year,No,No internet service,No internet service,No,No,15,Pune,Standard,0
CUST_02842,10,95.09070677430084,6313.525608916352,Month-to-month,DSL,No internet service,Yes,Yes,No internet service,9,Mumbai,Standard,1
CUST_02843,50,116.36710871597184,5853.963476541299,One year,DSL,No,Yes,No internet service,No internet service,6,Delhi,Basic,0
CUST_02844,16,29.683620557821193,2875.8249346522102,One year,No,No,No,No internet service,Yes,19,Chennai,Basic,0
CUST_02845,23,50.06727418888076,965.6754316341218,Two year,No,No internet service,No internet service,No internet service,No,15,Pune,Premium,0
CUST_02846,18,100.63279362732341,2407.5191437762946,Two year,DSL,No,No,No,No internet service,9,Chennai,Standard,0
CUST_02847,36,45.14815537722,1801.7241134589551,Two year,Fiber optic,No internet service,Yes,No internet service,Yes,13,Mumbai,Premium,0
CUST_02848,7,39.942300898696175,1173.904099901545,Two year,DSL,No,No internet service,No,No internet service,8,Delhi,Standard,0
CUST_02849,27,102.18855374263511,225.78127871722987,One year,No,No,No internet service,No internet service,Yes,3,Delhi,Standard,0
CUST_02850,4,118.68240112860897,7954.826651713469,One year,No,Yes,No,Yes,No internet service,11,Hyderabad,Premium,1
CUST_02851,16,74.80182019509252,7830.213666677559,Month-to-month,Fiber optic,Yes,Yes,No internet service,No internet service,16,Mumbai,Standard,1
CUST_02852,35,46.36097233000061,445.6370417550957,Two year,DSL,No,No internet service,No,Yes,7,Delhi,Premium,0
CUST_02853,18,58.65372808320551,1486.103346662648,One year,DSL,No internet service,No,No,Yes,3,Bangalore,Basic,0
CUST_02854,63,35.35329339312812,1201.2429989474158,Month-to-month,Fiber optic,No,No internet service,No internet service,No internet service,7,Hyderabad,Basic,0
CUST_02855,10,95.71250244685675,2403.3329297633104,Month-to-month,DSL,Yes,Yes,No,Yes,8,Mumbai,Premium,1
CUST_02856,53,96.89434981792233,1748.9121594006822,Month-to-month,Fiber optic,No internet service,Yes,Yes,No internet service,11,Chennai,Premium,0
CUST_02857,44,107.26234122301443,8040.729704208607,One year,DSL,No,Yes,No,No internet service,15,Mumbai,Basic,0
CUST_02858,46,20.713461486849514,731.933642903649,Month-to-month,Fiber optic,No,No,No internet service,No,7,Bangalore,Basic,1
CUST_02859,11,75.32209684589068,1813.3919546521965,Two year,Fiber optic,No,Yes,Yes,No internet service,14,Bangalore,Standard,0
CUST_02860,20,39.85405430300481,702.6950694722802,Month-to-month,Fiber optic,No,No,No,No internet service,16,Chennai,Standard,1
CUST_02861,10,52.77006758022043,8333.628527202109,Month-to-month,No,Yes,No internet service,No internet service,Yes,12,Chennai,Basic,1
CUST_02862,4,98.06547275922377,7807.983384160797,One year,No,Yes,Yes,No,No,13,Chennai,Standard,1
CUST_02863,55,37.58743254087261,6096.469144390216,Month-to-month,No,Yes,No,No internet service,Yes,14,Hyderabad,Premium,0
CUST_02864,19,83.11085855927115,3631.103259289305,One year,DSL,Yes,No,No,Yes,8,Bangalore,Premium,1
CUST_02865,40,84.76575150480701,1631.0909455145047,One year,Fiber optic,No internet service,No,No,No internet service,11,Chennai,Basic,0
CUST_02866,45,115.31757932003467,1896.675847620848,Two year,DSL,No internet service,Yes,Yes,No internet service,18,Bangalore,Premium,0
CUST_02867,11,97.06641470995157,3775.8653525720893,Month-to-month,DSL,No internet service,No,Yes,No internet service,8,Hyderabad,Standard,1
CUST_02868,69,99.97078500967673,6534.064698276037,Two year,Fiber optic,No,Yes,No,Yes,12,Pune,Standard,1
CUST_02869,16,72.22327639982512,2263.4355850631696,Two year,No,No internet service,Yes,No internet service,Yes,17,Hyderabad,Basic,0
CUST_02870,18,37.051642330561805,2654.137002118873,Month-to-month,DSL,Yes,No internet service,No internet service,No internet service,3,Pune,Standard,0
CUST_02871,25,61.40746330327187,5106.7274796927195,Month-to-month,DSL,Yes,No internet service,No,Yes,19,Bangalore,Basic,0
CUST_02872,47,74.04793649820567,2034.420450844147,One year,DSL,No,Yes,No,No,0,Chennai,Standard,0
CUST_02873,51,87.19876367479866,4973.3423458055595,Month-to-month,No,No internet service,No internet service,Yes,No,19,Pune,Standard,1
CUST_02874,69,79.98632940685658,3301.6442367355176,One year,Fiber optic,No,No,No,No,2,Mumbai,Standard,1
CUST_02875,54,58.18573854955884,309.51112245523404,Two year,Fiber optic,No,Yes,No,Yes,10,Delhi,Basic,0
CUST_02876,32,45.06193691357583,3433.7123098195175,Two year,DSL,No internet service,No internet service,No internet service,No,1,Bangalore,Basic,0
CUST_02877,61,35.15954600677567,7817.413420881387,One year,Fiber optic,No,No,Yes,No internet service,5,Pune,Standard,1
CUST_02878,22,88.77222939977116,2504.174958810013,Month-to-month,No,No internet service,Yes,Yes,No internet service,2,Hyderabad,Standard,1
CUST_02879,14,83.83066477987347,2756.2643272001296,Month-to-month,Fiber optic,No internet service,No,No,No internet service,9,Chennai,Standard,1
CUST_02880,26,88.11199150729628,577.3106125188714,One year,DSL,No,Yes,Yes,No,8,Pune,Premium,0
CUST_02881,63,55.997800185885076,5234.832458764754,Two year,DSL,Yes,No internet service,No internet service,No,13,Delhi,Premium,0
CUST_02882,50,44.76559790221599,7221.273733978511,One year,Fiber optic,No internet service,No,No,Yes,15,Bangalore,Standard,0
CUST_02883,52,95.49157552545438,3011.4919792156884,Month-to-month,DSL,Yes,No internet service,No,No internet service,17,Mumbai,Premium,0
CUST_02884,50,96.91203429564408,2055.762818884542,Month-to-month,No,Yes,No,No internet service,Yes,3,Mumbai,Standard,1
CUST_02885,46,64.47287014461774,8131.981747017849,One year,No,No internet service,No,Yes,No,17,Hyderabad,Premium,0
CUST_02886,3,80.41421664626706,6337.705916965005,Month-to-month,No,Yes,No,Yes,Yes,1,Hyderabad,Premium,1
CUST_02887,6,56.099005751637605,4828.68130984065,Two year,No,No,No,No internet service,No internet service,9,Hyderabad,Standard,0
CUST_02888,34,89.59861441222029,2609.515352937307,One year,DSL,No,No internet service,No internet service,Yes,11,Bangalore,Basic,0
CUST_02889,47,103.24360285808287,1890.8087884758322,Two year,DSL,Yes,No,No internet service,Yes,6,Mumbai,Premium,0
CUST_02890,72,88.19979428823625,6088.940938801963,Two year,Fiber optic,No,No internet service,No internet service,No,15,Mumbai,Basic,0
CUST_02891,71,70.28342793840793,4443.8127469589535,One year,DSL,No internet service,No,Yes,No,16,Hyderabad,Premium,0
CUST_02892,44,64.78311186822177,4433.727646122886,One year,Fiber optic,No internet service,Yes,Yes,No,13,Hyderabad,Basic,0
CUST_02893,71,83.51660439952592,643.2066819779719,Month-to-month,DSL,Yes,Yes,No internet service,No,17,Chennai,Basic,0
CUST_02894,18,87.34071094333568,4362.433551874978,Month-to-month,Fiber optic,No,No,No internet service,No internet service,0,Mumbai,Standard,1
CUST_02895,62,74.99040323950298,6996.514871276985,One year,Fiber optic,Yes,Yes,No,No internet service,1,Hyderabad,Basic,0
CUST_02896,37,81.74411206095428,8048.751474263628,One year,No,No,No,No,Yes,13,Hyderabad,Premium,1
CUST_02897,66,27.85204561444229,922.8800954400774,Month-to-month,Fiber optic,No internet service,No internet service,Yes,No internet service,5,Hyderabad,Standard,0
CUST_02898,58,115.08008264651733,5371.543317149519,Month-to-month,Fiber optic,No,Yes,No,Yes,14,Pune,Standard,1
CUST_02899,68,98.65885250066748,4838.7213812707305,Month-to-month,Fiber optic,No,No,No,No,3,Chennai,Standard,1
CUST_02900,12,56.14064271009195,7569.630548222139,One year,Fiber optic,Yes,No,No,Yes,8,Mumbai,Basic,0
CUST_02901,46,75.40688631727026,6390.05186402808,One year,Fiber optic,No internet service,No internet service,Yes,Yes,14,Mumbai,Basic,0
CUST_02902,60,22.82710207391498,8205.351174260188,Month-to-month,No,No,No internet service,No,No internet service,4,Mumbai,Premium,1
CUST_02903,30,22.20523702790416,8160.995983770492,Two year,Fiber optic,No internet service,No,No internet service,Yes,5,Chennai,Premium,0
CUST_02904,21,43.581430181420195,1932.2609617541627,Two year,Fiber optic,No,No,Yes,No internet service,10,Bangalore,Premium,0
CUST_02905,42,88.34956752119157,6170.42609545938,Month-to-month,Fiber optic,No internet service,No,No,Yes,12,Chennai,Premium,1
CUST_02906,66,104.91907027560119,4517.896860957034,One year,DSL,No,No,Yes,No internet service,11,Pune,Premium,0
CUST_02907,53,75.03695975794453,1838.2541234162206,One year,DSL,No internet service,No,No,No,6,Delhi,Standard,0
CUST_02908,9,72.27753943739995,1670.8795553679931,Two year,No,No,No,Yes,No internet service,19,Pune,Basic,1
CUST_02909,41,59.035572446729525,705.757382620642,Month-to-month,Fiber optic,No internet service,No internet service,No internet service,No,11,Chennai,Standard,0
CUST_02910,63,34.48299150771816,6765.81503458332,Two year,Fiber optic,No,Yes,No,No internet service,9,Delhi,Basic,0
CUST_02911,20,30.072118335311927,2770.4495492189208,Two year,DSL,No,No,No,No,2,Pune,Standard,0
CUST_02912,65,95.58933564453854,7286.809661260294,Month-to-month,Fiber optic,No internet service,No,Yes,No,1,Hyderabad,Basic,1
CUST_02913,40,112.60536223225071,5177.730934608906,Two year,No,Yes,No internet service,No internet service,No internet service,19,Delhi,Premium,0
CUST_02914,23,64.74488807139986,5731.7581157398245,One year,Fiber optic,No,Yes,No,No,0,Chennai,Standard,0
CUST_02915,34,85.26345718899509,2491.976744193688,Two year,No,No,No internet service,No internet service,Yes,5,Bangalore,Premium,1
CUST_02916,55,111.274680389856,3896.770077834188,Month-to-month,DSL,Yes,No internet service,No,Yes,12,Mumbai,Standard,1
CUST_02917,29,27.191590559282744,3515.277697301065,One year,No,No,No,No internet service,No,9,Chennai,Standard,1
CUST_02918,56,96.58910821814104,2017.1112474084673,One year,No,No internet service,No,No,No,12,Mumbai,Standard,1
CUST_02919,46,80.91532220630867,7079.368213444254,Two year,No,Yes,No internet service,Yes,No,4,Pune,Premium,0
CUST_02920,34,79.06099224064586,5294.52077825176,One year,No,No,No,Yes,No internet service,7,Delhi,Premium,0
CUST_02921,18,47.839123705120116,335.498032756941,Month-to-month,No,No internet service,No,No internet service,Yes,10,Hyderabad,Standard,1
CUST_02922,7,87.75712218732303,6972.536158370035,Two year,No,No internet service,No,No,No,18,Hyderabad,Standard,1
CUST_02923,25,99.06937099171921,917.4122466345126,One year,No,Yes,Yes,No,No,18,Chennai,Standard,0
CUST_02924,70,29.51153282425711,3442.1531492231675,Month-to-month,No,Yes,Yes,No internet service,No internet service,3,Delhi,Standard,0
CUST_02925,29,72.41918596006035,4863.401039628865,Two year,No,Yes,No,No,Yes,9,Delhi,Premium,1
CUST_02926,6,28.329048460715786,82.89786569845106,Month-to-month,DSL,No internet service,No internet service,Yes,No,8,Mumbai,Basic,1
CUST_02927,66,107.00254996835974,5555.966550366984,One year,No,No,Yes,No,Yes,6,Pune,Basic,0
CUST_02928,64,69.77894571094743,5613.6003333501,Two year,No,No internet service,No internet service,Yes,No internet service,17,Pune,Standard,0
CUST_02929,35,100.41250030459726,5552.728221919109,Two year,Fiber optic,No internet service,No,No internet service,Yes,8,Delhi,Standard,1
CUST_02930,24,55.54473504195386,1404.5350510174426,One year,Fiber optic,Yes,No internet service,No,No,5,Bangalore,Basic,0
CUST_02931,36,30.75797913526519,2187.121595693246,Month-to-month,Fiber optic,No,No internet service,No internet service,No,5,Hyderabad,Basic,0
CUST_02932,0,22.232929047342573,2116.2417012767028,One year,No,No internet service,Yes,Yes,Yes,12,Pune,Standard,0
CUST_02933,14,46.7139813187823,8161.288151329682,Two year,DSL,Yes,No internet service,No internet service,No internet service,16,Bangalore,Standard,0
CUST_02934,36,42.911837437136015,590.774084049891,Two year,DSL,Yes,No internet service,No internet service,No internet service,14,Pune,Basic,0
CUST_02935,12,75.15590135003612,3654.755108341121,One year,Fiber optic,No,Yes,No,No internet service,8,Bangalore,Premium,0
CUST_02936,7,20.21736148249815,7407.975629166886,Month-to-month,Fiber optic,No,No,No internet service,No internet service,5,Mumbai,Standard,1
CUST_02937,4,71.0981955185157,6544.610564905527,One year,No,Yes,No internet service,No internet service,No,16,Delhi,Basic,0
CUST_02938,59,57.960717685224324,6993.954101272197,Month-to-month,DSL,No,No,No,Yes,4,Mumbai,Premium,1
CUST_02939,72,76.8664715312731,8264.99418052563,Month-to-month,DSL,No,No,No internet service,No,2,Pune,Basic,0
CUST_02940,0,89.64658787133719,3302.754691701188,Two year,Fiber optic,No internet service,No,Yes,Yes,15,Hyderabad,Standard,0
CUST_02941,35,82.67737839814357,2644.4960372950713,Month-to-month,DSL,No,Yes,No,Yes,1,Mumbai,Basic,0
CUST_02942,34,118.43372567608337,278.0537954539736,Two year,Fiber optic,Yes,No,Yes,No internet service,19,Pune,Standard,0
CUST_02943,65,32.10306507544085,1290.4642267016102,Month-to-month,Fiber optic,No,No internet service,No,No internet service,2,Bangalore,Premium,0
CUST_02944,62,61.83317491083741,4785.00829983393,Month-to-month,No,No internet service,No,No internet service,Yes,8,Mumbai,Premium,1
CUST_02945,22,61.33273513761774,1355.2771672424306,Two year,Fiber optic,No,No,Yes,Yes,18,Delhi,Standard,0
CUST_02946,8,60.539426777697905,6263.339145550084,Month-to-month,No,No internet service,No,Yes,Yes,13,Mumbai,Standard,1
CUST_02947,33,85.70743598835217,333.80695489698184,One year,DSL,No,No internet service,Yes,No,13,Delhi,Standard,1
CUST_02948,45,67.9624621757657,2218.9774131037143,Month-to-month,DSL,No,No,No internet service,Yes,16,Bangalore,Premium,0
CUST_02949,3,70.77812110092223,5916.83339258116,Two year,Fiber optic,Yes,No,Yes,No,7,Delhi,Basic,0
CUST_02950,29,62.10031119897,2185.174955195739,Two year,Fiber optic,Yes,No,Yes,Yes,16,Delhi,Standard,0
CUST_02951,71,119.15334502389338,6199.346257551904,One year,No,No,Yes,No internet service,No internet service,16,Pune,Premium,0
CUST_02952,2,112.6112575795423,8464.917391403213,Month-to-month,No,No,No internet service,No internet service,Yes,6,Delhi,Premium,1
CUST_02953,13,49.387867315165835,6778.8661101192965,One year,DSL,No internet service,Yes,No internet service,Yes,8,Pune,Basic,0
CUST_02954,59,29.382580326200053,2917.4483612108234,Month-to-month,DSL,No internet service,No internet service,Yes,No,3,Delhi,Standard,0
CUST_02955,44,103.6560018519375,7656.820501128912,One year,Fiber optic,Yes,No,Yes,Yes,9,Hyderabad,Basic,0
CUST_02956,33,119.7113656454239,452.1065179377524,Two year,Fiber optic,No,No internet service,Yes,No,3,Chennai,Standard,0
CUST_02957,44,47.846107192043846,6167.507884962101,Two year,No,No,No internet service,No,No,4,Pune,Standard,0
CUST_02958,60,54.49406243586016,215.82001631460975,One year,Fiber optic,No internet service,No internet service,Yes,No internet service,1,Hyderabad,Standard,0
CUST_02959,15,114.04658451149069,1498.5797116177773,Month-to-month,No,No,No internet service,Yes,No internet service,14,Mumbai,Basic,1
CUST_02960,65,90.53521083631517,8394.70225973019,Month-to-month,DSL,No,Yes,No,No internet service,8,Hyderabad,Premium,1
CUST_02961,39,48.155109841522886,3079.025827776712,Two year,DSL,No,No internet service,No,No internet service,8,Hyderabad,Premium,0
CUST_02962,16,77.26674211095934,6977.475725589074,Month-to-month,Fiber optic,No internet service,Yes,Yes,No,0,Delhi,Premium,0
CUST_02963,33,114.31141709515413,3207.9674982715765,One year,No,No internet service,Yes,No,Yes,11,Mumbai,Premium,0
CUST_02964,15,100.80493690846941,7143.121319667072,One year,Fiber optic,No internet service,No,Yes,No,12,Mumbai,Standard,1
CUST_02965,59,93.66693680032328,8206.858348995298,Month-to-month,Fiber optic,No,No internet service,No internet service,No internet service,19,Bangalore,Basic,0
CUST_02966,65,93.17362379615628,3712.2184166813704,Two year,No,No internet service,No,No internet service,Yes,12,Delhi,Standard,0
CUST_02967,65,36.15807307781157,4762.399845257106,Two year,Fiber optic,Yes,No internet service,No internet service,No,13,Hyderabad,Standard,0
CUST_02968,12,102.11748640124952,5350.120153870982,Two year,No,Yes,Yes,No internet service,Yes,9,Bangalore,Basic,0
CUST_02969,55,46.164100509232725,7947.268792050347,Two year,No,No internet service,Yes,No,No,16,Bangalore,Standard,0
CUST_02970,30,112.89739910595601,2195.70334961992,Two year,Fiber optic,No internet service,Yes,Yes,Yes,16,Pune,Basic,0
CUST_02971,33,55.19327908340586,5202.61718037567,One year,No,No,No internet service,No,Yes,13,Hyderabad,Standard,0
CUST_02972,38,105.48136049831017,2772.276975788695,Month-to-month,DSL,No internet service,No internet service,No internet service,No internet service,16,Mumbai,Premium,1
CUST_02973,66,45.15581644081574,1858.027234307282,One year,DSL,No internet service,No internet service,No internet service,No internet service,18,Delhi,Standard,0
CUST_02974,7,70.48174753138852,738.2943155949025,Two year,DSL,Yes,No internet service,Yes,Yes,2,Delhi,Standard,1
CUST_02975,54,28.902300139884176,5282.869546208318,Two year,DSL,Yes,No internet service,No,Yes,3,Hyderabad,Standard,0
CUST_02976,26,85.33212810560975,7499.8490317886435,Month-to-month,Fiber optic,Yes,No,No internet service,No internet service,10,Delhi,Standard,1
CUST_02977,52,103.2800860670175,2998.514483179156,Month-to-month,DSL,Yes,No internet service,No,No,15,Chennai,Standard,0
CUST_02978,38,91.28162269284644,4705.734523988834,Month-to-month,DSL,No internet service,No,Yes,Yes,12,Bangalore,Basic,0
CUST_02979,64,71.37236831974305,5464.57885168469,One year,DSL,Yes,No internet service,Yes,No,17,Bangalore,Premium,0
CUST_02980,16,22.601819617348866,3535.06280805892,Month-to-month,DSL,No,No internet service,No,No internet service,10,Chennai,Premium,1
CUST_02981,29,113.21098273142756,7680.196466804905,One year,Fiber optic,No,No internet service,Yes,Yes,10,Delhi,Basic,0
CUST_02982,52,89.95993395502073,3094.88927730838,Two year,DSL,No internet service,No internet service,No,No,8,Mumbai,Basic,0
CUST_02983,12,94.07815231326397,1078.3417760020538,One year,No,No,Yes,No,No internet service,1,Pune,Standard,1
CUST_02984,20,99.05741870210232,1239.5806769945157,Month-to-month,No,Yes,Yes,No,Yes,2,Chennai,Standard,0
CUST_02985,18,94.26982944461629,7574.25428625442,One year,Fiber optic,Yes,No,No internet service,No,13,Chennai,Standard,0
CUST_02986,52,62.99384873803003,8398.284219436395,One year,Fiber optic,No,No,No internet service,Yes,15,Bangalore,Basic,0
CUST_02987,18,92.82942658737058,2468.770848549303,One year,Fiber optic,No internet service,No internet service,No,No,7,Mumbai,Standard,0
CUST_02988,56,81.75273235665355,1236.0383190032624,Month-to-month,DSL,Yes,No internet service,Yes,No,15,Mumbai,Basic,0
CUST_02989,24,105.10966603421622,4108.124573856168,One year,Fiber optic,Yes,No internet service,Yes,Yes,3,Delhi,Standard,0
CUST_02990,30,99.85090116441178,6036.217035256704,Month-to-month,DSL,No,No internet service,No internet service,No internet service,8,Mumbai,Basic,0
CUST_02991,54,22.220187011660506,5212.401466529409,One year,Fiber optic,No internet service,Yes,No,Yes,3,Delhi,Premium,0
CUST_02992,22,56.646483213925734,8085.29960042472,One year,No,No internet service,No,No internet service,No internet service,12,Hyderabad,Basic,0
CUST_02993,31,21.541047522757246,6954.39201184735,One year,No,No,No,No,No,1,Chennai,Standard,1
CUST_02994,61,28.411642326141987,7388.621904072866,Month-to-month,DSL,Yes,No,Yes,No,17,Pune,Basic,1
CUST_02995,9,79.34389364436836,4612.4208413578135,Month-to-month,Fiber optic,No,Yes,Yes,No,4,Pune,Standard,1
CUST_02996,71,107.12982575854984,2793.948189837359,Month-to-month,No,No,No internet service,No internet service,No internet service,16,Chennai,Standard,0
CUST_02997,53,30.22212538834526,5970.124840726632,Two year,DSL,No,Yes,Yes,No,9,Delhi,Standard,0
CUST_02998,51,64.0111073216168,3742.0478848677335,Month-to-month,No,Yes,Yes,No,Yes,3,Delhi,Standard,0
CUST_02999,19,110.90964829025727,2458.731468449637,One year,Fiber optic,Yes,No,Yes,No,5,Delhi,Standard,0
CUST_03000,31,101.05870033450195,1309.5599558724275,Two year,DSL,No,Yes,Yes,No internet service,9,Chennai,Premium,0
CUST_03001,13,71.00612543952485,4495.429031319269,Month-to-month,No,No internet service,No,No internet service,No internet service,16,Delhi,Premium,1
CUST_03002,49,96.70028681154076,5058.45875698971,Month-to-month,Fiber optic,No,Yes,No,Yes,4,Chennai,Standard,1
CUST_03003,27,71.31476495254277,4842.440160272712,Two year,DSL,Yes,No,No internet service,Yes,6,Pune,Basic,0
CUST_03004,52,34.12541840285057,1006.5632186434051,Two year,No,No internet service,No,No internet service,No internet service,4,Chennai,Basic,0
CUST_03005,23,30.723083548611267,4852.63244432762,Month-to-month,No,No internet service,No internet service,Yes,No internet service,7,Pune,Premium,0
CUST_03006,21,37.213559670841114,1446.4884539212062,Two year,DSL,Yes,No,No,Yes,0,Bangalore,Premium,0
CUST_03007,29,53.79405368649931,5647.62355135936,One year,Fiber optic,Yes,Yes,No,Yes,1,Pune,Standard,0
CUST_03008,62,112.91398530274991,3660.035059717054,One year,DSL,No,No,No internet service,Yes,15,Bangalore,Basic,1
CUST_03009,3,99.56719819266733,7217.424801203517,One year,No,Yes,Yes,No internet service,Yes,7,Hyderabad,Basic,0
CUST_03010,58,62.145759245084385,6619.250047340832,Month-to-month,No,No internet service,No,Yes,No internet service,14,Hyderabad,Standard,1
CUST_03011,7,68.29382439833255,6162.208560964087,One year,No,No,No internet service,No,No,10,Pune,Basic,0
CUST_03012,11,45.09216468197432,5961.6520765535515,Two year,Fiber optic,No,No internet service,No,No internet service,15,Mumbai,Premium,1
CUST_03013,30,89.84400156015728,4772.0595508532615,One year,No,No internet service,Yes,Yes,Yes,6,Delhi,Standard,0
CUST_03014,33,99.88209848912788,536.3653527206167,Two year,No,Yes,No,No internet service,No internet service,16,Pune,Basic,1
CUST_03015,48,42.36827895809281,5577.862986806915,One year,DSL,No,Yes,No,Yes,2,Pune,Basic,0
CUST_03016,56,22.265805626219468,3978.4339100954326,Two year,No,No internet service,No internet service,Yes,No internet service,14,Chennai,Premium,0
CUST_03017,25,81.63667220262298,4000.763084093147,One year,DSL,No internet service,Yes,No internet service,Yes,3,Mumbai,Standard,0
CUST_03018,17,75.37623615180229,3232.8662619448996,One year,No,No internet service,Yes,Yes,Yes,2,Bangalore,Premium,0
CUST_03019,37,59.0173778129454,7898.379499687389,One year,DSL,Yes,No,No,No internet service,10,Chennai,Basic,0
CUST_03020,49,83.67718206086744,2133.8456462905315,Two year,DSL,Yes,No internet service,No internet service,Yes,1,Pune,Standard,0
CUST_03021,7,74.16255639448465,2703.354153821751,Two year,DSL,Yes,No internet service,Yes,No,6,Mumbai,Premium,0
CUST_03022,40,43.559320812607666,8186.511919163551,One year,DSL,Yes,No,Yes,Yes,14,Pune,Premium,0
CUST_03023,5,58.56835551351768,6889.7239826169525,Two year,Fiber optic,No internet service,No,Yes,Yes,13,Bangalore,Standard,1
CUST_03024,68,61.66758411421865,137.48094796546326,Two year,No,No,No,No,Yes,6,Hyderabad,Basic,0
CUST_03025,43,107.7852954365075,7703.604662028414,Month-to-month,Fiber optic,No internet service,No internet service,No,No,16,Delhi,Standard,0
CUST_03026,63,116.01222372115386,1940.4223887021026,One year,No,No,No internet service,No,No internet service,9,Delhi,Premium,0
CUST_03027,28,109.0861389644427,6005.7197972065505,Two year,DSL,No,No,Yes,No,17,Mumbai,Premium,0
CUST_03028,27,91.35615845330192,4709.166096688722,Two year,No,No,Yes,No,No,13,Bangalore,Standard,0
CUST_03029,10,77.66925882779383,4571.238396718813,Two year,DSL,Yes,No internet service,Yes,No,5,Mumbai,Standard,1
CUST_03030,64,88.30468681752741,6107.408665017044,Two year,No,No internet service,No,Yes,No internet service,18,Bangalore,Standard,1
CUST_03031,18,113.78914051473427,1775.3132446086374,Month-to-month,DSL,No,No,Yes,Yes,9,Bangalore,Standard,1
CUST_03032,8,43.499870992830836,1366.8511591608299,Two year,No,No internet service,Yes,No internet service,No,16,Delhi,Premium,1
CUST_03033,26,72.58229178268729,5547.522730308899,Two year,No,Yes,No,Yes,Yes,18,Hyderabad,Standard,1
CUST_03034,33,88.34001793804161,2482.6930195693453,Month-to-month,No,No,Yes,No,No,19,Hyderabad,Standard,1
CUST_03035,43,87.28319413507602,8279.045661353128,One year,DSL,Yes,Yes,Yes,No,16,Chennai,Premium,0
CUST_03036,67,43.73245387683731,3847.7234190313798,One year,No,Yes,No internet service,No,No,13,Bangalore,Premium,0
CUST_03037,14,77.8466157937547,964.5659236990792,Month-to-month,DSL,No internet service,No,No internet service,No,6,Delhi,Premium,1
CUST_03038,50,99.18314052685595,5835.084239471283,One year,Fiber optic,No,No internet service,No internet service,No,18,Bangalore,Standard,0
CUST_03039,12,66.45805596512487,2614.8431186977255,One year,No,Yes,No internet service,Yes,No,6,Pune,Standard,0
CUST_03040,48,98.91640382327097,1278.3185610847336,Month-to-month,DSL,No internet service,No internet service,No,No internet service,11,Chennai,Basic,1
CUST_03041,69,54.70802497096459,3604.3877640323094,Two year,DSL,No,No,No internet service,Yes,5,Pune,Standard,0
CUST_03042,55,113.7535329707034,8196.533362736292,Month-to-month,DSL,No,No,No internet service,Yes,7,Delhi,Basic,1
CUST_03043,50,72.4607009309083,3507.7541489156365,Month-to-month,Fiber optic,Yes,No,No internet service,No internet service,8,Bangalore,Standard,1
CUST_03044,36,78.78669098084666,2964.08500093088,Month-to-month,DSL,Yes,No internet service,No,No,17,Hyderabad,Premium,1
CUST_03045,16,21.198880018068017,3788.3250162718377,Month-to-month,Fiber optic,Yes,Yes,Yes,No internet service,9,Hyderabad,Basic,0
CUST_03046,57,35.36745198711661,120.76541489621742,Month-to-month,Fiber optic,Yes,No internet service,Yes,No internet service,15,Chennai,Basic,0
CUST_03047,28,82.55925580804656,1146.9672503934446,Two year,DSL,No,Yes,No internet service,No internet service,16,Pune,Premium,0
CUST_03048,32,60.82677792179167,7224.940111017743,One year,No,Yes,No,Yes,Yes,0,Hyderabad,Basic,0
CUST_03049,59,69.83270662673382,8313.687883385664,Month-to-month,Fiber optic,Yes,No,No internet service,No internet service,6,Bangalore,Standard,0
CUST_03050,54,24.423083690837444,1357.6596808904255,Two year,DSL,Yes,No internet service,No,No,8,Chennai,Basic,0
CUST_03051,9,103.08179431785919,4560.262135557757,Month-to-month,Fiber optic,No,Yes,Yes,No internet service,11,Pune,Premium,1
CUST_03052,46,98.01957143421416,8214.44018553947,Two year,DSL,No internet service,No,No,Yes,0,Mumbai,Standard,0
CUST_03053,22,36.90610552362865,1346.1232327499713,One year,DSL,No internet service,No,Yes,Yes,9,Chennai,Basic,0
CUST_03054,20,82.70159444025269,1598.278175655783,Two year,Fiber optic,No,No internet service,No,No,9,Hyderabad,Standard,0
CUST_03055,12,101.46815158873571,7879.256314020675,Two year,DSL,No internet service,No internet service,No,No internet service,9,Delhi,Basic,0
CUST_03056,32,83.36712191439119,6003.642617209108,One year,Fiber optic,No,No internet service,Yes,No,6,Chennai,Premium,1
CUST_03057,23,49.66060572017617,1306.9814377952075,One year,DSL,Yes,Yes,No internet service,No internet service,14,Bangalore,Basic,0
CUST_03058,10,84.92333734877305,3355.6048364280477,Two year,No,No internet service,Yes,No internet service,No,9,Pune,Premium,0
CUST_03059,16,39.467098263687646,495.2816668291748,Month-to-month,No,No,No,No,No,15,Chennai,Standard,0
CUST_03060,67,50.46200972250093,3687.919950689882,Month-to-month,Fiber optic,No,No internet service,No,No,15,Hyderabad,Standard,1
CUST_03061,46,42.48710461693222,6616.160476239048,One year,Fiber optic,Yes,No,No internet service,Yes,19,Chennai,Standard,1
CUST_03062,24,74.80636044380107,4716.790966999531,Month-to-month,Fiber optic,No,Yes,Yes,Yes,0,Bangalore,Basic,1
CUST_03063,72,29.039117970085957,5509.604077245034,One year,Fiber optic,No internet service,No,Yes,No internet service,10,Bangalore,Premium,0
CUST_03064,20,113.19765879553054,2790.0883613221745,Two year,No,Yes,No,No,Yes,18,Hyderabad,Basic,0
CUST_03065,11,52.01826007361241,1386.9601743113342,Two year,Fiber optic,No,No internet service,Yes,No,17,Bangalore,Premium,0
CUST_03066,36,40.33495296479174,129.25564391069474,Month-to-month,DSL,Yes,No,No,Yes,2,Hyderabad,Premium,1
CUST_03067,41,68.64808098738679,6984.371304601508,One year,DSL,No,No internet service,Yes,Yes,14,Chennai,Standard,0
CUST_03068,16,46.25377748238104,5418.103972370973,Month-to-month,Fiber optic,No internet service,No,No,No internet service,5,Chennai,Premium,0
CUST_03069,47,72.56021681102972,1963.1027686021728,Month-to-month,DSL,No internet service,No,Yes,No,9,Mumbai,Basic,1
CUST_03070,27,53.54793327777272,3567.156849375615,Two year,Fiber optic,Yes,Yes,No,Yes,2,Hyderabad,Standard,0
CUST_03071,40,31.47081469844216,6815.841805351864,Month-to-month,DSL,No,Yes,No internet service,Yes,9,Delhi,Premium,0
CUST_03072,46,45.12131468678072,4587.254978427133,Two year,DSL,Yes,No,No internet service,No internet service,15,Hyderabad,Basic,0
CUST_03073,17,62.72086418607557,2563.956072014788,One year,Fiber optic,Yes,No,No internet service,No internet service,3,Chennai,Basic,0
CUST_03074,70,21.089909100921815,2284.259074641754,Month-to-month,Fiber optic,No internet service,No internet service,No internet service,No,0,Pune,Standard,0
CUST_03075,12,96.60553775550572,1863.8021553749388,Two year,No,Yes,Yes,No,No internet service,17,Chennai,Premium,0
CUST_03076,12,81.42610558822241,7004.876843298029,Month-to-month,Fiber optic,No,Yes,Yes,No,3,Bangalore,Premium,0
CUST_03077,30,79.33867994239213,4953.339494507307,One year,No,No internet service,No,No,No,4,Mumbai,Standard,0
CUST_03078,1,73.69709305204213,6033.07107947982,Month-to-month,Fiber optic,No,No internet service,No,Yes,3,Delhi,Standard,1
CUST_03079,15,78.21194357715699,7313.541583932861,Month-to-month,DSL,Yes,Yes,No,Yes,18,Mumbai,Standard,0
CUST_03080,8,113.3344991761365,8388.560960861294,Two year,No,No internet service,No,Yes,Yes,19,Hyderabad,Standard,0
CUST_03081,72,18.87405950269555,2134.1197809540927,One year,DSL,No,No,No,Yes,18,Pune,Basic,0
CUST_03082,37,22.875570385090427,1552.4148986180176,One year,Fiber optic,No,No,No internet service,Yes,2,Hyderabad,Standard,0
CUST_03083,53,37.53232781294184,3936.6699435782707,One year,Fiber optic,Yes,No,No internet service,No,19,Chennai,Premium,0
CUST_03084,55,35.06474075930131,315.47459253691267,Month-to-month,Fiber optic,No,No,No,Yes,12,Bangalore,Premium,0
CUST_03085,44,36.481834865856634,6733.351071421847,Two year,Fiber optic,Yes,Yes,No internet service,Yes,19,Delhi,Premium,0
CUST_03086,33,86.53827635656232,7514.052310113229,Month-to-month,No,Yes,Yes,No internet service,Yes,17,Pune,Basic,0
CUST_03087,8,64.86729670711686,5836.9887247807765,Month-to-month,No,Yes,No internet service,Yes,No,5,Bangalore,Premium,1
CUST_03088,7,119.1614455901387,2291.1337983485346,Month-to-month,Fiber optic,Yes,No,No,No internet service,19,Delhi,Basic,1
CUST_03089,6,41.142363309900375,1062.6047303729215,One year,DSL,No internet service,No internet service,No,No internet service,5,Pune,Premium,0
CUST_03090,35,49.70467030480445,3259.347001936493,Two year,No,No,No,No internet service,Yes,5,Mumbai,Standard,1
CUST_03091,17,118.3925531137682,7086.352733125559,One year,DSL,No,No,No,No internet service,16,Chennai,Basic,1
CUST_03092,2,102.83933036182918,2968.2754317138247,Month-to-month,Fiber optic,No internet service,No,No,No,16,Bangalore,Basic,1
CUST_03093,27,65.91952050921034,308.54729350116025,Month-to-month,No,Yes,No internet service,No internet service,Yes,4,Hyderabad,Basic,0
CUST_03094,69,74.56888232569095,2344.446151141569,Two year,No,Yes,No,No internet service,No,16,Chennai,Premium,0
CUST_03095,43,104.00414790658972,8414.718664662285,One year,No,Yes,No internet service,No,No,8,Delhi,Standard,0
CUST_03096,20,67.05998509672546,5757.504385558022,Month-to-month,DSL,Yes,Yes,Yes,Yes,19,Pune,Premium,0
CUST_03097,27,39.0144198053726,7659.050667865999,Month-to-month,Fiber optic,No internet service,No,No internet service,No,1,Chennai,Basic,1
CUST_03098,53,102.50134293254732,6590.407198944394,Two year,Fiber optic,No,No internet service,No,Yes,18,Hyderabad,Standard,0
CUST_03099,53,72.85279411011564,4595.782181000482,Month-to-month,No,Yes,Yes,No internet service,No,8,Hyderabad,Basic,0
CUST_03100,64,33.61034491070977,1279.179015654223,One year,No,Yes,No,No,No internet service,7,Delhi,Basic,0
CUST_03101,20,69.56975478080855,2975.2024654131974,One year,Fiber optic,Yes,Yes,No,No internet service,18,Chennai,Premium,0
CUST_03102,12,60.1467448208796,4969.284590775953,Month-to-month,DSL,No,No,Yes,No internet service,12,Bangalore,Premium,1
CUST_03103,56,107.43793825193931,7402.7035819447565,Month-to-month,No,No,No internet service,No internet service,No,3,Chennai,Standard,1
CUST_03104,48,30.857653998791747,2296.9017390260788,Month-to-month,DSL,No internet service,No,Yes,Yes,5,Hyderabad,Premium,0
CUST_03105,53,107.2714000536986,1046.246305743827,Two year,DSL,No,No,No internet service,No internet service,3,Pune,Premium,0
CUST_03106,9,70.24552371464904,4758.015717499961,Two year,Fiber optic,No,No internet service,Yes,Yes,10,Delhi,Premium,1
CUST_03107,52,59.24517185807706,1515.083369398148,One year,Fiber optic,Yes,No internet service,No internet service,No internet service,9,Mumbai,Basic,0
CUST_03108,43,34.520652809099914,5195.088527388412,One year,DSL,No,No internet service,Yes,No internet service,15,Mumbai,Basic,0
CUST_03109,46,89.48343218914529,2253.1888751470146,Month-to-month,DSL,Yes,No,Yes,No,17,Pune,Premium,1
CUST_03110,52,112.53428432922414,1977.0282024778985,Month-to-month,Fiber optic,No internet service,Yes,No internet service,No internet service,18,Chennai,Basic,0
CUST_03111,45,56.28849009773062,3403.8512486357745,Month-to-month,No,Yes,No internet service,Yes,Yes,11,Hyderabad,Premium,1
CUST_03112,12,42.641670068425015,5049.452487606497,Two year,DSL,No internet service,Yes,Yes,Yes,13,Chennai,Standard,0
CUST_03113,36,74.59642553391402,4643.384501956073,Two year,No,No,No internet service,No internet service,No internet service,17,Delhi,Premium,0
CUST_03114,23,99.21096674025476,2093.837835907105,Month-to-month,DSL,No internet service,No internet service,No internet service,Yes,19,Bangalore,Standard,1
CUST_03115,1,18.38430484415437,7576.451632713537,Month-to-month,Fiber optic,Yes,No,No,Yes,0,Mumbai,Premium,1
CUST_03116,13,82.40049851233378,950.0188672939752,One year,No,No,No internet service,No internet service,Yes,12,Chennai,Standard,0
CUST_03117,9,78.84463207126035,352.763869996512,Two year,Fiber optic,No,Yes,No,Yes,2,Hyderabad,Basic,0
CUST_03118,34,50.45152295202433,5130.154577103368,Month-to-month,DSL,Yes,No,Yes,Yes,13,Pune,Premium,0
CUST_03119,24,64.04514636770698,1064.7395995313714,Two year,Fiber optic,No,No internet service,No internet service,No internet service,17,Mumbai,Standard,0
CUST_03120,2,43.19024886450573,4300.483886714148,Month-to-month,No,Yes,Yes,No,Yes,18,Mumbai,Standard,0
CUST_03121,16,98.56834527108796,8090.940998362504,Month-to-month,Fiber optic,No internet service,No,No internet service,Yes,0,Bangalore,Basic,0
CUST_03122,11,82.72256320334299,5943.357862462566,One year,No,No internet service,Yes,No,No internet service,14,Chennai,Standard,0
CUST_03123,53,72.33658544797649,5255.266714933804,One year,Fiber optic,No,No,No,No,15,Bangalore,Premium,0
CUST_03124,23,58.03767223861838,4893.497917366685,One year,Fiber optic,Yes,No,No internet service,Yes,9,Hyderabad,Standard,0
CUST_03125,28,47.72120737411468,1540.851937156946,Month-to-month,No,Yes,No,Yes,No,19,Hyderabad,Standard,0
CUST_03126,42,101.91912157643,3687.7188484955814,One year,No,No internet service,No internet service,Yes,No,3,Chennai,Standard,0
CUST_03127,24,64.04358238422404,2923.2843894848797,Month-to-month,No,Yes,No,No,No internet service,10,Mumbai,Basic,0
CUST_03128,59,69.14763682385062,8101.976401087536,Two year,DSL,No,No internet service,No,No,15,Delhi,Basic,0
CUST_03129,64,71.12453051515564,2073.3602024864895,Two year,Fiber optic,No,No internet service,Yes,No,4,Bangalore,Basic,0
CUST_03130,27,63.7334274140208,4017.401862181308,Month-to-month,No,No internet service,No internet service,No internet service,No,18,Mumbai,Standard,0
CUST_03131,15,44.12101947631922,7974.789159309154,One year,DSL,Yes,No internet service,No internet service,No internet service,10,Pune,Basic,0
CUST_03132,46,30.274724904791306,6711.83029399027,One year,DSL,No,No,Yes,Yes,17,Hyderabad,Basic,1
CUST_03133,57,28.05080125110955,8199.018259610477,Two year,No,No,No internet service,Yes,No internet service,14,Hyderabad,Premium,0
CUST_03134,26,95.26117738075024,5177.857224156778,Month-to-month,No,No,Yes,Yes,No internet service,1,Mumbai,Standard,1
CUST_03135,52,40.79983787475416,2849.1801019550126,Month-to-month,No,Yes,Yes,No,No internet service,12,Mumbai,Basic,0
CUST_03136,41,23.67862712530551,7029.643395486149,Month-to-month,DSL,No internet service,No,Yes,Yes,11,Pune,Premium,0
CUST_03137,58,99.34677548298038,2490.1320937889295,Two year,DSL,No internet service,No internet service,Yes,No,13,Hyderabad,Premium,1
CUST_03138,46,33.714288591786094,1415.6029058166164,Two year,Fiber optic,No,Yes,Yes,Yes,0,Bangalore,Standard,0
CUST_03139,33,81.76490135680211,6008.7417206788605,One year,DSL,No internet service,Yes,Yes,No,11,Bangalore,Standard,0
CUST_03140,36,52.541613687682045,5437.621938098437,Month-to-month,No,No,No internet service,No internet service,Yes,12,Mumbai,Premium,0
CUST_03141,5,30.900986182513567,7473.244591814144,Month-to-month,Fiber optic,No,No internet service,No internet service,No internet service,2,Chennai,Standard,1
CUST_03142,6,60.27705988394471,8177.045795795742,Month-to-month,Fiber optic,Yes,No,Yes,No internet service,2,Hyderabad,Premium,1
CUST_03143,24,19.510503835527764,7288.749934838667,Month-to-month,Fiber optic,No,Yes,No,No,0,Delhi,Basic,0
CUST_03144,32,103.78658821628116,527.1048871437125,Two year,Fiber optic,No,No,No,No internet service,10,Hyderabad,Standard,1
CUST_03145,54,70.37679205686943,5654.402938555599,One year,No,Yes,Yes,No internet service,No internet service,3,Bangalore,Basic,0
CUST_03146,57,32.1943211126121,6674.100325912836,Two year,Fiber optic,Yes,No internet service,No,Yes,10,Bangalore,Standard,0
CUST_03147,6,42.17199247567644,8346.719439938197,One year,No,No internet service,Yes,No,No,1,Delhi,Premium,0
CUST_03148,56,63.69346959812972,3195.877142466159,Month-to-month,DSL,Yes,Yes,No internet service,Yes,18,Bangalore,Basic,1
CUST_03149,11,37.26467704718596,1458.9356232338764,Month-to-month,No,No,Yes,Yes,Yes,11,Delhi,Premium,1
CUST_03150,15,45.39711447311076,7252.57823016403,Month-to-month,Fiber optic,Yes,No internet service,Yes,No internet service,12,Bangalore,Premium,1
CUST_03151,42,72.50732755199684,2710.7529194913345,Month-to-month,DSL,Yes,No internet service,No internet service,Yes,16,Pune,Premium,0
CUST_03152,6,102.92611932991532,5091.948480123511,Month-to-month,DSL,No internet service,Yes,Yes,No,18,Delhi,Standard,1
CUST_03153,50,58.98764794037192,3325.087390054665,Two year,DSL,Yes,Yes,Yes,No internet service,3,Chennai,Standard,0
CUST_03154,72,91.13147790246192,3430.531309826964,One year,Fiber optic,No,No internet service,No internet service,No,5,Hyderabad,Premium,0
CUST_03155,31,107.42178977298613,6230.763712383145,Two year,No,No,No internet service,No internet service,No,2,Bangalore,Premium,0
CUST_03156,7,40.06269591020852,3084.0320131333597,Month-to-month,No,No,No internet service,No internet service,No,10,Mumbai,Standard,1
CUST_03157,71,100.33358098102033,5896.66310821567,One year,Fiber optic,Yes,Yes,No,No,11,Delhi,Basic,0
CUST_03158,44,95.2550242297648,139.5339591464264,One year,Fiber optic,Yes,No,No internet service,Yes,11,Delhi,Standard,0
CUST_03159,58,54.40760439070977,2771.659162012876,Month-to-month,DSL,No,No,No internet service,No internet service,17,Delhi,Standard,0
CUST_03160,3,118.93103586908845,2724.1314739417667,One year,No,Yes,No internet service,No internet service,Yes,13,Bangalore,Standard,1
CUST_03161,66,44.78238188646762,6369.620894975954,Two year,Fiber optic,No internet service,No,No internet service,No internet service,10,Hyderabad,Basic,0
CUST_03162,28,43.989933135232945,2686.0734581293755,Two year,Fiber optic,No internet service,Yes,Yes,Yes,16,Mumbai,Standard,0
CUST_03163,28,96.77043479462617,5389.880736720634,Two year,No,No internet service,No,No internet service,No internet service,15,Delhi,Standard,1
CUST_03164,27,62.33504644121059,5858.06397867891,Two year,DSL,No internet service,No,No internet service,No,2,Delhi,Basic,0
CUST_03165,43,51.74108946766641,5602.765465879931,One year,DSL,No,No,No,No,3,Delhi,Standard,0
CUST_03166,3,36.2236061445885,5135.137002654773,Two year,DSL,Yes,No internet service,No,Yes,7,Pune,Premium,0
CUST_03167,8,96.0639079553235,3526.2981161815655,One year,No,No internet service,Yes,Yes,Yes,10,Delhi,Basic,0
CUST_03168,4,98.20482422587986,3184.3728207140803,Month-to-month,Fiber optic,No,No internet service,No internet service,No,12,Mumbai,Standard,1
CUST_03169,55,75.78952832947432,4806.801983144296,Two year,Fiber optic,No internet service,No,No internet service,Yes,11,Delhi,Premium,0
CUST_03170,49,115.64598854552003,558.3297152720558,Month-to-month,Fiber optic,Yes,No internet service,No internet service,Yes,4,Pune,Premium,0
CUST_03171,14,50.45265358311073,7446.703900281044,Two year,Fiber optic,No internet service,Yes,No,No internet service,15,Mumbai,Basic,0
CUST_03172,31,40.401142638892395,7018.323043183371,Month-to-month,No,No internet service,Yes,Yes,No internet service,0,Mumbai,Basic,0
CUST_03173,27,87.10161043131511,2956.0351699094426,Month-to-month,DSL,No internet service,Yes,No,No internet service,8,Delhi,Standard,1
CUST_03174,21,95.35768136156987,4825.759804556924,Month-to-month,DSL,No internet service,Yes,No internet service,Yes,13,Chennai,Basic,1
CUST_03175,16,40.94040899628588,7925.155336000617,Month-to-month,DSL,Yes,No,No,No,7,Mumbai,Standard,1
CUST_03176,58,25.814297954633552,2322.023315649404,Month-to-month,DSL,No,No,No internet service,No,2,Chennai,Premium,0
CUST_03177,70,100.67268163180994,6315.505580587746,One year,Fiber optic,No internet service,No,No internet service,No,6,Mumbai,Premium,0
CUST_03178,56,117.60320131189327,719.7311896967658,One year,Fiber optic,No,No,No internet service,No,3,Pune,Standard,0
CUST_03179,25,83.756573179373,4457.242554848776,Two year,No,Yes,No,Yes,No internet service,14,Bangalore,Basic,1
CUST_03180,24,46.342423814677204,7515.826155971979,One year,DSL,Yes,No internet service,No,No internet service,11,Delhi,Standard,0
CUST_03181,9,119.6606060723848,4697.598148152441,Month-to-month,Fiber optic,No internet service,Yes,No internet service,Yes,8,Bangalore,Standard,1
CUST_03182,44,109.1131968992419,5245.056477232294,One year,Fiber optic,No,No,No internet service,No,17,Mumbai,Basic,1
CUST_03183,10,70.36482592058998,7716.596485851553,One year,Fiber optic,No internet service,Yes,Yes,Yes,12,Bangalore,Standard,0
CUST_03184,52,102.18277105386704,6085.688948902428,Month-to-month,DSL,Yes,Yes,Yes,No,2,Delhi,Basic,1
CUST_03185,71,101.21369337282262,5920.366627662221,One year,Fiber optic,No internet service,No,No internet service,No,6,Delhi,Basic,1
CUST_03186,67,113.34949490669695,4991.709275391964,Month-to-month,DSL,No internet service,No,No internet service,Yes,18,Mumbai,Premium,1
CUST_03187,27,103.77423206489293,5387.009425580092,One year,DSL,No,Yes,No internet service,No internet service,7,Mumbai,Premium,0
CUST_03188,64,83.65528206763078,6835.029406508947,Month-to-month,No,Yes,Yes,No internet service,Yes,10,Chennai,Basic,0
CUST_03189,48,80.14897933356374,8323.855012527227,Two year,No,No internet service,Yes,Yes,Yes,4,Hyderabad,Basic,0
CUST_03190,46,65.6704434098244,6763.94965269745,One year,DSL,No internet service,No internet service,No,No,15,Bangalore,Basic,0
CUST_03191,51,81.90153527701725,6019.327405860182,Two year,DSL,No internet service,No internet service,Yes,No internet service,2,Chennai,Basic,1
CUST_03192,53,99.11209182609905,1167.691702792869,Month-to-month,DSL,No,Yes,Yes,Yes,0,Bangalore,Standard,0
CUST_03193,59,116.84183788286043,6948.475846280442,Month-to-month,Fiber optic,Yes,No internet service,No,No internet service,9,Delhi,Basic,1
CUST_03194,56,65.66331053457625,6260.704224275799,Two year,Fiber optic,No internet service,Yes,No internet service,No internet service,9,Mumbai,Premium,0
CUST_03195,46,76.51262670485323,6552.805881393266,Month-to-month,Fiber optic,No internet service,Yes,No internet service,No internet service,15,Bangalore,Basic,0
CUST_03196,30,63.37016049599574,1978.1603284597718,Month-to-month,No,No internet service,No,No,No internet service,10,Hyderabad,Premium,1
CUST_03197,45,86.18583934030721,7681.009434060149,Month-to-month,DSL,Yes,Yes,Yes,No,18,Delhi,Basic,0
CUST_03198,25,82.25189141424848,843.140566318085,Month-to-month,Fiber optic,No,No,No internet service,No,19,Pune,Standard,0
CUST_03199,4,19.819046599749576,2169.1374563790905,Month-to-month,Fiber optic,No,No,No,No,12,Delhi,Standard,0
CUST_03200,51,73.19847902826716,5641.764803867575,Month-to-month,No,No internet service,Yes,No,No,14,Chennai,Basic,1
CUST_03201,53,27.02566336129943,5732.446082214671,Month-to-month,No,No internet service,No internet service,No,No,9,Hyderabad,Premium,1
CUST_03202,32,20.69112903656491,2675.6189713635963,Month-to-month,DSL,No,Yes,No internet service,Yes,3,Delhi,Standard,0
CUST_03203,49,98.70211053263922,5968.290749462413,Two year,DSL,No,Yes,No,No internet service,18,Hyderabad,Premium,0
CUST_03204,37,44.38228594024865,3308.426820388625,One year,Fiber optic,No,No internet service,Yes,No,14,Mumbai,Premium,0
CUST_03205,26,52.74681788330452,19.488725506905457,Month-to-month,Fiber optic,No internet service,No,Yes,No internet service,5,Pune,Standard,0
CUST_03206,14,24.536627935614753,1397.225214061587,Two year,Fiber optic,No internet service,No internet service,No,No,16,Hyderabad,Basic,0
CUST_03207,60,36.30902657042377,7504.368210400555,Month-to-month,Fiber optic,No,Yes,No,No,12,Chennai,Premium,1
CUST_03208,20,96.09169146229482,1906.8906074889305,One year,Fiber optic,No,Yes,No,Yes,19,Chennai,Premium,1
CUST_03209,45,68.34014468372733,975.7054942009855,Month-to-month,No,Yes,No internet service,Yes,No internet service,16,Bangalore,Basic,0
CUST_03210,68,107.82818318011513,5804.425539525356,Two year,DSL,No internet service,No internet service,No internet service,No,14,Pune,Basic,1
CUST_03211,5,58.51869740961719,3756.0720445193815,Two year,No,Yes,No internet service,Yes,No,6,Mumbai,Standard,1
CUST_03212,37,45.40747504693536,6774.684322524819,One year,DSL,No,No,No,Yes,10,Mumbai,Standard,0
CUST_03213,61,53.455181074782395,7324.775934987016,Month-to-month,DSL,No internet service,No internet service,No internet service,No internet service,17,Hyderabad,Basic,1
CUST_03214,61,90.70272293872425,7193.677657998497,Two year,DSL,No internet service,Yes,No internet service,No internet service,19,Chennai,Basic,0
CUST_03215,45,74.61057857811758,2672.944197228049,One year,No,Yes,No internet service,No,No,18,Chennai,Premium,0
CUST_03216,12,110.22750317034765,4306.040645845968,One year,Fiber optic,Yes,Yes,No,Yes,7,Chennai,Basic,0
CUST_03217,2,79.4212144776661,5532.50219327555,Month-to-month,DSL,Yes,No,Yes,Yes,17,Mumbai,Premium,0
CUST_03218,5,68.28785726511332,2749.060546343939,Two year,DSL,Yes,No,Yes,No,9,Chennai,Standard,0
CUST_03219,7,98.14677783644676,366.60439282429985,Month-to-month,No,No internet service,No internet service,Yes,No internet service,17,Bangalore,Standard,1
CUST_03220,43,114.64845277481142,4222.225290642468,Month-to-month,No,No,Yes,No,No,16,Delhi,Premium,0
CUST_03221,32,54.296282946987,126.72510445516568,Month-to-month,Fiber optic,No,No,No internet service,No internet service,8,Chennai,Standard,0
CUST_03222,49,43.48737343687873,8081.376188925484,Two year,Fiber optic,No,No internet service,Yes,Yes,2,Bangalore,Premium,0
CUST_03223,10,80.85417442200219,6775.47068599141,One year,DSL,Yes,No,No,No,14,Bangalore,Premium,0
CUST_03224,27,68.88502775769587,1646.6269244731288,Month-to-month,No,No,No internet service,No internet service,No,11,Delhi,Premium,1
CUST_03225,69,118.8969286362079,2457.1835741013365,Month-to-month,Fiber optic,Yes,Yes,No,No,16,Mumbai,Basic,0
CUST_03226,40,65.1609019830688,8354.436564300875,Two year,Fiber optic,Yes,No internet service,No,No internet service,5,Chennai,Standard,0
CUST_03227,15,25.58181823875528,3186.438836226544,Month-to-month,Fiber optic,No,Yes,No,No internet service,8,Pune,Standard,1
CUST_03228,67,117.69164419931886,6665.533035754274,One year,No,No,No,Yes,Yes,9,Bangalore,Premium,1
CUST_03229,47,104.0458684505411,3807.8888031321153,Month-to-month,No,No,Yes,No,No internet service,2,Bangalore,Basic,0
CUST_03230,55,36.181514683712265,7347.261628221376,One year,No,No internet service,Yes,No,No internet service,5,Delhi,Standard,0
CUST_03231,63,110.26973581751267,5987.237256225919,Month-to-month,No,Yes,No,No,No,12,Pune,Basic,0
CUST_03232,58,52.74801572381795,212.3231279968136,Month-to-month,No,No internet service,Yes,Yes,Yes,13,Bangalore,Standard,0
CUST_03233,61,56.46542242251334,2515.01501253661,Month-to-month,DSL,No,Yes,No,Yes,3,Chennai,Premium,0
CUST_03234,10,110.45193120094025,4750.890814926264,One year,DSL,No internet service,No internet service,No,No,9,Mumbai,Standard,1
CUST_03235,17,72.07178763360216,7873.808241799652,Month-to-month,No,No internet service,Yes,Yes,No internet service,18,Bangalore,Basic,0
CUST_03236,18,32.051818798649,883.4175663491213,Month-to-month,DSL,No,No internet service,No,No internet service,15,Mumbai,Premium,0
CUST_03237,54,55.64372825286401,5117.06064486527,Month-to-month,No,No,Yes,No internet service,No,6,Bangalore,Basic,1
CUST_03238,25,91.65393951932384,2581.0630358421613,One year,DSL,Yes,No,No,No,4,Bangalore,Standard,0
CUST_03239,5,35.766787182937705,7561.278247088892,Month-to-month,DSL,Yes,Yes,No,No internet service,11,Chennai,Standard,0
CUST_03240,3,78.20358213544858,6508.168629123509,Two year,Fiber optic,No internet service,Yes,Yes,Yes,14,Mumbai,Premium,0
CUST_03241,28,88.91796156033053,3153.818488082758,One year,No,No,Yes,Yes,No,0,Pune,Premium,1
CUST_03242,58,53.07306470534309,1435.3690362728612,Two year,DSL,Yes,No internet service,Yes,No internet service,5,Hyderabad,Basic,0
CUST_03243,16,88.77583024824888,115.52580187387971,Month-to-month,DSL,Yes,No,Yes,No,18,Chennai,Premium,1
CUST_03244,42,108.1891498865905,5286.462410599469,One year,Fiber optic,No internet service,No,No internet service,Yes,4,Mumbai,Basic,0
CUST_03245,65,66.15590791179056,3462.7421363282097,One year,DSL,No internet service,Yes,No,Yes,8,Mumbai,Premium,0
CUST_03246,33,57.056751474338135,2687.7645724450435,Month-to-month,Fiber optic,No internet service,Yes,No,No internet service,6,Mumbai,Standard,1
CUST_03247,7,43.61815693854514,8377.03043766364,Two year,DSL,No,No internet service,No internet service,Yes,8,Hyderabad,Basic,0
CUST_03248,12,79.62895894605703,3971.817593822593,One year,Fiber optic,Yes,No,Yes,No,15,Chennai,Standard,0
CUST_03249,7,107.74490889994902,6378.136803880488,One year,Fiber optic,Yes,Yes,No,Yes,4,Hyderabad,Standard,1
CUST_03250,64,51.115449252889796,1522.8121231249859,One year,No,Yes,Yes,No internet service,No internet service,9,Bangalore,Basic,0
CUST_03251,42,58.416023502804954,132.12749616606445,One year,No,No internet service,No,No,No,14,Delhi,Premium,0
CUST_03252,38,59.475802790098356,3559.7661381580715,One year,DSL,No,Yes,No internet service,Yes,14,Hyderabad,Basic,0
CUST_03253,58,75.20285886130675,5664.169129983657,Month-to-month,No,No internet service,Yes,No internet service,Yes,12,Bangalore,Standard,0
CUST_03254,43,41.29771407987874,4314.970141028103,One year,No,No internet service,No,No,Yes,19,Hyderabad,Standard,0
CUST_03255,8,101.86553784138583,7570.9347971700845,Two year,No,No,No internet service,Yes,No internet service,17,Mumbai,Standard,1
CUST_03256,36,48.151432305430575,3699.012856769532,One year,DSL,No,Yes,Yes,No internet service,6,Delhi,Standard,0
CUST_03257,35,89.94699447146155,2655.9258611645196,Month-to-month,DSL,No internet service,Yes,No internet service,Yes,7,Delhi,Basic,0
CUST_03258,27,70.34800566151429,7787.924871593233,Month-to-month,No,No,No,Yes,No,7,Pune,Basic,0
CUST_03259,41,77.76155554198121,3468.496927376819,Two year,No,No internet service,No,No,Yes,10,Bangalore,Basic,0
CUST_03260,42,36.32009136038489,2305.1531624271856,One year,DSL,Yes,No internet service,No internet service,No,8,Pune,Basic,0
CUST_03261,41,92.97236621417339,846.361253503102,Two year,No,No,No internet service,No,No,5,Hyderabad,Standard,0
CUST_03262,65,37.23929294234837,6746.853496416593,Two year,Fiber optic,Yes,Yes,No,No internet service,19,Hyderabad,Premium,0
CUST_03263,54,29.57431103799879,7016.425770487305,Two year,DSL,No,No internet service,Yes,Yes,1,Hyderabad,Basic,0
CUST_03264,71,73.76130898865627,300.4318001997888,Two year,DSL,No internet service,No internet service,No,No internet service,4,Bangalore,Standard,0
CUST_03265,47,90.34830796560186,3060.031965641733,One year,Fiber optic,No internet service,No internet service,No internet service,Yes,3,Hyderabad,Basic,1
CUST_03266,21,23.103655316345186,6378.452087899895,Month-to-month,No,No internet service,Yes,No internet service,No,19,Delhi,Standard,0
CUST_03267,26,25.07832212393529,8045.210830393673,Month-to-month,Fiber optic,No internet service,No internet service,No,No internet service,14,Delhi,Premium,1
CUST_03268,66,99.87327459600374,3222.6546835724844,One year,No,No internet service,No internet service,No,No internet service,6,Chennai,Premium,0
CUST_03269,12,100.52133534974787,7414.757204960864,Two year,No,No internet service,No internet service,No internet service,No internet service,0,Hyderabad,Basic,0
CUST_03270,44,43.02108114002628,3357.536488206079,One year,DSL,No,No,Yes,No,18,Hyderabad,Premium,0
CUST_03271,9,80.75327668562076,1540.473428272141,Two year,DSL,No,No internet service,Yes,No internet service,17,Pune,Standard,1
CUST_03272,8,63.20436766475527,47.230191515408734,Two year,No,Yes,No internet service,Yes,Yes,1,Delhi,Standard,1
CUST_03273,53,82.53499622315833,2818.595438382726,One year,Fiber optic,No,No,No,Yes,12,Delhi,Basic,1
CUST_03274,26,106.01368697812096,3228.2253802695654,One year,DSL,No,No,No,No,13,Mumbai,Premium,0
CUST_03275,33,26.14535530739016,8034.486880022385,Two year,No,Yes,Yes,No internet service,No internet service,2,Mumbai,Premium,0
CUST_03276,0,97.35441145082234,1765.8878810317228,Two year,DSL,Yes,Yes,No internet service,Yes,15,Chennai,Standard,1
CUST_03277,31,68.28896866114601,3260.080865404475,Two year,DSL,No internet service,No,No internet service,No internet service,13,Delhi,Standard,0
CUST_03278,70,75.54094826372364,231.35732915964581,Two year,DSL,Yes,Yes,No internet service,Yes,14,Chennai,Standard,0
CUST_03279,66,84.70099872174627,6494.344033045139,One year,Fiber optic,Yes,No internet service,Yes,No,2,Hyderabad,Standard,1
CUST_03280,19,112.10756121116896,7780.227965914797,Month-to-month,Fiber optic,No,Yes,No,Yes,1,Hyderabad,Premium,0
CUST_03281,34,23.78543526227726,2035.194730199204,Month-to-month,No,No internet service,No internet service,No,Yes,2,Delhi,Basic,1
CUST_03282,16,21.00658791669366,3656.736528449875,Two year,Fiber optic,Yes,No internet service,Yes,Yes,8,Bangalore,Premium,0
CUST_03283,17,36.18270171185489,1053.759254426361,Month-to-month,No,No internet service,No internet service,No internet service,No,7,Chennai,Premium,0
CUST_03284,44,118.61766805472712,3892.8781199139394,Month-to-month,No,No internet service,No,No internet service,Yes,18,Bangalore,Standard,1
CUST_03285,52,90.93778947253313,1149.0107766292172,Month-to-month,DSL,Yes,Yes,No,No,19,Hyderabad,Standard,0
CUST_03286,67,80.6933941435592,4457.041929663248,Month-to-month,DSL,Yes,Yes,No internet service,No,19,Pune,Standard,1
CUST_03287,64,22.797983448304286,6249.064146946202,Month-to-month,Fiber optic,Yes,No,No,Yes,14,Chennai,Basic,0
CUST_03288,0,107.66924283708241,4711.453415973774,Month-to-month,No,Yes,No,Yes,No internet service,11,Hyderabad,Basic,1
CUST_03289,57,100.90119903631027,2097.952463881723,Two year,No,No internet service,Yes,No,Yes,13,Mumbai,Standard,0
CUST_03290,25,85.80960447444266,3018.897548747253,Two year,DSL,No,No,Yes,No,17,Delhi,Standard,0
CUST_03291,19,52.591343179439676,5434.373961219174,Two year,DSL,No internet service,No,No internet service,No internet service,1,Mumbai,Premium,0
CUST_03292,9,25.191505467962244,5020.305453689056,One year,DSL,No internet service,No internet service,No,Yes,10,Chennai,Premium,1
CUST_03293,58,77.16392576589409,1178.1237528451506,Month-to-month,Fiber optic,No internet service,No internet service,No internet service,Yes,0,Mumbai,Premium,1
CUST_03294,40,91.40884628900542,7184.861434787684,Month-to-month,No,Yes,No internet service,No internet service,Yes,18,Pune,Standard,0
CUST_03295,4,27.612515748679236,4048.5523536791848,One year,No,Yes,No,No internet service,Yes,13,Chennai,Premium,1
CUST_03296,64,82.64430129944658,1395.2157624328656,Month-to-month,No,No,No,No,Yes,8,Bangalore,Basic,0
CUST_03297,16,47.209338924490176,1059.8147341188535,Two year,DSL,No,No internet service,No internet service,No internet service,2,Delhi,Premium,0
CUST_03298,21,95.95291056442079,8207.810152539994,Two year,Fiber optic,No,No internet service,No,Yes,13,Bangalore,Basic,0
CUST_03299,40,73.04081676138738,2405.980812974017,One year,Fiber optic,No internet service,Yes,No internet service,No,19,Pune,Premium,0
CUST_03300,67,31.161752356664543,7724.6908127067,Two year,DSL,No,No internet service,Yes,No,2,Hyderabad,Basic,0
CUST_03301,68,71.70498366879008,3500.5845041581397,One year,Fiber optic,No internet service,No internet service,No,No internet service,3,Delhi,Standard,0
CUST_03302,10,58.365160063405305,3291.38557310396,Two year,Fiber optic,Yes,Yes,Yes,No,1,Mumbai,Basic,1
CUST_03303,55,36.396308764728495,5963.279520566482,Month-to-month,No,No internet service,Yes,Yes,No internet service,1,Chennai,Premium,0
CUST_03304,50,103.83460385433656,101.8300469114639,Two year,DSL,Yes,Yes,No,No,14,Delhi,Standard,0
CUST_03305,20,19.124901746911892,2885.6753224689724,One year,DSL,Yes,Yes,No,No internet service,12,Hyderabad,Standard,0
CUST_03306,25,49.83708424156681,2585.0409308109233,Month-to-month,DSL,No,No,No,Yes,19,Bangalore,Standard,0
CUST_03307,18,19.284693893281528,7381.208035717282,One year,DSL,Yes,Yes,No internet service,No,10,Hyderabad,Basic,0
CUST_03308,59,27.792708543627576,4506.025857974283,Month-to-month,No,No,Yes,No internet service,No,13,Mumbai,Standard,0
CUST_03309,70,48.30381435565427,3110.2840735761047,Month-to-month,Fiber optic,No,No,Yes,No internet service,16,Chennai,Premium,1
CUST_03310,46,23.535660909716107,2274.884709962209,Two year,Fiber optic,No,Yes,No,No internet service,14,Chennai,Standard,0
CUST_03311,70,78.8563143004284,5026.704198331756,Two year,No,No internet service,Yes,Yes,No internet service,13,Mumbai,Premium,0
CUST_03312,25,26.860016614590645,1304.491578088819,Month-to-month,Fiber optic,No,Yes,No internet service,No,18,Chennai,Standard,0
CUST_03313,39,89.5747906747417,2106.3088464914854,Two year,DSL,No,No,Yes,No internet service,1,Delhi,Basic,1
CUST_03314,4,23.369495487970433,2508.4183840792075,Two year,No,Yes,No internet service,Yes,Yes,3,Delhi,Standard,0
CUST_03315,20,24.049507269711874,5174.283693602074,One year,No,No internet service,Yes,No,No internet service,7,Mumbai,Premium,0
CUST_03316,3,49.143241701393165,3183.9485623777446,Two year,DSL,No,Yes,No,Yes,11,Mumbai,Premium,0
CUST_03317,22,109.4502955468663,4308.05395161826,Month-to-month,DSL,No,Yes,Yes,Yes,12,Hyderabad,Standard,1
CUST_03318,14,83.42211136977828,5535.017353268188,Two year,DSL,No,Yes,No internet service,No internet service,17,Chennai,Basic,0
CUST_03319,7,96.55339177674978,8129.095718050803,Month-to-month,Fiber optic,Yes,No,Yes,Yes,16,Pune,Standard,1
CUST_03320,40,32.43831516666482,6505.3508022255455,Month-to-month,DSL,Yes,No internet service,No internet service,Yes,12,Bangalore,Basic,1
CUST_03321,18,103.08079419121908,3455.3880128126175,One year,No,Yes,Yes,Yes,Yes,11,Mumbai,Premium,0
CUST_03322,45,18.830917315811984,6364.871725637532,Month-to-month,Fiber optic,No,Yes,Yes,No internet service,6,Hyderabad,Premium,0
CUST_03323,27,39.73184977476663,8073.306042556761,Month-to-month,Fiber optic,No,No,No,No internet service,15,Mumbai,Standard,0
CUST_03324,67,80.84141675729933,4253.745788238287,One year,No,No,No internet service,Yes,Yes,13,Mumbai,Basic,0
CUST_03325,14,56.275133676593136,3499.8349867483503,Month-to-month,Fiber optic,No,No internet service,No internet service,No,4,Delhi,Premium,0
CUST_03326,36,118.38772595529348,679.7546049242474,One year,DSL,No,No internet service,Yes,Yes,10,Pune,Basic,0
CUST_03327,0,21.09460317546846,7587.085483860614,Month-to-month,DSL,Yes,Yes,Yes,No internet service,7,Chennai,Standard,0
CUST_03328,66,119.8570131295274,2108.2555696917866,Two year,DSL,No,Yes,No internet service,Yes,8,Pune,Basic,0
CUST_03329,23,81.61003895185424,560.4908808199416,One year,DSL,No internet service,Yes,Yes,Yes,17,Mumbai,Basic,0
CUST_03330,26,74.98811344880184,4574.559973265566,One year,Fiber optic,No,No,Yes,No internet service,7,Chennai,Premium,0
CUST_03331,39,24.070269141525387,7192.920797045656,Month-to-month,No,Yes,No,Yes,No internet service,6,Hyderabad,Basic,1
CUST_03332,62,45.879545419920845,3467.078541794731,One year,Fiber optic,No,No,Yes,No,7,Mumbai,Basic,0
CUST_03333,60,112.31559420574276,6659.978281888776,Month-to-month,No,No internet service,Yes,No internet service,Yes,14,Pune,Premium,1
CUST_03334,35,54.13309232530291,7112.310933782852,One year,No,No,Yes,No internet service,Yes,18,Bangalore,Premium,0
CUST_03335,23,85.4886264476596,3872.250985910084,One year,DSL,No internet service,Yes,No internet service,Yes,3,Pune,Standard,0
CUST_03336,23,119.9486277427096,5030.480869307097,Two year,Fiber optic,No internet service,No internet service,No internet service,No,6,Delhi,Premium,0
CUST_03337,3,44.8331108110212,4546.64411620729,Month-to-month,DSL,Yes,No,Yes,No,3,Bangalore,Basic,1
CUST_03338,66,76.76024965947838,7984.259298383842,Two year,Fiber optic,No internet service,No,No internet service,Yes,14,Delhi,Standard,0
CUST_03339,33,89.03665485562574,6171.73922094832,One year,Fiber optic,No,No internet service,Yes,No internet service,1,Mumbai,Premium,1
CUST_03340,56,34.79197914967234,7866.757720952099,Month-to-month,DSL,No internet service,No internet service,No,Yes,11,Pune,Premium,0
CUST_03341,48,33.16460149701057,1884.1246339216455,Two year,Fiber optic,No,No internet service,Yes,Yes,5,Mumbai,Premium,0
CUST_03342,52,64.54340698913367,2649.428977244711,One year,DSL,No,Yes,Yes,Yes,5,Chennai,Standard,0
CUST_03343,22,57.352877219447514,619.4880795133341,Two year,No,No,No internet service,No internet service,No internet service,13,Delhi,Standard,0
CUST_03344,68,90.84997455944601,4258.219288693841,One year,DSL,No,Yes,No internet service,No,5,Hyderabad,Premium,0
CUST_03345,52,25.0898946877558,7430.620648551295,One year,Fiber optic,Yes,Yes,No internet service,No,0,Bangalore,Standard,0
CUST_03346,61,117.16099562155043,2790.31368506273,Month-to-month,Fiber optic,No,No,No,Yes,5,Pune,Basic,0
CUST_03347,40,19.4562521319549,1106.08883114423,Month-to-month,No,Yes,No internet service,Yes,Yes,17,Hyderabad,Basic,0
CUST_03348,56,79.33431608228742,598.5611343082275,Month-to-month,No,No internet service,Yes,No,Yes,15,Delhi,Standard,0
CUST_03349,59,75.38852477847361,3813.6973115456376,One year,No,No,Yes,Yes,No internet service,0,Hyderabad,Premium,0
CUST_03350,53,31.741004548712027,1409.2324379411702,Two year,DSL,No internet service,No internet service,Yes,Yes,18,Delhi,Standard,0
CUST_03351,69,33.39343023678004,2953.6543730034477,Month-to-month,DSL,Yes,Yes,No,No internet service,17,Chennai,Standard,0
CUST_03352,56,98.85310375505193,6973.06873215523,Month-to-month,Fiber optic,No,Yes,No,Yes,1,Chennai,Premium,0
CUST_03353,9,108.53137075809367,3275.4899005493216,Month-to-month,No,No,Yes,Yes,Yes,18,Hyderabad,Premium,1
CUST_03354,39,46.86773052014449,5190.9251286504095,Month-to-month,No,Yes,No internet service,No,Yes,16,Hyderabad,Basic,0
CUST_03355,6,62.67232432418198,4277.321593489116,One year,DSL,No internet service,Yes,No internet service,No,17,Pune,Basic,1
CUST_03356,37,54.209494185912064,6112.599390971848,Two year,Fiber optic,Yes,No,Yes,Yes,3,Delhi,Standard,0
CUST_03357,60,25.399795324638493,1342.5911821325583,One year,No,No internet service,No internet service,No internet service,Yes,17,Chennai,Basic,0
CUST_03358,2,86.66683309361257,7825.180871454054,One year,DSL,No internet service,No,No,Yes,4,Pune,Premium,1
CUST_03359,50,102.16967935018039,5477.293388819399,One year,DSL,No internet service,No,No internet service,Yes,11,Hyderabad,Premium,0
CUST_03360,46,49.097694453903124,2316.22955126247,Month-to-month,No,No,No,No,No internet service,14,Pune,Basic,0
CUST_03361,67,118.99793095033327,1063.4379524270166,Two year,No,Yes,Yes,No internet service,No internet service,14,Delhi,Standard,0
CUST_03362,37,25.736858842800203,1287.9722350879863,One year,Fiber optic,No,Yes,No,Yes,2,Delhi,Basic,0
CUST_03363,35,85.50265280908114,6656.546945932789,One year,No,Yes,No,Yes,No internet service,2,Hyderabad,Premium,1
CUST_03364,40,63.719257481661074,5006.34947220051,One year,DSL,No internet service,No,Yes,Yes,10,Bangalore,Basic,0
CUST_03365,68,63.553393912878896,3247.591821871631,Month-to-month,No,No,No internet service,Yes,Yes,19,Pune,Basic,1
CUST_03366,12,64.67985283542112,2841.664977357116,Month-to-month,No,No,No,Yes,No internet service,13,Mumbai,Premium,0
CUST_03367,57,44.3855409277457,7276.539393325297,One year,Fiber optic,No,Yes,No,No internet service,6,Delhi,Standard,0
CUST_03368,49,90.98740838788771,7437.7357267143525,Month-to-month,DSL,No internet service,No,No internet service,Yes,17,Chennai,Premium,1
CUST_03369,29,91.60080566067273,4948.264609872443,Two year,No,Yes,No,Yes,No,5,Pune,Basic,0
CUST_03370,61,46.804505230794355,4467.1827649708375,Month-to-month,DSL,No internet service,No internet service,No,Yes,5,Mumbai,Premium,0
CUST_03371,24,103.20125900756192,6943.112292893479,One year,Fiber optic,No,No,No,Yes,10,Delhi,Standard,1
CUST_03372,26,50.31818425233366,6373.860995015891,Two year,DSL,No,No internet service,Yes,No,2,Pune,Standard,0
CUST_03373,50,91.95949864662731,3413.5582049863015,Month-to-month,No,No internet service,No internet service,Yes,No internet service,13,Bangalore,Standard,0
CUST_03374,56,30.341976286230775,719.789524056769,One year,No,No,No,No,No,11,Mumbai,Standard,1
CUST_03375,46,35.20756756598206,6536.417910651082,Two year,Fiber optic,No,No,No internet service,Yes,13,Chennai,Basic,0
CUST_03376,38,50.211155739841615,1448.9221274711474,Two year,Fiber optic,Yes,Yes,No,No internet service,14,Mumbai,Basic,0
CUST_03377,15,78.57512430212188,156.90892075045326,Two year,Fiber optic,Yes,Yes,Yes,No,8,Pune,Basic,0
CUST_03378,21,83.84217151882733,7170.8932910802505,Month-to-month,DSL,Yes,No internet service,Yes,No,18,Hyderabad,Basic,1
CUST_03379,53,58.428329540682434,4922.7491161460475,Two year,DSL,Yes,No internet service,Yes,Yes,11,Delhi,Standard,0
CUST_03380,20,25.939593617272433,7581.1113134143025,Month-to-month,DSL,Yes,Yes,No internet service,No,6,Hyderabad,Standard,1
CUST_03381,71,56.11073451345788,4128.276121682196,One year,DSL,Yes,No internet service,No internet service,Yes,16,Bangalore,Basic,0
CUST_03382,15,88.25428662783345,7876.412696234121,Month-to-month,Fiber optic,No,Yes,No internet service,No internet service,13,Mumbai,Basic,1
CUST_03383,58,86.44153703529223,3020.3883663567226,Month-to-month,DSL,No,No internet service,No,No,14,Hyderabad,Premium,1
CUST_03384,30,34.34003414695516,6163.395623799473,One year,DSL,Yes,Yes,No,No internet service,13,Bangalore,Standard,0
CUST_03385,41,18.79396496743465,2570.9675715584476,Month-to-month,DSL,No internet service,Yes,No internet service,No internet service,18,Hyderabad,Basic,0
CUST_03386,31,94.80412496420391,27.870200829913053,Month-to-month,DSL,Yes,No internet service,No internet service,Yes,18,Chennai,Basic,0
CUST_03387,58,28.84955297129486,3238.993142044251,One year,Fiber optic,No,No internet service,Yes,No,13,Hyderabad,Basic,0
CUST_03388,33,26.399612684357123,6275.727082192563,Two year,Fiber optic,No internet service,No internet service,Yes,No internet service,7,Delhi,Basic,0
CUST_03389,8,18.275524117084675,1290.505090065331,One year,No,No internet service,No,No,No,12,Pune,Basic,0
CUST_03390,10,62.12533524760658,4299.730845665108,Two year,No,No internet service,No,No internet service,No,3,Hyderabad,Standard,1
CUST_03391,9,69.33291789188307,1818.9108345037646,Month-to-month,DSL,No,No internet service,No internet service,No,11,Hyderabad,Premium,1
CUST_03392,16,83.04173270715624,650.9617978768308,One year,DSL,No internet service,No internet service,No,No,0,Hyderabad,Premium,0
CUST_03393,67,48.19851175268376,5255.227710851691,Two year,Fiber optic,No,No internet service,No internet service,No internet service,4,Hyderabad,Premium,0
CUST_03394,47,90.46332107145156,8092.589372377464,Month-to-month,No,No,No internet service,Yes,No,3,Hyderabad,Standard,0
CUST_03395,51,35.27184945550804,2653.3931831653726,Month-to-month,DSL,Yes,Yes,No internet service,Yes,15,Mumbai,Basic,1
CUST_03396,24,102.86298541725543,4943.0376786531,Month-to-month,No,No,No,No,Yes,18,Mumbai,Premium,1
CUST_03397,20,76.32852954682545,8106.463765262239,Two year,No,No internet service,No internet service,No,No,19,Pune,Basic,0
CUST_03398,64,77.55676198394895,5535.399774654939,Two year,No,No,No,No internet service,No,18,Chennai,Premium,0
CUST_03399,62,39.39709220546903,5727.347030193032,Two year,Fiber optic,No,No,No,Yes,2,Mumbai,Standard,0
CUST_03400,50,25.5590924286396,1535.67163505901,Month-to-month,DSL,Yes,Yes,Yes,No,15,Bangalore,Premium,1
CUST_03401,35,65.40192991422849,4196.315296029676,Two year,DSL,Yes,No internet service,Yes,No internet service,6,Delhi,Premium,0
CUST_03402,65,80.79241909608061,3131.595860794026,One year,Fiber optic,No,No,Yes,No,4,Hyderabad,Basic,0
CUST_03403,14,27.69473878349193,4012.6560219807166,Two year,Fiber optic,No,Yes,No internet service,No,19,Hyderabad,Basic,0
CUST_03404,38,114.954516401873,6810.611021380002,Two year,Fiber optic,No,No internet service,No,No internet service,0,Hyderabad,Premium,0
CUST_03405,69,118.0022647437463,3925.6488140624056,Month-to-month,No,Yes,No internet service,Yes,No,10,Chennai,Standard,0
CUST_03406,0,73.63658293003418,551.0994529829571,One year,No,Yes,No,No,No internet service,16,Chennai,Standard,1
CUST_03407,22,114.90705383788743,7698.80436988162,One year,DSL,No internet service,Yes,No,No internet service,11,Bangalore,Basic,0
CUST_03408,38,36.30341423324701,4639.128357367615,One year,DSL,No internet service,Yes,No,Yes,17,Hyderabad,Premium,0
CUST_03409,56,20.59290988831154,7859.561149053936,Two year,No,No internet service,Yes,Yes,Yes,1,Chennai,Premium,0
CUST_03410,33,22.019772599619774,4872.71097101831,Month-to-month,No,No internet service,Yes,No,No,9,Hyderabad,Premium,0
CUST_03411,40,77.92627290153146,608.655232100464,Two year,Fiber optic,Yes,No internet service,Yes,Yes,18,Mumbai,Standard,0
CUST_03412,72,24.287472110556,4707.438195885592,Month-to-month,No,Yes,No,Yes,No,15,Hyderabad,Standard,0
CUST_03413,12,115.77165189605688,4901.417625402917,One year,DSL,No,No,Yes,No,7,Bangalore,Premium,1
CUST_03414,69,32.47718749745866,1836.0308565871192,Two year,DSL,No internet service,Yes,No internet service,Yes,1,Bangalore,Premium,0
CUST_03415,5,49.08172621740382,4013.2686913733232,Month-to-month,Fiber optic,No,Yes,No,Yes,4,Chennai,Standard,0
CUST_03416,51,101.89681580383154,3914.982903712311,Two year,Fiber optic,No,Yes,No internet service,No,3,Hyderabad,Basic,0
CUST_03417,2,40.31151295661749,5301.23549599276,Month-to-month,DSL,Yes,No,No internet service,No,3,Bangalore,Premium,1
CUST_03418,62,42.7827827623662,2220.046784952193,One year,No,No,No internet service,No internet service,No,0,Mumbai,Standard,0
CUST_03419,48,83.51551349068386,4952.390081036579,Two year,No,No,No internet service,No internet service,No internet service,14,Chennai,Basic,1
CUST_03420,46,46.160781025904754,2061.7552256465488,One year,DSL,Yes,Yes,Yes,No,12,Mumbai,Standard,0
CUST_03421,54,40.17965866878543,3804.748798833536,Two year,No,Yes,No internet service,Yes,No,16,Bangalore,Premium,0
CUST_03422,63,43.92612685917706,1058.7897417790382,Two year,No,Yes,No internet service,No,No,5,Pune,Standard,0
CUST_03423,64,68.04604493275414,334.383246961058,Month-to-month,DSL,Yes,No,No,Yes,19,Chennai,Premium,1
CUST_03424,66,116.54218701861117,2737.2215294218868,Month-to-month,DSL,No internet service,Yes,Yes,Yes,12,Hyderabad,Standard,1
CUST_03425,14,102.88827003924528,2346.9175890111073,Month-to-month,Fiber optic,No internet service,No internet service,No,No internet service,11,Pune,Standard,0
CUST_03426,31,47.030246985138064,3469.6304058498827,One year,DSL,No internet service,Yes,No,No,11,Delhi,Premium,0
CUST_03427,67,55.06406726680597,8177.536582842881,One year,Fiber optic,No,Yes,No internet service,No,19,Hyderabad,Premium,0
CUST_03428,17,65.38024955141589,4447.548878241926,Two year,Fiber optic,No internet service,No internet service,No internet service,No,9,Hyderabad,Premium,0
CUST_03429,42,117.85082399573302,4710.044821451968,Month-to-month,No,Yes,No,No internet service,No,1,Mumbai,Standard,1
CUST_03430,34,35.583827770243005,8004.660010994508,One year,DSL,No internet service,No internet service,No internet service,No,14,Hyderabad,Premium,0
CUST_03431,57,54.46327655617205,7831.170021053928,Two year,No,Yes,No,No internet service,No,18,Delhi,Standard,0
CUST_03432,32,92.40146158623692,7517.037592983344,One year,DSL,No internet service,No internet service,Yes,Yes,3,Chennai,Basic,0
CUST_03433,13,116.32226089543222,849.1914018960259,Two year,DSL,No internet service,Yes,No internet service,No internet service,13,Chennai,Standard,1
CUST_03434,33,33.87887170195224,5398.1106360334425,Month-to-month,No,Yes,No,No internet service,Yes,0,Pune,Premium,1
CUST_03435,60,41.192755327823264,6872.295552545967,Two year,Fiber optic,Yes,No,Yes,Yes,0,Delhi,Basic,0
CUST_03436,3,41.02085678782389,7105.344516992919,Two year,DSL,No,Yes,No internet service,Yes,17,Mumbai,Basic,0
CUST_03437,58,20.1350670081915,4919.808382701083,Month-to-month,Fiber optic,No,No internet service,No,No internet service,14,Pune,Basic,1
CUST_03438,28,79.61979374805685,166.39723377768635,Month-to-month,No,No,No,Yes,No,10,Delhi,Premium,1
CUST_03439,5,86.41171356288118,8277.032831725197,Two year,No,No internet service,No internet service,No,No internet service,17,Chennai,Basic,1
CUST_03440,48,79.45764079277583,4023.1724327943857,One year,DSL,No internet service,No internet service,No,Yes,9,Pune,Premium,0
CUST_03441,39,25.274944920107064,3356.4803837106597,Month-to-month,No,Yes,No internet service,Yes,Yes,3,Delhi,Basic,1
CUST_03442,64,25.061472826054434,3367.954989410545,Two year,DSL,Yes,Yes,Yes,Yes,13,Mumbai,Basic,0
CUST_03443,68,39.459428558400646,3615.6477646542166,Month-to-month,DSL,No,No internet service,No internet service,Yes,17,Pune,Basic,0
CUST_03444,26,47.61004060128929,2072.176851541291,Month-to-month,DSL,Yes,Yes,Yes,No,0,Hyderabad,Basic,0
CUST_03445,5,98.22745290282484,2794.4438136100566,One year,DSL,No internet service,No,Yes,Yes,6,Hyderabad,Basic,1
CUST_03446,12,34.257807106389954,8375.803246109337,Month-to-month,DSL,Yes,No internet service,No internet service,Yes,3,Chennai,Standard,1
CUST_03447,63,22.49740607254828,3140.8009781721908,Two year,No,Yes,No,No internet service,No,3,Mumbai,Basic,1
CUST_03448,61,58.18672578673162,4485.681589730678,Two year,DSL,Yes,No internet service,Yes,Yes,17,Hyderabad,Standard,0
CUST_03449,18,60.47200135447587,7213.231964001803,Month-to-month,Fiber optic,Yes,No,No internet service,No,8,Hyderabad,Premium,0
CUST_03450,42,63.99254849527333,4491.64269382538,Month-to-month,DSL,Yes,Yes,No internet service,No internet service,1,Hyderabad,Premium,0
CUST_03451,19,102.34416149075079,2770.0139221652976,One year,DSL,No,No,No internet service,No,4,Bangalore,Basic,0
CUST_03452,67,27.996552316836055,4460.455786222972,One year,DSL,No,No,No,Yes,5,Hyderabad,Premium,0
CUST_03453,43,89.80209240704013,985.6800851444245,One year,No,No internet service,No internet service,No internet service,No,2,Bangalore,Basic,0
CUST_03454,22,52.47044824661966,1120.7189942843538,Two year,Fiber optic,No,No internet service,No,Yes,18,Delhi,Standard,0
CUST_03455,1,49.61797391641794,5905.420088380533,One year,Fiber optic,Yes,No internet service,Yes,Yes,4,Chennai,Premium,0
CUST_03456,21,113.11939886076995,7799.901294877163,Two year,Fiber optic,No,No internet service,No,No internet service,8,Chennai,Basic,0
CUST_03457,56,43.34378949050769,6173.201928249612,One year,No,No internet service,Yes,No,Yes,19,Pune,Basic,0
CUST_03458,71,83.53824720461536,650.8695072557038,Two year,No,No,No,No,Yes,5,Pune,Premium,0
CUST_03459,6,46.06303125236139,3435.36057276499,Month-to-month,DSL,No internet service,No,No,Yes,4,Bangalore,Premium,1
CUST_03460,55,69.72867602931927,39.65953568971659,Two year,No,No internet service,Yes,No,No,5,Mumbai,Premium,0
CUST_03461,66,98.20187504482034,4354.055596888018,Month-to-month,Fiber optic,No internet service,No,No,Yes,14,Pune,Basic,1
CUST_03462,15,107.93569739865858,1656.7604407678634,Two year,Fiber optic,Yes,No internet service,Yes,Yes,10,Pune,Basic,1
CUST_03463,50,103.54711851009513,7381.619874516466,Two year,No,No internet service,No internet service,Yes,Yes,17,Bangalore,Basic,0
CUST_03464,71,77.38243508675326,902.9699184355569,Month-to-month,No,No,No internet service,Yes,No internet service,18,Hyderabad,Standard,0
CUST_03465,11,43.37926416449866,30.158087324111886,Two year,Fiber optic,No,No,No,No internet service,11,Pune,Basic,1
CUST_03466,52,85.4458050927103,3844.6207376909156,Two year,Fiber optic,No,Yes,No internet service,No,11,Mumbai,Basic,0
CUST_03467,4,90.41031466952002,1336.3852838981197,One year,Fiber optic,No internet service,Yes,No,No internet service,6,Chennai,Basic,0
CUST_03468,26,19.090582991577143,6277.600494457921,Month-to-month,Fiber optic,No internet service,No,Yes,No internet service,15,Delhi,Premium,1
CUST_03469,11,62.79947211505121,7820.886394969792,Month-to-month,Fiber optic,Yes,Yes,No,No,11,Delhi,Basic,1
CUST_03470,16,104.01272836781996,373.7182373143747,One year,No,No internet service,Yes,Yes,No internet service,3,Bangalore,Standard,0
CUST_03471,5,67.93793481679083,3373.327473272332,One year,No,No,No internet service,No internet service,Yes,9,Pune,Standard,0
CUST_03472,4,49.76029510065875,8472.984627033795,Month-to-month,DSL,Yes,No,No internet service,Yes,16,Bangalore,Premium,1
CUST_03473,56,106.9233726445156,6232.52364954567,Month-to-month,DSL,No,Yes,Yes,Yes,14,Bangalore,Standard,1
CUST_03474,27,33.89983114804018,8102.937593912656,Month-to-month,DSL,Yes,No,Yes,No internet service,7,Bangalore,Standard,0
CUST_03475,68,39.05741370645244,1409.7544252034315,One year,No,No internet service,No internet service,No,No,13,Chennai,Basic,0
CUST_03476,58,88.1119814274856,1895.64812161075,One year,DSL,Yes,No internet service,No,No internet service,17,Hyderabad,Basic,1
CUST_03477,32,53.948466035710645,1331.1089427422776,Two year,DSL,No internet service,Yes,No,No,7,Chennai,Basic,0
CUST_03478,61,90.72771724484545,2582.6941444875083,One year,No,No internet service,No,No internet service,Yes,13,Delhi,Basic,0
CUST_03479,49,34.08576936846818,6162.225667567018,Two year,Fiber optic,No,No,No internet service,No,15,Delhi,Basic,1
CUST_03480,18,43.73144713928629,1417.0775765509522,Two year,No,No internet service,No internet service,No internet service,Yes,18,Delhi,Standard,0
CUST_03481,68,33.97803259309062,4464.553109326053,One year,No,No internet service,No internet service,No,No internet service,6,Hyderabad,Basic,0
CUST_03482,65,115.19685198347798,2301.4385339283244,One year,Fiber optic,No internet service,No internet service,Yes,No internet service,16,Hyderabad,Standard,1
CUST_03483,46,59.35120400679426,7051.238598639316,One year,DSL,No,Yes,Yes,No,4,Mumbai,Premium,0
CUST_03484,38,52.39643081084305,73.9167820848807,One year,No,No internet service,No,No,No internet service,12,Hyderabad,Standard,0
CUST_03485,67,19.448619929418,1910.4610783249718,Month-to-month,No,No,Yes,No,No,17,Delhi,Basic,1
CUST_03486,32,33.648593099910514,5151.6521057272475,One year,Fiber optic,Yes,No,Yes,No internet service,17,Hyderabad,Basic,1
CUST_03487,12,60.95585733673495,838.2984777421326,Two year,No,No,No internet service,Yes,No internet service,18,Hyderabad,Basic,0
CUST_03488,53,24.987284842333196,3973.2602156538837,Two year,DSL,No,Yes,No internet service,No internet service,17,Hyderabad,Premium,0
CUST_03489,6,70.09541160963413,3717.9102887634594,Month-to-month,Fiber optic,No internet service,Yes,No,No,19,Bangalore,Premium,0
CUST_03490,13,64.41157472337368,7249.100143862199,Month-to-month,No,No,Yes,No internet service,No,19,Pune,Standard,0
CUST_03491,18,96.25115031512391,5322.61899244091,One year,DSL,Yes,No internet service,No internet service,No,16,Pune,Standard,0
CUST_03492,53,85.2998755428323,5443.952891233508,Month-to-month,DSL,No,Yes,Yes,No internet service,3,Hyderabad,Basic,0
CUST_03493,19,63.48662514269853,8091.232078375705,One year,No,No internet service,Yes,No,Yes,16,Bangalore,Basic,0
CUST_03494,28,40.91539141071729,8350.380703492867,One year,DSL,Yes,No internet service,Yes,No,18,Delhi,Basic,0
CUST_03495,23,92.14008373381624,5560.094118120377,Month-to-month,Fiber optic,No internet service,No,No internet service,Yes,7,Mumbai,Standard,1
CUST_03496,62,90.20193455232882,4445.616300189724,Month-to-month,DSL,No internet service,Yes,No,No,19,Chennai,Basic,0
CUST_03497,56,33.63620837256951,5174.3779358991105,Two year,Fiber optic,No,No internet service,No internet service,No,0,Pune,Standard,0
CUST_03498,7,111.30468680539107,3261.8875062693883,Month-to-month,Fiber optic,No internet service,Yes,No internet service,Yes,6,Mumbai,Standard,0
CUST_03499,61,24.569321833534403,8393.607025055377,Month-to-month,Fiber optic,Yes,Yes,Yes,Yes,7,Chennai,Basic,0
CUST_03500,28,23.613846307057052,5997.990323052356,Month-to-month,No,Yes,No,No,No internet service,4,Pune,Basic,1
CUST_03501,16,37.109742601567554,2486.3196299240744,Two year,DSL,Yes,No internet service,No,Yes,8,Delhi,Standard,0
CUST_03502,65,110.76500140097467,507.9737478810843,One year,No,Yes,No,No,No,6,Bangalore,Standard,0
CUST_03503,5,71.03980865176602,397.3314030669911,Two year,No,No,No,No,Yes,3,Hyderabad,Standard,0
CUST_03504,57,98.36997390863581,1756.0719008261053,Month-to-month,Fiber optic,Yes,No internet service,No internet service,Yes,7,Bangalore,Standard,0
CUST_03505,68,41.24000518380306,1993.5685261748924,Month-to-month,No,No,No,Yes,Yes,1,Chennai,Premium,1
CUST_03506,27,68.00264141468156,3538.4158797169816,Month-to-month,DSL,No internet service,Yes,No,Yes,4,Pune,Basic,0
CUST_03507,61,54.54552528963599,1840.323870698705,One year,No,No internet service,No internet service,No internet service,No internet service,2,Hyderabad,Standard,0
CUST_03508,40,102.43851792075165,5369.382274569318,Two year,No,No,No internet service,Yes,No,4,Chennai,Premium,0
CUST_03509,68,20.305652814641114,1809.8626267353545,Two year,Fiber optic,No internet service,Yes,Yes,No,0,Chennai,Premium,0
CUST_03510,40,42.87195845654274,1611.5688032988003,One year,Fiber optic,No internet service,Yes,Yes,No,6,Pune,Standard,0
CUST_03511,48,33.562570878842635,4015.0321729327375,Two year,No,Yes,Yes,No,No internet service,9,Hyderabad,Premium,0
CUST_03512,48,105.63728194960008,7555.687059464631,One year,Fiber optic,No internet service,No,No internet service,Yes,15,Mumbai,Premium,0
CUST_03513,70,65.6894726687641,3990.1671439455754,One year,No,No internet service,No,Yes,No,0,Mumbai,Premium,0
CUST_03514,2,59.23044447710805,3528.2650514611205,Two year,DSL,No,No,Yes,No,16,Pune,Basic,1
CUST_03515,9,63.847241734310145,4921.40100507325,Two year,DSL,Yes,No,Yes,Yes,3,Pune,Standard,1
CUST_03516,34,117.13630417163819,2199.686423171313,One year,Fiber optic,No internet service,No,No internet service,No,15,Chennai,Basic,0
CUST_03517,1,104.72727422226426,3015.848855187865,Two year,DSL,No internet service,No,No internet service,Yes,8,Delhi,Premium,1
CUST_03518,23,90.04961472873137,1831.7506385686015,One year,DSL,No,No internet service,No,No internet service,7,Bangalore,Premium,0
CUST_03519,37,47.62885384077197,4868.092374262373,Two year,No,No internet service,No internet service,No,No,18,Mumbai,Premium,0
CUST_03520,21,34.84764595088167,5933.2412972300845,Two year,Fiber optic,Yes,No internet service,No internet service,No,16,Hyderabad,Basic,0
CUST_03521,25,111.98623016049424,5732.311872882031,Two year,DSL,Yes,No internet service,No,Yes,9,Chennai,Standard,0
CUST_03522,42,61.15370332524125,2179.3647319771094,Two year,Fiber optic,Yes,No internet service,No internet service,No internet service,16,Bangalore,Premium,0
CUST_03523,54,46.433091545800174,6630.9760811542565,Two year,Fiber optic,No,No internet service,No,No,15,Pune,Basic,0
CUST_03524,38,66.03392429459882,2188.9989886499084,Month-to-month,Fiber optic,Yes,No,No,Yes,8,Bangalore,Basic,0
CUST_03525,28,111.62043712767591,1292.9425778531654,Month-to-month,DSL,Yes,No internet service,No internet service,No internet service,4,Chennai,Basic,0
CUST_03526,19,57.4808659659119,2985.0778063647826,Two year,Fiber optic,Yes,Yes,Yes,Yes,1,Bangalore,Basic,0
CUST_03527,40,75.38938171930614,5088.065364347429,Two year,Fiber optic,Yes,No internet service,Yes,No,13,Delhi,Standard,0
CUST_03528,53,99.90256271307382,1222.4594270989037,Two year,No,Yes,Yes,No,No,16,Chennai,Premium,0
CUST_03529,19,61.567518166935905,5515.074884903926,One year,No,Yes,Yes,Yes,No,12,Pune,Premium,0
CUST_03530,18,41.82126379648957,7338.54274422211,Month-to-month,No,No,No internet service,Yes,Yes,12,Bangalore,Standard,1
CUST_03531,65,119.44162633506942,2504.417808008954,One year,No,Yes,No,No,No internet service,12,Bangalore,Premium,0
CUST_03532,29,115.57022746012028,3836.6525178884435,Month-to-month,Fiber optic,No internet service,No,Yes,No,17,Pune,Basic,0
CUST_03533,52,104.03487525080243,1954.5290301527607,Month-to-month,No,No,Yes,No internet service,No,0,Mumbai,Premium,1
CUST_03534,33,88.2141356973641,3082.2219859750894,Two year,No,No internet service,No,No internet service,Yes,3,Bangalore,Basic,0
CUST_03535,21,48.07629406310909,204.3543815468679,Two year,DSL,No internet service,Yes,Yes,No,4,Bangalore,Standard,0
CUST_03536,66,111.16811969273127,8107.872018677199,One year,No,Yes,No,No internet service,Yes,10,Mumbai,Premium,1
CUST_03537,5,46.106780352365334,3545.580788465839,One year,No,No internet service,No,No internet service,No,1,Chennai,Premium,1
CUST_03538,26,99.68256845703691,6709.196271476957,Two year,DSL,No internet service,No,Yes,No internet service,1,Mumbai,Standard,1
CUST_03539,9,111.66233313001325,1227.9016356579148,Two year,Fiber optic,No internet service,No,No internet service,No,15,Hyderabad,Basic,1
CUST_03540,72,79.50639172385098,6908.3954840595825,Month-to-month,Fiber optic,Yes,No internet service,No,Yes,2,Hyderabad,Premium,0
CUST_03541,47,99.91173422490024,7313.769491581389,Month-to-month,DSL,Yes,No internet service,No,No,5,Delhi,Basic,1
CUST_03542,69,98.75290011857815,6086.677005528895,Two year,DSL,Yes,No internet service,No,Yes,19,Bangalore,Premium,0
CUST_03543,58,37.70209061433995,7679.013012509245,Month-to-month,Fiber optic,No,Yes,Yes,Yes,3,Pune,Standard,1
CUST_03544,58,86.12829630680064,1436.1660521487327,One year,No,Yes,No internet service,No internet service,Yes,4,Hyderabad,Premium,1
CUST_03545,1,27.533729564253242,4059.5188717850747,Month-to-month,DSL,Yes,No internet service,Yes,No internet service,6,Chennai,Basic,0
CUST_03546,28,69.8007146000231,5277.769050561046,Two year,DSL,No internet service,No internet service,Yes,No internet service,6,Chennai,Premium,0
CUST_03547,67,34.54802591033891,5074.908777456088,Month-to-month,DSL,Yes,No,No internet service,No,16,Pune,Standard,1
CUST_03548,64,60.46764887723603,7321.349206652061,Two year,Fiber optic,No internet service,No,No internet service,Yes,5,Hyderabad,Basic,0
CUST_03549,25,102.96417161924064,1847.4941831460164,Month-to-month,Fiber optic,Yes,No,No internet service,No internet service,3,Mumbai,Standard,0
CUST_03550,9,118.69111964228085,1507.8109875946648,One year,Fiber optic,Yes,No,Yes,Yes,1,Pune,Basic,0
CUST_03551,52,50.43190282928101,2167.157241585144,One year,Fiber optic,Yes,No,Yes,No,5,Delhi,Basic,1
CUST_03552,58,72.25948127588401,7580.127519119969,Two year,Fiber optic,Yes,No internet service,No,Yes,6,Mumbai,Premium,0
CUST_03553,21,70.15239848578983,7999.791715101549,Two year,No,Yes,No internet service,Yes,No internet service,1,Delhi,Standard,0
CUST_03554,50,115.34895400276874,4849.602544418117,Two year,No,Yes,No,No internet service,No internet service,17,Pune,Standard,1
CUST_03555,47,66.81554070814289,4270.636749027149,Month-to-month,Fiber optic,Yes,No,Yes,Yes,9,Hyderabad,Premium,0
CUST_03556,20,89.30883295076917,5152.880727163351,Month-to-month,Fiber optic,No internet service,No internet service,No,Yes,6,Mumbai,Basic,1
CUST_03557,21,112.02250177706966,5245.521485999659,Month-to-month,Fiber optic,No,No internet service,No internet service,Yes,8,Hyderabad,Premium,0
CUST_03558,29,56.08461307275769,1462.5245073307315,One year,DSL,No,No,No,Yes,18,Delhi,Standard,0
CUST_03559,24,110.01646830102953,5840.137097927391,Two year,DSL,Yes,Yes,Yes,Yes,18,Chennai,Basic,0
CUST_03560,27,111.58053463288337,3854.842050119346,Month-to-month,Fiber optic,No,No,Yes,Yes,1,Pune,Standard,1
CUST_03561,64,112.92757540464733,4406.433774949119,One year,Fiber optic,No internet service,No internet service,No,No,11,Mumbai,Basic,0
CUST_03562,44,45.58551091808549,275.1454379707888,Two year,DSL,No internet service,Yes,No,No,18,Hyderabad,Basic,0
CUST_03563,67,58.83627061553577,6502.9693571282,One year,DSL,No internet service,No,No internet service,No internet service,5,Delhi,Premium,0
CUST_03564,6,106.7803826390216,7104.099967474173,Two year,DSL,No,No internet service,No internet service,Yes,0,Chennai,Standard,0
CUST_03565,48,54.63450607660271,5271.933620472824,Month-to-month,DSL,No,No internet service,No,No,14,Mumbai,Premium,0
CUST_03566,8,79.22580935921752,6368.673874586292,One year,DSL,No,No internet service,No internet service,Yes,18,Delhi,Premium,0
CUST_03567,35,30.0415597405253,4451.5923189057685,One year,Fiber optic,Yes,No,No,No internet service,13,Mumbai,Premium,0
CUST_03568,0,23.74004878734656,5262.873360496108,One year,Fiber optic,No internet service,No,No,No,12,Mumbai,Standard,1
CUST_03569,9,60.0233869282016,3364.75714636519,Two year,DSL,No internet service,Yes,Yes,Yes,4,Bangalore,Standard,0
CUST_03570,35,77.04948632445718,6734.677516260232,Two year,Fiber optic,Yes,No internet service,No,Yes,1,Hyderabad,Basic,0
CUST_03571,72,58.05530956261202,3989.8740305034266,One year,DSL,No,No internet service,No internet service,Yes,14,Bangalore,Basic,0
CUST_03572,45,76.92904855640589,5787.565855280962,Two year,DSL,No internet service,Yes,No,Yes,15,Mumbai,Basic,0
CUST_03573,31,70.53860636952207,5288.963989450638,One year,DSL,No,No,Yes,Yes,6,Delhi,Basic,0
CUST_03574,31,87.94213738717974,5975.03174494793,Month-to-month,Fiber optic,Yes,No internet service,No internet service,Yes,5,Hyderabad,Premium,0
CUST_03575,5,84.25230796866977,6678.201052812144,One year,Fiber optic,No,Yes,No,No internet service,16,Delhi,Basic,1
CUST_03576,47,61.273061727071166,4366.8357508717845,One year,Fiber optic,Yes,No internet service,Yes,Yes,0,Delhi,Standard,0
CUST_03577,37,61.34951452282605,6914.425381586581,Two year,Fiber optic,No,No,No internet service,Yes,5,Pune,Basic,1
CUST_03578,16,32.35939068124766,4235.735886537787,Two year,No,Yes,No,Yes,No,5,Chennai,Standard,0
CUST_03579,26,70.35033435383883,8132.1723265319115,Two year,DSL,No internet service,Yes,Yes,Yes,3,Mumbai,Premium,0
CUST_03580,53,77.89227106984106,6402.161771750685,Month-to-month,DSL,Yes,Yes,No internet service,Yes,7,Delhi,Premium,1
CUST_03581,49,66.60191853009027,1469.623473146116,Month-to-month,Fiber optic,No,No internet service,Yes,No,8,Mumbai,Standard,0
CUST_03582,34,51.2221481788739,7054.535486104624,Month-to-month,Fiber optic,No internet service,No,Yes,No,9,Bangalore,Premium,1
CUST_03583,24,91.60815151367706,4696.566538961871,Two year,No,No,No,Yes,Yes,7,Pune,Standard,1
CUST_03584,27,25.615487753812854,8368.197845534325,One year,DSL,No,Yes,No internet service,No internet service,1,Pune,Standard,0
CUST_03585,14,111.27291771491282,6115.023128438859,One year,DSL,Yes,Yes,Yes,No,19,Bangalore,Standard,0
CUST_03586,3,20.105630833670915,733.8023124083608,One year,Fiber optic,Yes,No internet service,No,No,16,Delhi,Premium,0
CUST_03587,72,116.15971361070434,3368.0543469909785,Two year,Fiber optic,No,No,Yes,Yes,0,Pune,Basic,0
CUST_03588,26,65.16027129533558,4405.529965474647,Two year,No,Yes,No internet service,No,No,13,Mumbai,Premium,0
CUST_03589,25,60.0923342883612,7134.51338200144,Month-to-month,DSL,No,No internet service,Yes,Yes,4,Chennai,Premium,0
CUST_03590,18,44.15728978124519,6204.308822185132,Two year,No,Yes,Yes,No,No internet service,8,Hyderabad,Premium,0
CUST_03591,16,19.027255752892884,3150.9121189279213,One year,DSL,Yes,No,No internet service,No internet service,19,Bangalore,Premium,0
CUST_03592,42,46.02860697102358,5560.416055397299,Month-to-month,Fiber optic,No,Yes,Yes,Yes,16,Bangalore,Premium,0
CUST_03593,40,29.158792396954063,4911.358320794053,Month-to-month,No,No internet service,No internet service,No,No internet service,5,Chennai,Basic,1
CUST_03594,41,85.30172595472627,1087.1782291343152,Two year,Fiber optic,Yes,No internet service,No internet service,Yes,0,Delhi,Basic,0
CUST_03595,49,50.54564717671408,2010.0714340141296,Month-to-month,DSL,No,No,Yes,No,17,Bangalore,Standard,1
CUST_03596,39,96.25229149717347,2911.3994564428144,Month-to-month,DSL,No internet service,No,Yes,No,10,Bangalore,Basic,1
CUST_03597,38,39.10545110930393,1676.0902527752319,Two year,No,Yes,No,Yes,Yes,3,Hyderabad,Premium,1
CUST_03598,22,109.82395545807518,1291.4352803302766,Month-to-month,Fiber optic,Yes,No,No internet service,Yes,19,Chennai,Standard,1
CUST_03599,51,71.34411454079492,511.6334862450947,One year,DSL,No,Yes,No internet service,No,5,Chennai,Premium,0
CUST_03600,46,29.679632039836104,7423.655961494945,Two year,DSL,Yes,Yes,No,Yes,7,Mumbai,Standard,0
CUST_03601,62,58.886214036654856,2468.8180711778887,One year,No,No,Yes,Yes,No,18,Chennai,Premium,0
CUST_03602,68,39.08957345511568,2480.4993625645084,One year,No,No,Yes,No,Yes,14,Pune,Standard,0
CUST_03603,42,38.367913469154274,1767.2270616825786,One year,Fiber optic,Yes,No internet service,No,No,18,Hyderabad,Standard,0
CUST_03604,47,69.64971324052532,4050.3205081494552,One year,No,No internet service,Yes,No,No internet service,1,Pune,Basic,0
CUST_03605,33,86.53298559491,4379.800371917563,Month-to-month,DSL,Yes,Yes,No,No internet service,3,Chennai,Standard,0
CUST_03606,39,110.98505696134967,1784.6424838579287,Month-to-month,Fiber optic,No internet service,No,No,No,3,Mumbai,Basic,1
CUST_03607,60,69.22052509789265,5179.893605759484,Two year,Fiber optic,Yes,No internet service,Yes,No,11,Hyderabad,Basic,0
CUST_03608,49,116.51555505594968,6150.48565727418,Two year,Fiber optic,No internet service,Yes,No internet service,No,17,Bangalore,Basic,0
CUST_03609,66,114.0467549114836,3188.911609158963,One year,DSL,Yes,No internet service,No,No,11,Delhi,Standard,0
CUST_03610,61,106.23637805840477,4983.801292744795,One year,No,No internet service,No internet service,No internet service,No,18,Bangalore,Basic,0
CUST_03611,57,68.9976810261667,4278.524759604833,Two year,Fiber optic,No internet service,No internet service,No,No internet service,14,Mumbai,Basic,0
CUST_03612,32,32.37220225617432,1676.6415148564586,Two year,DSL,Yes,No internet service,Yes,No,9,Hyderabad,Standard,0
CUST_03613,15,40.22625592116926,6209.953206785969,Two year,No,Yes,No,No,Yes,6,Bangalore,Standard,0
CUST_03614,47,84.06234027662151,6815.924582003569,Two year,Fiber optic,No,No,No,No internet service,1,Mumbai,Premium,0
CUST_03615,9,61.019007988988,5521.063206410356,One year,No,No internet service,No internet service,No,No,12,Pune,Premium,0
CUST_03616,37,32.97376643890763,2765.2861075540573,Two year,No,Yes,No internet service,Yes,Yes,15,Bangalore,Standard,0
CUST_03617,18,66.85738123120967,7879.053937579693,Month-to-month,No,No,No internet service,No,No internet service,7,Delhi,Basic,0
CUST_03618,35,19.777915641208683,3880.349846974644,One year,DSL,Yes,No,Yes,Yes,0,Pune,Standard,0
CUST_03619,58,92.85732783175851,2273.1813130364,Month-to-month,Fiber optic,No internet service,No,No internet service,No,16,Bangalore,Standard,0
CUST_03620,62,25.505292037948468,3480.646053811835,Two year,Fiber optic,Yes,No internet service,No internet service,Yes,14,Bangalore,Premium,0
CUST_03621,45,82.16958923103614,5888.180929565436,Month-to-month,Fiber optic,Yes,No internet service,No internet service,Yes,13,Bangalore,Premium,0
CUST_03622,2,98.88705137781115,7193.1934059617515,Two year,DSL,No,No internet service,Yes,No internet service,6,Mumbai,Standard,0
CUST_03623,64,31.529675194304485,3042.4733849173253,Month-to-month,No,Yes,No internet service,No,Yes,18,Hyderabad,Basic,0
CUST_03624,7,70.90114644793329,1991.1205510515163,One year,DSL,No,No,No internet service,Yes,9,Chennai,Standard,1
CUST_03625,50,97.46488646466591,5331.914744226207,Month-to-month,Fiber optic,No internet service,Yes,No internet service,No internet service,19,Mumbai,Standard,0
CUST_03626,72,44.58461238521414,7831.746479101514,One year,No,No internet service,Yes,No,No,10,Pune,Premium,0
CUST_03627,5,34.61749248616515,1572.694309711014,Month-to-month,DSL,Yes,No,No internet service,Yes,19,Chennai,Basic,1
CUST_03628,38,52.3555493186806,6829.210400663227,Month-to-month,DSL,No,No,No internet service,No,4,Pune,Premium,1
CUST_03629,59,74.57931601149821,4060.5821133768404,One year,DSL,No internet service,Yes,No,No internet service,6,Chennai,Basic,0
CUST_03630,27,76.6785186751845,6799.465058606462,One year,DSL,Yes,Yes,Yes,No,11,Bangalore,Standard,0
CUST_03631,53,31.349386012684075,4306.000032377054,Two year,No,Yes,Yes,Yes,Yes,1,Pune,Standard,0
CUST_03632,36,64.6720224627451,3218.494181631424,One year,DSL,Yes,No internet service,No internet service,Yes,6,Delhi,Basic,0
CUST_03633,8,45.36478394502776,5927.7571637782585,One year,No,Yes,Yes,No internet service,No,4,Chennai,Basic,0
CUST_03634,55,103.88647024262498,7657.120712753919,Two year,DSL,Yes,Yes,Yes,No,11,Pune,Standard,0
CUST_03635,58,49.98466347053114,2734.3751769998757,One year,Fiber optic,No,No internet service,No internet service,Yes,3,Pune,Basic,0
CUST_03636,1,103.54786150245367,3926.0656810222617,One year,DSL,Yes,No internet service,Yes,No internet service,18,Chennai,Standard,1
CUST_03637,60,61.713590485382795,1963.7761156399038,Month-to-month,DSL,Yes,No,No internet service,Yes,2,Bangalore,Basic,1
CUST_03638,57,92.11174811429824,1573.6790704023692,Two year,Fiber optic,Yes,No internet service,No internet service,Yes,16,Delhi,Premium,0
CUST_03639,59,70.02614331150266,6616.064187770429,Two year,No,Yes,Yes,Yes,No,3,Bangalore,Basic,0
CUST_03640,39,81.4401876613596,1720.0330377513685,Month-to-month,DSL,Yes,No internet service,No,Yes,8,Chennai,Premium,0
CUST_03641,35,58.32636410786108,6746.924729258804,Two year,DSL,Yes,No,No internet service,No,1,Pune,Premium,0
CUST_03642,36,96.35709031636405,3658.6190337091234,Month-to-month,Fiber optic,Yes,Yes,No internet service,No internet service,9,Mumbai,Premium,1
CUST_03643,17,61.369317124513145,8458.003271944246,One year,No,No internet service,No,No,Yes,19,Pune,Premium,0
CUST_03644,62,64.66108795175384,1691.8499090985154,Two year,Fiber optic,No internet service,No,No internet service,No internet service,8,Chennai,Premium,0
CUST_03645,21,70.80322415955763,806.6393324937902,One year,DSL,Yes,No,No,No internet service,7,Mumbai,Premium,1
CUST_03646,10,102.84606007537032,657.8232963768497,Two year,No,No,No internet service,No,Yes,17,Hyderabad,Premium,1
CUST_03647,57,85.25665071734942,7104.01551607067,One year,DSL,Yes,No internet service,Yes,No,10,Delhi,Basic,0
CUST_03648,56,53.614359429706475,3731.218670396868,Two year,Fiber optic,No,No,No,No,18,Pune,Basic,0
CUST_03649,3,86.37260266611737,44.50073370900614,Two year,DSL,No,No,Yes,Yes,17,Hyderabad,Premium,0
CUST_03650,6,83.52751044687489,7437.810696753296,One year,Fiber optic,No,No,Yes,No,18,Bangalore,Premium,1
CUST_03651,60,112.96396613972985,7456.043980613203,Month-to-month,Fiber optic,No,No,Yes,No,16,Chennai,Premium,1
CUST_03652,53,103.8244764745857,6858.026229027385,Two year,No,No,No internet service,No internet service,No internet service,19,Hyderabad,Basic,0
CUST_03653,67,84.0395862226273,2124.237373016714,Month-to-month,Fiber optic,No internet service,No internet service,No internet service,No,16,Delhi,Basic,0
CUST_03654,0,52.833725289772445,3179.688571609762,Month-to-month,No,Yes,No,No,No,14,Mumbai,Standard,1
CUST_03655,54,97.5167977838495,6336.464242108093,Month-to-month,No,No internet service,No internet service,Yes,Yes,15,Mumbai,Standard,0
CUST_03656,2,76.6712458924057,4168.693209707138,Month-to-month,No,No internet service,Yes,No internet service,No internet service,16,Bangalore,Standard,1
CUST_03657,37,118.49753878629197,1322.7570237691723,Month-to-month,No,Yes,No internet service,No internet service,No,7,Bangalore,Basic,0
CUST_03658,0,43.24562511412001,2077.414879723717,Month-to-month,No,No internet service,No,No,Yes,6,Chennai,Basic,0
CUST_03659,37,26.12489577495047,8267.50445072671,Two year,Fiber optic,Yes,No internet service,No internet service,No,3,Hyderabad,Basic,0
CUST_03660,28,25.128964812570665,1298.893262016715,Month-to-month,Fiber optic,Yes,Yes,No internet service,No internet service,6,Chennai,Basic,0
CUST_03661,4,83.28309961187139,6176.616978144395,Two year,No,Yes,Yes,No internet service,No internet service,10,Mumbai,Premium,1
CUST_03662,20,113.80454334897543,4072.551277086209,Two year,Fiber optic,Yes,No internet service,No internet service,No internet service,2,Mumbai,Standard,0
CUST_03663,70,18.197055257733528,6367.639276321419,Two year,No,No,Yes,No internet service,No internet service,1,Pune,Standard,0
CUST_03664,66,92.0286467896933,5625.562511386742,One year,Fiber optic,No,Yes,No internet service,No internet service,0,Hyderabad,Standard,1
CUST_03665,46,85.02064861836044,3743.016110281793,Month-to-month,No,No internet service,No internet service,No,No internet service,5,Chennai,Premium,0
CUST_03666,34,92.69502760638552,3019.8716149617753,One year,DSL,Yes,No internet service,Yes,Yes,13,Bangalore,Premium,1
CUST_03667,67,54.25135148975823,6416.475195448656,Month-to-month,DSL,Yes,No internet service,No internet service,No internet service,3,Hyderabad,Standard,0
CUST_03668,68,101.69063735510122,2758.883711495848,One year,No,Yes,No,Yes,No,15,Pune,Premium,0
CUST_03669,0,22.560107004723918,6699.877694111237,Two year,Fiber optic,Yes,No,No,No,9,Bangalore,Basic,1
CUST_03670,67,95.05397226344681,5784.428888631857,One year,No,No,Yes,No,No,4,Hyderabad,Premium,0
CUST_03671,11,45.24133801760695,4917.7899019177385,Two year,Fiber optic,No,Yes,Yes,No,10,Bangalore,Standard,0
CUST_03672,59,66.6374530355233,3146.169105741286,One year,No,No,No internet service,Yes,No internet service,0,Delhi,Standard,0
CUST_03673,26,101.90889969883649,1757.500076574392,Month-to-month,No,No internet service,Yes,No,No internet service,16,Mumbai,Premium,0
CUST_03674,55,45.678621589495975,6043.7807541233105,Month-to-month,Fiber optic,Yes,No internet service,No internet service,Yes,13,Pune,Basic,1
CUST_03675,22,36.891166187677136,792.8241448608674,One year,Fiber optic,No,No,Yes,No internet service,6,Hyderabad,Basic,1
CUST_03676,24,87.49394490548418,8250.139416713155,One year,No,No,No internet service,Yes,No,13,Pune,Standard,0
CUST_03677,20,72.40627893369407,8319.739811768564,Month-to-month,DSL,Yes,Yes,No internet service,Yes,0,Delhi,Standard,0
CUST_03678,60,70.46919461211081,1122.5482285569321,One year,DSL,No,No internet service,Yes,Yes,5,Hyderabad,Premium,0
CUST_03679,62,44.19049058486714,899.5794094510676,One year,DSL,Yes,No internet service,No internet service,Yes,6,Mumbai,Basic,0
CUST_03680,51,21.55779119364282,3518.663279118261,Month-to-month,DSL,Yes,No internet service,No,Yes,10,Pune,Premium,0
CUST_03681,24,59.84745210983512,8191.961515313579,Two year,DSL,No,Yes,Yes,No internet service,9,Mumbai,Standard,0
CUST_03682,54,28.86906700771233,3413.4370472783003,Month-to-month,Fiber optic,No internet service,No internet service,No internet service,Yes,2,Bangalore,Premium,0
CUST_03683,45,110.41089336621862,3103.7694837230642,Month-to-month,DSL,Yes,No internet service,No internet service,No internet service,18,Pune,Standard,0
CUST_03684,31,22.207532994116512,5985.808470427577,One year,Fiber optic,No internet service,Yes,No,Yes,1,Mumbai,Standard,0
CUST_03685,54,62.028387126806905,1533.9983488007158,Month-to-month,DSL,No,No,Yes,No internet service,11,Pune,Premium,0
CUST_03686,4,23.329049537484444,3099.7097876725597,Month-to-month,Fiber optic,Yes,No,No internet service,No internet service,11,Pune,Premium,0
CUST_03687,35,27.745475205606162,2488.8697593002053,One year,DSL,Yes,Yes,Yes,No,0,Mumbai,Standard,0
CUST_03688,48,85.20440002604624,5120.216669152971,One year,DSL,No,No,No internet service,No internet service,13,Mumbai,Basic,0
CUST_03689,57,84.00534861935765,1398.4699808685377,Two year,Fiber optic,No internet service,No internet service,Yes,Yes,10,Chennai,Basic,0
CUST_03690,38,21.371323877702856,4672.084050052096,Month-to-month,Fiber optic,No,Yes,Yes,Yes,7,Chennai,Standard,1
CUST_03691,60,18.11541046232876,7291.710175844318,Two year,No,No,No internet service,No internet service,No internet service,8,Mumbai,Premium,0
CUST_03692,8,26.03944387876397,4379.194577173879,Two year,DSL,No,No internet service,No internet service,No internet service,17,Pune,Standard,0
CUST_03693,5,95.8258875666181,5815.418306225958,Two year,DSL,No internet service,Yes,Yes,No internet service,12,Pune,Basic,1
CUST_03694,34,77.62680022065373,656.2536859442266,Two year,Fiber optic,Yes,No internet service,Yes,No internet service,3,Chennai,Standard,0
CUST_03695,38,21.888061009226142,3826.4653231734187,Month-to-month,Fiber optic,Yes,Yes,No,No,15,Hyderabad,Standard,1
CUST_03696,21,67.78589561902838,822.8838461908964,Month-to-month,DSL,No,No internet service,No internet service,No,2,Pune,Standard,0
CUST_03697,40,90.62699441955404,5102.633934022424,Month-to-month,DSL,No,No,Yes,No,3,Delhi,Basic,1
CUST_03698,4,106.63304224928224,2401.903176296328,Two year,Fiber optic,No internet service,No internet service,Yes,No,3,Delhi,Basic,1
CUST_03699,41,113.27172204721907,2454.588778472006,One year,Fiber optic,No,No internet service,No internet service,No,7,Chennai,Premium,0
CUST_03700,66,51.3989374213148,669.1354644637265,Month-to-month,DSL,No internet service,Yes,Yes,No internet service,10,Delhi,Premium,0
CUST_03701,29,31.854907698153102,2649.437540740309,Two year,Fiber optic,No internet service,No,Yes,No,2,Chennai,Basic,0
CUST_03702,56,42.16644391460764,4315.6358162224,Two year,Fiber optic,No internet service,No internet service,No,No,18,Bangalore,Basic,0
CUST_03703,72,97.16949218810282,4977.086995102881,Two year,DSL,No,No internet service,No,No internet service,5,Pune,Standard,0
CUST_03704,28,117.09138993431569,583.4572059215332,Two year,No,Yes,No,No internet service,No internet service,2,Mumbai,Premium,0
CUST_03705,36,65.57214897075882,5543.676813243707,Two year,Fiber optic,No internet service,No,No internet service,Yes,3,Delhi,Premium,0
CUST_03706,12,49.14602778187456,4164.644202711142,Two year,No,Yes,No,No internet service,Yes,3,Mumbai,Standard,0
CUST_03707,31,61.77743935992351,4572.053723128539,Month-to-month,Fiber optic,No internet service,No,No,Yes,1,Delhi,Premium,1
CUST_03708,45,49.09094075380351,7081.781386898435,One year,No,No,No,No,No,15,Hyderabad,Basic,0
CUST_03709,22,44.16172736712974,2920.7647090758783,Month-to-month,Fiber optic,No internet service,No internet service,No,No internet service,4,Hyderabad,Basic,1
CUST_03710,44,78.56257674553231,1494.3015265982244,Month-to-month,No,No internet service,No,Yes,Yes,14,Chennai,Basic,1
CUST_03711,16,19.605069998101527,4698.453910346385,Two year,No,Yes,No,No,Yes,4,Mumbai,Basic,0
CUST_03712,65,44.474329363828794,8033.675904533895,Month-to-month,Fiber optic,No,No internet service,No,No,11,Chennai,Standard,0
CUST_03713,5,85.46097194018888,4410.570109894355,One year,No,No internet service,Yes,No internet service,Yes,18,Bangalore,Premium,1
CUST_03714,17,21.270395023294114,7074.279060881654,One year,DSL,No,No internet service,No,No internet service,14,Chennai,Standard,0
CUST_03715,21,26.486585283911367,6439.145885938482,Two year,DSL,Yes,Yes,No,No internet service,5,Pune,Standard,0
CUST_03716,32,47.926406768150045,4414.481735417391,One year,DSL,No,No,Yes,Yes,0,Pune,Basic,0
CUST_03717,29,107.53608945811645,5510.55962405633,Two year,No,No,Yes,No,No internet service,4,Chennai,Standard,0
CUST_03718,31,96.01838833686021,3467.4613215078575,One year,Fiber optic,Yes,No internet service,No internet service,Yes,18,Chennai,Standard,1
CUST_03719,41,20.25997620045684,4518.792540922397,One year,No,No internet service,Yes,Yes,Yes,10,Delhi,Standard,0
CUST_03720,9,69.17470730222618,4320.797776375163,Month-to-month,Fiber optic,No internet service,Yes,No,No internet service,13,Delhi,Basic,1
CUST_03721,35,46.01812438671651,6032.67409860783,One year,No,No,Yes,No,No internet service,13,Bangalore,Standard,0
CUST_03722,33,84.16185722433042,3495.46155077999,Two year,Fiber optic,No internet service,No,No,No,1,Mumbai,Basic,0
CUST_03723,72,91.59849602453305,864.2247340809919,One year,No,Yes,No internet service,Yes,No,4,Hyderabad,Basic,0
CUST_03724,27,106.01198286718682,6707.834172505149,One year,No,No,Yes,Yes,Yes,8,Mumbai,Premium,0
CUST_03725,10,66.49245618460945,5826.923174229856,Month-to-month,DSL,No,No,No,No internet service,16,Hyderabad,Standard,1
CUST_03726,38,119.43390903164962,8076.947149189374,Two year,No,No internet service,No internet service,No internet service,Yes,18,Delhi,Basic,0
CUST_03727,46,117.95858294328515,3654.3706035415726,Two year,DSL,No internet service,No internet service,No,No,14,Chennai,Premium,0
CUST_03728,18,107.98100589604539,681.3403819199053,Two year,Fiber optic,No internet service,No internet service,Yes,Yes,1,Pune,Premium,0
CUST_03729,14,76.63668850612322,1049.572242333027,Month-to-month,Fiber optic,No,No internet service,Yes,No internet service,8,Bangalore,Premium,0
CUST_03730,27,58.59665662538913,6577.2963654485075,One year,DSL,No internet service,No,Yes,No internet service,10,Bangalore,Basic,0
CUST_03731,23,55.167403634258065,592.7172725281016,Two year,No,No,No internet service,No internet service,No,5,Pune,Basic,0
CUST_03732,71,19.236724508949973,7718.181361290199,One year,Fiber optic,No internet service,Yes,No,Yes,14,Bangalore,Standard,0
CUST_03733,8,43.41579871872138,2406.956244005762,One year,No,No,No internet service,No,Yes,19,Mumbai,Basic,0
CUST_03734,46,91.31843996481479,7642.292022193833,One year,No,No,No internet service,Yes,No internet service,3,Delhi,Standard,0
CUST_03735,32,79.57047418909278,6578.885091529625,Month-to-month,No,No,No,No,No,14,Delhi,Basic,1
CUST_03736,61,111.47506329508843,7407.527189826114,One year,Fiber optic,No internet service,Yes,No internet service,No internet service,17,Chennai,Premium,0
CUST_03737,18,23.102271225488902,1833.4846655928493,Month-to-month,Fiber optic,No internet service,Yes,No internet service,No internet service,6,Pune,Basic,1
CUST_03738,66,33.83821352408772,5070.672231490686,Month-to-month,No,Yes,No,No,No,15,Pune,Standard,0
CUST_03739,39,98.50286651391727,811.8230182382883,Month-to-month,DSL,No,No,No,No internet service,2,Mumbai,Standard,0
CUST_03740,46,54.56777838192405,1733.745470268987,Two year,DSL,No internet service,Yes,No,Yes,11,Chennai,Premium,0
CUST_03741,64,30.071224039223548,2646.5906922747113,Month-to-month,DSL,Yes,Yes,No,Yes,6,Hyderabad,Premium,0
CUST_03742,28,119.6379515202091,6301.572401188016,Two year,No,Yes,No internet service,No,Yes,8,Delhi,Premium,1
CUST_03743,49,98.29953087227501,227.62736597311545,Month-to-month,DSL,No internet service,No,No,No internet service,9,Bangalore,Standard,0
CUST_03744,12,59.6915857493285,7678.240793321461,Month-to-month,Fiber optic,No,Yes,Yes,No,0,Pune,Basic,1
CUST_03745,0,101.98144264850632,618.5554033130019,Month-to-month,DSL,Yes,Yes,Yes,No,11,Chennai,Basic,1
CUST_03746,33,87.42159475215364,3211.3898369131275,Month-to-month,DSL,Yes,No,Yes,No,17,Hyderabad,Standard,1
CUST_03747,47,98.577425476123,705.8022274830506,One year,No,No,No,No internet service,No,0,Bangalore,Standard,0
CUST_03748,47,101.15105051169628,6540.385245202816,One year,Fiber optic,No internet service,Yes,No internet service,No,17,Bangalore,Standard,0
CUST_03749,48,26.642325695612428,1216.633604402183,Month-to-month,Fiber optic,No,No,No internet service,No internet service,6,Chennai,Standard,1
CUST_03750,63,81.54323454418576,7522.508112846165,One year,DSL,No,Yes,No internet service,No,16,Chennai,Basic,0
CUST_03751,60,18.692126403636415,4515.342890269324,Two year,No,No internet service,Yes,Yes,Yes,12,Chennai,Premium,0
CUST_03752,28,22.432537122719403,8062.946454620669,One year,No,Yes,No internet service,No,No internet service,9,Delhi,Basic,0
CUST_03753,38,110.20596092369577,2480.8412624391126,One year,DSL,No,No internet service,No,Yes,13,Pune,Standard,0
CUST_03754,25,71.81149957839416,3871.5096002325126,One year,Fiber optic,Yes,No,No,No,0,Pune,Premium,0
CUST_03755,16,93.06200255858954,5906.60273447948,Month-to-month,Fiber optic,Yes,No,No internet service,No,5,Mumbai,Basic,0
CUST_03756,70,103.52710102520089,7074.2887172268875,Two year,Fiber optic,Yes,Yes,Yes,Yes,3,Pune,Standard,0
CUST_03757,12,114.85785029158768,3591.9508182582367,Month-to-month,No,No internet service,No internet service,No,Yes,18,Chennai,Standard,1
CUST_03758,68,106.67399048812518,7587.612790091007,Two year,DSL,Yes,No,No internet service,No internet service,14,Pune,Standard,0
CUST_03759,25,67.29776776712399,1018.7675010075204,Month-to-month,No,No,Yes,No internet service,No,18,Delhi,Basic,1
CUST_03760,48,52.26897135281217,6029.06378494723,One year,Fiber optic,No,No internet service,No internet service,No,11,Mumbai,Basic,0
CUST_03761,66,33.75831009301589,2971.4237671362675,Two year,No,No,Yes,No,No,13,Hyderabad,Basic,0
CUST_03762,6,58.832791213702556,877.5275764126875,One year,Fiber optic,No internet service,No internet service,Yes,Yes,2,Mumbai,Standard,1
CUST_03763,57,55.38234507443867,3297.6887707945966,Two year,DSL,No,Yes,No,No,3,Delhi,Basic,0
CUST_03764,48,75.07663387949908,7483.988926886587,Two year,Fiber optic,No internet service,No internet service,Yes,No internet service,2,Delhi,Premium,0
CUST_03765,52,85.88195969323577,8334.888296270245,Month-to-month,DSL,Yes,Yes,Yes,No internet service,11,Pune,Premium,1
CUST_03766,64,117.78919859739483,3349.728387926293,Month-to-month,No,Yes,Yes,No,Yes,8,Mumbai,Standard,1
CUST_03767,61,92.29539098227471,7536.583801373674,One year,No,No internet service,No,No,Yes,18,Mumbai,Premium,0
CUST_03768,16,83.66235030917818,4340.888758563611,One year,No,No internet service,No internet service,No internet service,No internet service,15,Pune,Standard,0
CUST_03769,42,52.17942829537094,6099.721549465552,Two year,Fiber optic,No internet service,No internet service,No internet service,Yes,0,Delhi,Basic,0
CUST_03770,24,21.51939540282925,402.84040372656824,Two year,DSL,Yes,No,No,Yes,13,Delhi,Standard,1
CUST_03771,2,47.388763143178565,4745.1201463684865,Month-to-month,No,No internet service,No,No,No,12,Hyderabad,Standard,1
CUST_03772,28,96.38168584688101,613.1135429416208,Month-to-month,No,Yes,Yes,Yes,No internet service,11,Delhi,Basic,1
CUST_03773,31,38.93773796198778,2296.417512069606,Month-to-month,DSL,Yes,No internet service,Yes,No,4,Delhi,Standard,1
CUST_03774,25,90.64319575475967,4825.719112018132,Month-to-month,Fiber optic,No,Yes,No internet service,No internet service,19,Bangalore,Standard,1
CUST_03775,15,77.13754394208041,6864.363066788695,Month-to-month,No,Yes,Yes,Yes,No,2,Bangalore,Premium,0
CUST_03776,24,35.52940071454742,4775.499886744769,Two year,Fiber optic,No internet service,Yes,No,No internet service,1,Bangalore,Standard,0
CUST_03777,53,44.68573024176665,7958.776651739212,Two year,Fiber optic,No internet service,No,Yes,No internet service,10,Chennai,Premium,0
CUST_03778,27,68.6229675556206,6891.240329258237,One year,Fiber optic,No internet service,No internet service,Yes,No internet service,19,Pune,Standard,0
CUST_03779,72,60.67421992100044,1343.2289192634803,Two year,No,Yes,No,Yes,Yes,1,Chennai,Basic,0
CUST_03780,55,97.41351244976947,3317.1458750961647,Month-to-month,No,Yes,No,No,No,15,Delhi,Basic,1
CUST_03781,64,92.90927353941119,5688.093394416098,Two year,DSL,No,No internet service,No internet service,Yes,7,Bangalore,Premium,0
CUST_03782,40,76.60659935424775,7977.559960109999,Two year,DSL,No,No internet service,Yes,Yes,2,Pune,Standard,0
CUST_03783,50,101.87202057023836,8395.805998692298,Two year,Fiber optic,No internet service,No,No,No internet service,3,Hyderabad,Standard,0
CUST_03784,70,75.39229314979949,6491.34736680053,One year,No,Yes,No,Yes,No internet service,3,Hyderabad,Standard,0
CUST_03785,28,116.36770417904053,4884.711249924165,One year,Fiber optic,No internet service,No,Yes,Yes,7,Hyderabad,Premium,0
CUST_03786,18,40.15685811341031,6435.563388357647,Two year,DSL,No internet service,No internet service,No,Yes,5,Delhi,Premium,0
CUST_03787,65,90.84146334741958,2335.5913098932047,Two year,Fiber optic,No internet service,No internet service,Yes,Yes,13,Pune,Premium,0
CUST_03788,40,55.73430146955573,2423.5208772162046,Month-to-month,Fiber optic,No,Yes,No,No internet service,14,Bangalore,Premium,1
CUST_03789,44,46.45455183085977,5568.191154148825,One year,No,No internet service,No internet service,No internet service,No internet service,16,Delhi,Premium,0
CUST_03790,14,36.39952254870671,7412.90935902404,Month-to-month,Fiber optic,No,No,Yes,No internet service,4,Delhi,Premium,1
CUST_03791,2,74.35535457867746,8243.924087193833,Month-to-month,Fiber optic,Yes,No internet service,No,No,0,Hyderabad,Basic,1
CUST_03792,10,39.97788214041955,2913.200084250393,Two year,No,No internet service,No internet service,Yes,Yes,11,Bangalore,Basic,0
CUST_03793,52,38.435786847737404,6774.367831145399,Two year,No,No,No internet service,Yes,Yes,18,Chennai,Standard,0
CUST_03794,45,119.03425431854943,7240.684290448521,Two year,DSL,Yes,No,Yes,No,11,Mumbai,Standard,0
CUST_03795,29,99.7782365182676,5303.755447392274,Month-to-month,No,No,Yes,No,Yes,10,Delhi,Premium,0
CUST_03796,56,94.32423566594629,2966.274345072849,Month-to-month,Fiber optic,No internet service,Yes,No,Yes,8,Bangalore,Basic,1
CUST_03797,17,98.994183840041,5269.109210652381,Month-to-month,DSL,Yes,No,No,Yes,18,Mumbai,Premium,1
CUST_03798,50,116.83013311931174,4975.295606370251,Two year,DSL,Yes,No,No internet service,No,3,Mumbai,Basic,1
CUST_03799,47,76.47422225282676,5162.549340165836,Two year,DSL,Yes,Yes,Yes,No,12,Chennai,Basic,0
CUST_03800,65,40.464875495091775,5270.565133347453,Two year,DSL,No,No,No,Yes,9,Chennai,Basic,1
CUST_03801,7,105.94538335683038,7202.747574973717,Month-to-month,Fiber optic,No,No internet service,Yes,No internet service,0,Delhi,Basic,1
CUST_03802,21,93.75853440431719,1460.631395533496,Month-to-month,Fiber optic,No,No internet service,Yes,Yes,9,Delhi,Premium,1
CUST_03803,5,60.25944785808566,3133.3872636718556,One year,Fiber optic,Yes,Yes,Yes,Yes,17,Bangalore,Premium,0
CUST_03804,56,66.30408885461392,4988.466651388734,Two year,Fiber optic,No internet service,No internet service,No,No internet service,12,Chennai,Premium,0
CUST_03805,35,59.94774464484465,2421.185878903815,Month-to-month,DSL,No internet service,Yes,No internet service,Yes,6,Pune,Basic,0
CUST_03806,56,112.85410034335843,8314.69478151682,One year,Fiber optic,Yes,No,No internet service,Yes,7,Chennai,Standard,1
CUST_03807,48,53.040224372826,2250.0405019469563,Month-to-month,DSL,No internet service,Yes,No internet service,No,16,Pune,Premium,1
CUST_03808,44,116.27539642292959,4001.3921656085417,Month-to-month,No,Yes,Yes,No internet service,Yes,0,Bangalore,Premium,0
CUST_03809,65,110.84772066790289,7459.810317738245,Two year,Fiber optic,No internet service,No internet service,No,No internet service,15,Pune,Standard,0
CUST_03810,44,82.31315650931369,697.099986684039,One year,No,No internet service,Yes,No internet service,No,19,Chennai,Premium,1
CUST_03811,19,77.14182085620762,6979.075633763444,Month-to-month,No,No internet service,Yes,No internet service,No,3,Hyderabad,Premium,0
CUST_03812,63,55.749106567137034,4861.292985643151,One year,Fiber optic,No,Yes,No,No internet service,16,Mumbai,Basic,0
CUST_03813,66,19.87051567908629,287.7449102324445,One year,DSL,No,No,No,No internet service,12,Hyderabad,Standard,0
CUST_03814,2,31.017564996250833,7676.507149662136,Two year,No,Yes,No internet service,Yes,No,9,Mumbai,Standard,0
CUST_03815,53,94.93159498165396,350.46755833561247,One year,Fiber optic,No,No internet service,Yes,Yes,8,Pune,Standard,0
CUST_03816,63,66.09709291199286,4388.077347973106,Two year,No,Yes,Yes,No internet service,Yes,13,Bangalore,Premium,0
CUST_03817,39,33.28348968717275,433.8830316737073,Two year,No,No,Yes,Yes,No,16,Bangalore,Standard,0
CUST_03818,58,44.92400712145084,621.9192352606933,Two year,Fiber optic,No internet service,No,No,Yes,2,Mumbai,Basic,0
CUST_03819,54,114.67936378439397,7543.26699353544,One year,No,No,No internet service,Yes,No,0,Mumbai,Standard,0
CUST_03820,61,55.447549201647035,6513.732289335446,Month-to-month,DSL,No,No internet service,Yes,No internet service,0,Mumbai,Standard,0
CUST_03821,3,110.58355841235365,1688.4550314631695,Two year,DSL,No,Yes,No,Yes,19,Mumbai,Basic,0
CUST_03822,59,49.07285489394482,5280.809348803301,Month-to-month,No,Yes,No,No internet service,Yes,1,Delhi,Premium,0
CUST_03823,29,73.4084496254504,6758.47209943357,One year,No,Yes,No,Yes,No,15,Chennai,Basic,1
CUST_03824,1,20.088662502944185,7563.507820073746,Month-to-month,Fiber optic,No internet service,Yes,Yes,No,8,Chennai,Basic,1
CUST_03825,61,71.23126125810484,3990.179353449639,Month-to-month,DSL,No internet service,Yes,No internet service,Yes,13,Bangalore,Standard,0
CUST_03826,48,82.96808508228429,7630.593960117014,Two year,No,No internet service,Yes,Yes,Yes,0,Delhi,Standard,0
CUST_03827,8,41.89912013239215,4325.584316790357,Two year,DSL,No,Yes,No internet service,Yes,2,Mumbai,Standard,0
CUST_03828,30,77.05159197294641,5855.550253751176,Two year,No,No internet service,Yes,No,No internet service,17,Delhi,Standard,0
CUST_03829,60,84.01111274920052,8322.12702664403,One year,Fiber optic,Yes,No,No,Yes,0,Mumbai,Basic,0
CUST_03830,47,88.06237999493916,2019.3430759479759,Month-to-month,Fiber optic,No internet service,No,No internet service,Yes,10,Pune,Premium,1
CUST_03831,24,97.19313884625453,1447.3974637315796,One year,DSL,No internet service,Yes,No,No,4,Chennai,Premium,1
CUST_03832,35,49.756602778800485,2919.003673462295,One year,DSL,No internet service,Yes,No,No internet service,10,Mumbai,Standard,0
CUST_03833,7,75.91324955605157,1412.4325107136642,One year,No,No internet service,No internet service,No,No,5,Pune,Standard,0
CUST_03834,72,118.12106103598863,2428.268917988743,One year,No,No internet service,No,No,Yes,6,Chennai,Standard,1
CUST_03835,57,109.61070540784603,6320.001512829463,Two year,No,Yes,No,No,No internet service,12,Mumbai,Premium,1
CUST_03836,44,115.17187366603339,4068.358872684358,Month-to-month,DSL,No,Yes,No,Yes,15,Pune,Basic,0
CUST_03837,61,57.38591264991428,3199.1002599057574,Two year,Fiber optic,No internet service,No,Yes,No internet service,2,Bangalore,Basic,1
CUST_03838,38,98.2666668014595,3145.517012749277,Two year,Fiber optic,No,No,Yes,No internet service,14,Chennai,Premium,1
CUST_03839,57,81.22959107955548,1668.0032471022512,One year,DSL,No internet service,No,Yes,No internet service,7,Pune,Basic,1
CUST_03840,63,26.43897847234859,3812.943955262294,Two year,Fiber optic,No,No internet service,No,No internet service,19,Bangalore,Premium,0
CUST_03841,43,102.04599969402067,5316.15880879311,Month-to-month,DSL,Yes,No,Yes,No internet service,15,Delhi,Basic,0
CUST_03842,28,87.0643301884512,1198.3113063835738,One year,No,No,Yes,No internet service,No internet service,16,Mumbai,Basic,0
CUST_03843,58,38.28957067055721,8269.39869099036,Two year,DSL,No internet service,No,No internet service,No,12,Delhi,Standard,0
CUST_03844,70,26.13333285780506,3777.910938451554,One year,Fiber optic,No,No,No internet service,No,2,Mumbai,Premium,0
CUST_03845,8,103.37625732612973,8058.60449588533,Month-to-month,DSL,No,No internet service,Yes,Yes,2,Chennai,Premium,1
CUST_03846,5,26.04798660810251,1160.177015626339,One year,DSL,No internet service,No,No,No internet service,12,Mumbai,Standard,1
CUST_03847,28,27.318094267376537,6525.525714810674,Two year,DSL,No,No internet service,No internet service,No internet service,16,Pune,Standard,0
CUST_03848,57,61.59564536624016,5256.805944710348,Two year,DSL,No internet service,No internet service,Yes,No,13,Hyderabad,Premium,0
CUST_03849,16,31.749378498786662,6973.783861966871,Month-to-month,Fiber optic,Yes,No internet service,Yes,Yes,4,Hyderabad,Premium,0
CUST_03850,15,111.19429893915738,5112.95014250605,Month-to-month,No,No internet service,No,No,Yes,11,Hyderabad,Standard,1
CUST_03851,2,65.96896149885015,8184.780323165482,One year,Fiber optic,Yes,Yes,No,No,15,Bangalore,Premium,0
CUST_03852,20,76.0534000267663,5335.635789947052,Two year,Fiber optic,No,Yes,Yes,No,5,Hyderabad,Standard,0
CUST_03853,63,112.66682112676493,6673.012191171779,Month-to-month,No,No internet service,No,No,No internet service,8,Mumbai,Premium,0
CUST_03854,35,72.08684901511155,7461.648594628022,Month-to-month,Fiber optic,No,No internet service,No,No,15,Delhi,Standard,0
CUST_03855,61,54.066296887646494,6079.097002807122,Two year,No,Yes,Yes,No,No internet service,3,Bangalore,Premium,0
CUST_03856,41,99.30982079321484,4464.5753209687255,Month-to-month,No,Yes,No,No,Yes,5,Chennai,Premium,1
CUST_03857,41,63.170720142471495,2332.0344620713313,Month-to-month,DSL,No,Yes,No,No internet service,18,Bangalore,Basic,0
CUST_03858,60,50.48388141143515,7265.806346822067,Two year,Fiber optic,No internet service,No,Yes,No,0,Pune,Premium,1
CUST_03859,12,91.76940477776452,4094.26473930537,Month-to-month,No,No internet service,No internet service,No internet service,No internet service,7,Pune,Standard,0
CUST_03860,10,99.76377901453039,5282.847175773971,Two year,Fiber optic,No internet service,Yes,Yes,No internet service,5,Delhi,Basic,1
CUST_03861,53,98.75504909359569,689.9994943059619,Two year,Fiber optic,No internet service,No,Yes,No,2,Hyderabad,Standard,0
CUST_03862,15,117.72279024112818,4236.533922761941,One year,No,Yes,No,Yes,No internet service,13,Delhi,Standard,1
CUST_03863,7,98.2400287852462,5939.773136576326,Two year,DSL,No internet service,Yes,Yes,Yes,1,Bangalore,Standard,1
CUST_03864,58,96.533210466766,4972.097940058237,Month-to-month,No,No,No,Yes,No internet service,15,Bangalore,Standard,0
CUST_03865,56,105.46349588109446,3822.64228897967,One year,DSL,Yes,Yes,No,No,12,Bangalore,Premium,1
CUST_03866,39,18.018889920135166,1913.1105006706941,One year,No,No,No,No internet service,No,15,Delhi,Standard,0
CUST_03867,58,54.96800394115261,2644.6226371647335,Month-to-month,No,No,Yes,No,No,10,Mumbai,Basic,1
CUST_03868,1,93.23551579551105,5960.695805932638,One year,DSL,No,No internet service,No internet service,No internet service,10,Mumbai,Basic,0
CUST_03869,9,79.1713391332483,1919.5855075557815,Month-to-month,DSL,Yes,Yes,Yes,Yes,15,Pune,Standard,0
CUST_03870,43,36.112344268425005,5291.485151049936,One year,Fiber optic,No internet service,No,Yes,No,9,Hyderabad,Premium,1
CUST_03871,10,48.980775087031624,5020.154429701715,Month-to-month,No,No,No internet service,Yes,No,16,Pune,Basic,1
CUST_03872,1,52.352846330374895,8249.081060159378,Two year,Fiber optic,No,No internet service,Yes,Yes,11,Chennai,Premium,1
CUST_03873,49,75.91846733957624,533.55158795497,Two year,Fiber optic,No internet service,Yes,Yes,No,4,Delhi,Basic,0
CUST_03874,11,102.82302623698979,935.0959550851935,One year,DSL,No internet service,Yes,Yes,No internet service,11,Mumbai,Standard,1
CUST_03875,22,113.11416153732334,4310.599955607311,One year,DSL,No internet service,Yes,Yes,No,2,Hyderabad,Basic,0
CUST_03876,17,94.50942611107118,4488.945538649528,Two year,Fiber optic,No internet service,No internet service,No internet service,No,18,Chennai,Standard,0
CUST_03877,61,103.9809397980346,356.66640198546247,Month-to-month,DSL,No,No internet service,Yes,No internet service,9,Hyderabad,Premium,1
CUST_03878,61,65.94978776205464,7022.905679729873,One year,No,Yes,Yes,Yes,Yes,15,Hyderabad,Basic,0
CUST_03879,37,57.757082601473314,4214.244710908762,Two year,DSL,No internet service,No,Yes,Yes,18,Pune,Basic,0
CUST_03880,66,58.05627027871013,2958.232259004965,One year,DSL,No internet service,No internet service,No internet service,No,10,Pune,Standard,0
CUST_03881,37,80.83592989067563,2722.517682355377,Two year,No,No,Yes,No internet service,No internet service,15,Chennai,Premium,0
CUST_03882,66,30.67214396669252,7324.455713942566,Two year,DSL,No internet service,No,Yes,No internet service,9,Bangalore,Standard,0
CUST_03883,60,77.10840664460665,1686.6881730438256,Two year,Fiber optic,No,Yes,No,Yes,14,Mumbai,Standard,0
CUST_03884,0,85.84355173874,1378.6629774793917,Month-to-month,Fiber optic,No,No internet service,No internet service,Yes,2,Mumbai,Premium,1
CUST_03885,44,62.76869150103636,1826.1802848718878,One year,Fiber optic,No,No internet service,Yes,Yes,9,Chennai,Standard,0
CUST_03886,27,115.22305203065908,5319.441249183956,Month-to-month,DSL,No,Yes,No internet service,No internet service,11,Mumbai,Standard,0
CUST_03887,20,80.03775378271666,6896.315517440166,Month-to-month,DSL,No internet service,No,No,No internet service,8,Delhi,Premium,1
CUST_03888,12,40.43994616813577,2825.361280711339,Two year,DSL,Yes,No internet service,Yes,No internet service,18,Delhi,Basic,0
CUST_03889,26,66.88005825821867,1489.304668009843,Month-to-month,Fiber optic,No internet service,Yes,No internet service,No,0,Delhi,Premium,0
CUST_03890,6,86.89125258779998,1792.3849298259593,One year,DSL,Yes,Yes,No,No,12,Chennai,Premium,0
CUST_03891,21,51.01017070720886,5269.916809388412,One year,No,No internet service,No,No internet service,Yes,6,Pune,Premium,1
CUST_03892,52,26.123443841480363,2104.870788749098,Two year,DSL,No,No,No internet service,Yes,19,Hyderabad,Standard,0
CUST_03893,3,77.51043474051028,7459.090922322293,Two year,Fiber optic,No internet service,No internet service,Yes,No,6,Hyderabad,Premium,0
CUST_03894,22,114.68275719920736,899.2064681422111,One year,No,No,No,Yes,No,5,Bangalore,Standard,1
CUST_03895,69,67.47734252744372,292.54990543482234,One year,No,No internet service,No,No internet service,No,11,Bangalore,Premium,0
CUST_03896,32,110.42312622599786,767.6242822403872,Two year,Fiber optic,No,No internet service,No,No,3,Delhi,Premium,0
CUST_03897,27,103.17240601391279,7190.744947116769,Month-to-month,No,Yes,Yes,Yes,Yes,19,Delhi,Standard,0
CUST_03898,7,33.0361039306663,5541.728785804136,One year,No,No,No internet service,No internet service,No,9,Chennai,Standard,0
CUST_03899,0,90.23333202722823,8141.589978100517,Two year,No,No internet service,No internet service,No internet service,No,18,Delhi,Basic,1
CUST_03900,36,62.417483557341804,2870.467263050084,Two year,No,No,No,Yes,No internet service,1,Delhi,Basic,0
CUST_03901,62,43.52512517681956,1821.9358817782706,One year,No,Yes,No,Yes,Yes,3,Delhi,Standard,0
CUST_03902,21,88.06771227800371,4784.673979859221,Two year,DSL,Yes,Yes,No internet service,Yes,14,Mumbai,Basic,0
CUST_03903,69,93.75139330295498,4579.859463553082,One year,Fiber optic,No internet service,No,Yes,No internet service,5,Hyderabad,Standard,0
CUST_03904,20,36.349424510953554,5031.065467872719,Two year,Fiber optic,No,Yes,No internet service,Yes,0,Mumbai,Basic,0
CUST_03905,34,111.27335756973326,2965.7822230850784,Two year,DSL,No internet service,Yes,No,Yes,17,Pune,Basic,0
CUST_03906,4,94.61701888304698,68.01784539202528,Month-to-month,DSL,No,Yes,Yes,No,7,Delhi,Standard,0
CUST_03907,59,113.2043009124808,315.13848024231197,Two year,Fiber optic,Yes,No internet service,Yes,No,12,Delhi,Premium,0
CUST_03908,45,50.34146831389648,5648.576045785754,One year,Fiber optic,No internet service,No,No internet service,Yes,18,Mumbai,Standard,0
CUST_03909,49,113.81217160578466,4456.2747644547935,One year,DSL,Yes,No,Yes,No internet service,15,Mumbai,Basic,0
CUST_03910,47,55.588801099514846,6981.817504362102,Month-to-month,DSL,No,Yes,No,No internet service,0,Chennai,Basic,0
CUST_03911,5,23.504915665593956,2566.0764222296116,One year,No,Yes,No,No internet service,Yes,1,Chennai,Standard,1
CUST_03912,55,95.82287764832037,6934.8355161948275,Two year,DSL,No,Yes,No,Yes,18,Delhi,Basic,0
CUST_03913,58,89.75783069701076,3627.01816889599,Month-to-month,DSL,No internet service,No,No,Yes,13,Mumbai,Standard,1
CUST_03914,28,78.98692121085992,838.1957062040326,One year,No,No,No internet service,No,Yes,14,Pune,Basic,0
CUST_03915,70,67.96916192718575,8312.64587389427,Two year,No,No,No,No,No,1,Chennai,Basic,0
CUST_03916,17,21.280857572908403,4360.2405510123,Month-to-month,Fiber optic,No internet service,Yes,No internet service,No,12,Bangalore,Premium,0
CUST_03917,1,81.70891965505575,5357.236755428622,Two year,Fiber optic,No internet service,No internet service,Yes,Yes,19,Mumbai,Standard,0
CUST_03918,7,60.51713075272495,5707.701735804515,One year,DSL,Yes,No,No,No internet service,19,Hyderabad,Premium,1
CUST_03919,53,75.14135907957639,3091.9807233884017,One year,No,No,No internet service,No,No,10,Bangalore,Premium,0
CUST_03920,37,61.7907768806989,6358.535209070648,One year,No,No,Yes,No internet service,Yes,9,Bangalore,Basic,0
CUST_03921,47,116.5377255420503,7399.600159107327,One year,Fiber optic,Yes,Yes,No,No internet service,1,Pune,Standard,0
CUST_03922,26,79.6191079173864,3302.11993394235,Month-to-month,Fiber optic,No,No,No,No,16,Mumbai,Basic,0
CUST_03923,19,94.42210572145166,5590.681520408792,One year,DSL,No,Yes,No,No,2,Pune,Standard,0
CUST_03924,11,113.5073886420505,6439.924274974691,Month-to-month,No,No internet service,No,No,Yes,3,Delhi,Premium,1
CUST_03925,42,78.34313093750745,1630.6478641987874,Month-to-month,Fiber optic,No internet service,Yes,Yes,No internet service,4,Hyderabad,Basic,1
CUST_03926,60,19.230376817884878,2839.079987846596,Two year,DSL,No internet service,Yes,No,Yes,1,Chennai,Basic,0
CUST_03927,30,21.49775118767532,940.8063690032591,One year,DSL,Yes,Yes,No internet service,No,3,Pune,Premium,0
CUST_03928,60,89.6385202783899,5125.932193753261,Two year,DSL,No internet service,No,Yes,No internet service,11,Chennai,Premium,1
CUST_03929,66,46.46668388743092,6811.553535952502,Two year,Fiber optic,Yes,No,No internet service,No,5,Delhi,Standard,1
CUST_03930,34,77.09673218949078,5199.1334851534075,Two year,Fiber optic,No internet service,No,Yes,Yes,19,Hyderabad,Basic,0
CUST_03931,14,38.63227247124823,1542.926454347287,Two year,Fiber optic,No,No,Yes,Yes,14,Pune,Premium,0
CUST_03932,15,45.565385256294846,4652.297540883697,Two year,Fiber optic,No,Yes,No,No,6,Hyderabad,Standard,0
CUST_03933,12,69.47338770670368,7099.911447801007,One year,Fiber optic,No internet service,No internet service,No,Yes,5,Bangalore,Standard,0
CUST_03934,34,117.50808526232038,2585.7117203354546,Two year,No,No internet service,No,No internet service,Yes,13,Bangalore,Premium,0
CUST_03935,58,80.85958989933755,7080.5500421068955,Month-to-month,No,Yes,Yes,Yes,No,17,Hyderabad,Basic,1
CUST_03936,20,113.48710666032837,6673.174692937038,Month-to-month,No,No,Yes,Yes,No internet service,6,Pune,Premium,1
CUST_03937,53,115.85674514746864,202.40553207067623,One year,No,No internet service,No,No,No,5,Pune,Premium,1
CUST_03938,29,39.22721963489175,2049.0557330732277,Month-to-month,DSL,No internet service,No,Yes,No,5,Pune,Standard,1
CUST_03939,47,49.74174745183234,4623.23748597631,Two year,DSL,No,Yes,No,No internet service,5,Mumbai,Standard,0
CUST_03940,34,96.53921268430781,6104.830532503357,Month-to-month,No,No internet service,No,No,Yes,19,Pune,Standard,1
CUST_03941,37,106.40992823371707,7486.659918587297,Two year,Fiber optic,No,No,No internet service,No internet service,9,Mumbai,Premium,0
CUST_03942,30,70.96112790733183,5455.3209435482795,One year,No,No internet service,No internet service,No,No,3,Mumbai,Standard,0
CUST_03943,23,119.30905886261601,3244.079260538591,Month-to-month,No,No,No internet service,No,No internet service,9,Hyderabad,Premium,0
CUST_03944,48,19.18036427303757,1584.007967545909,Month-to-month,DSL,Yes,No,Yes,Yes,0,Chennai,Premium,0
CUST_03945,31,48.558450869691995,6464.624126032344,Month-to-month,Fiber optic,No internet service,No internet service,No internet service,No internet service,13,Mumbai,Standard,1
CUST_03946,54,81.56249888194714,1771.9211861871868,One year,DSL,No internet service,No internet service,No internet service,No internet service,17,Chennai,Premium,0
CUST_03947,57,65.86757091562325,5916.641683093695,One year,Fiber optic,No internet service,No,No internet service,No,8,Mumbai,Standard,0
CUST_03948,2,29.893502575737678,1555.036938542581,Month-to-month,DSL,Yes,Yes,No,No internet service,9,Hyderabad,Premium,1
CUST_03949,68,55.51428271901749,790.3187583248774,One year,No,No internet service,Yes,No internet service,No,18,Mumbai,Premium,0
CUST_03950,9,20.595608616093983,2147.8320974788257,Two year,Fiber optic,No internet service,Yes,No,Yes,3,Pune,Standard,0
CUST_03951,24,83.5600966996785,2434.774610464019,One year,DSL,No,Yes,No,No internet service,12,Chennai,Premium,0
CUST_03952,67,109.05973938562823,5507.627878785826,Month-to-month,No,No internet service,No internet service,No,No internet service,9,Delhi,Premium,1
CUST_03953,60,108.2571606259128,1382.6127251881437,Two year,DSL,No internet service,No internet service,No,No,12,Pune,Standard,0
CUST_03954,28,89.35353632408574,7908.8632359547855,Month-to-month,DSL,No,No,No internet service,No,11,Chennai,Basic,1
CUST_03955,18,65.50855994078861,4720.095823555163,Month-to-month,DSL,Yes,No,No internet service,Yes,2,Delhi,Standard,0
CUST_03956,42,70.22722510653196,4182.08294078526,Month-to-month,No,Yes,Yes,Yes,No,18,Pune,Basic,0
CUST_03957,65,31.965720047557618,3705.078870363575,One year,Fiber optic,No,Yes,No internet service,No,8,Chennai,Premium,0
CUST_03958,60,52.78374349815871,4823.912624831521,Month-to-month,DSL,Yes,No,Yes,Yes,12,Pune,Basic,1
CUST_03959,42,37.14826370082391,208.39517546623742,Two year,No,Yes,No,No internet service,No,7,Pune,Standard,0
CUST_03960,24,101.76242074169537,8415.912629179777,Two year,DSL,No internet service,Yes,No internet service,No,3,Mumbai,Premium,0
CUST_03961,19,111.30489793647189,4746.921758879764,Two year,Fiber optic,No internet service,No internet service,No internet service,No,8,Mumbai,Basic,0
CUST_03962,47,72.76617266485194,316.524008152988,Month-to-month,DSL,No internet service,No internet service,No,No,6,Chennai,Standard,1
CUST_03963,23,92.2319321323203,5022.190043062005,Two year,No,Yes,No internet service,No internet service,Yes,10,Mumbai,Basic,0
CUST_03964,10,30.389406632527002,3725.3020278130557,Two year,DSL,No internet service,No internet service,No internet service,Yes,14,Mumbai,Standard,0
CUST_03965,54,80.07053361427832,221.88774312448004,Two year,DSL,Yes,No internet service,Yes,No,12,Hyderabad,Premium,1
CUST_03966,27,89.68468418054029,7859.004675799686,Two year,Fiber optic,No internet service,No,No internet service,No internet service,2,Bangalore,Standard,0
CUST_03967,68,64.18234921016287,107.62820893008482,One year,Fiber optic,Yes,No,No,Yes,2,Bangalore,Basic,1
CUST_03968,62,42.813854616011255,4919.507563277681,Month-to-month,Fiber optic,No,Yes,No internet service,No internet service,19,Pune,Premium,1
CUST_03969,58,107.49220109522193,8175.909121365632,Month-to-month,DSL,No,No,Yes,No,10,Chennai,Premium,1
CUST_03970,4,93.77668943527969,2033.3613434100264,Two year,No,No internet service,No,No internet service,No,4,Bangalore,Standard,1
CUST_03971,50,109.7854427486179,2173.946907734187,Month-to-month,DSL,Yes,No,No internet service,Yes,19,Delhi,Premium,1
CUST_03972,20,101.47707004477799,21.58897644721235,Two year,DSL,No,No,Yes,No internet service,18,Chennai,Basic,0
CUST_03973,11,119.01819181704398,580.7906408020541,Two year,DSL,No,Yes,No internet service,Yes,11,Chennai,Premium,0
CUST_03974,49,37.60161878787379,398.7435069968614,Two year,DSL,No internet service,No,Yes,Yes,17,Delhi,Standard,0
CUST_03975,3,26.848272316005357,6995.770598245225,Month-to-month,Fiber optic,No internet service,No,Yes,Yes,3,Bangalore,Standard,1
CUST_03976,41,52.37428471640037,7115.208068272803,One year,Fiber optic,Yes,Yes,No,No,7,Delhi,Premium,0
CUST_03977,37,31.158425852372407,6181.870114053121,Month-to-month,Fiber optic,No,No,No,No internet service,13,Mumbai,Basic,1
CUST_03978,24,71.35927151643489,3009.983196169975,Month-to-month,Fiber optic,Yes,Yes,Yes,No,15,Chennai,Premium,0
CUST_03979,13,82.56894835158974,6983.88024395716,One year,No,Yes,No internet service,No,No,19,Hyderabad,Premium,0
CUST_03980,31,76.98543874768717,4596.367480700125,Month-to-month,DSL,No internet service,No internet service,No,No,7,Delhi,Standard,0
CUST_03981,10,44.44249380980756,2599.159765102709,One year,DSL,Yes,No,Yes,Yes,4,Chennai,Premium,0
CUST_03982,60,110.70005115881727,3726.9815556282592,Two year,DSL,Yes,No,No internet service,No,8,Pune,Basic,0
CUST_03983,17,20.1595811010086,575.8422237368708,One year,No,No,No,No internet service,No,1,Pune,Basic,0
CUST_03984,26,53.49736208387628,8032.715481012768,Two year,No,Yes,No,No internet service,No,7,Chennai,Basic,1
CUST_03985,54,91.33723249060222,5269.345451978307,One year,Fiber optic,No,No internet service,No,No,6,Delhi,Basic,0
CUST_03986,53,96.22675048761427,6220.328017301119,Two year,DSL,No,No internet service,No,No,17,Hyderabad,Basic,0
CUST_03987,20,60.44409153204971,5756.780147901393,Month-to-month,DSL,Yes,No,No internet service,No,8,Chennai,Premium,0
CUST_03988,43,19.724800952149444,5681.855368706958,One year,No,Yes,Yes,Yes,No internet service,10,Mumbai,Basic,0
CUST_03989,4,81.04045527062121,164.40767898759043,Month-to-month,DSL,No,Yes,Yes,Yes,11,Mumbai,Basic,1
CUST_03990,40,24.435657480688,4474.199195135069,Two year,No,Yes,No internet service,Yes,No,7,Mumbai,Premium,0
CUST_03991,58,29.001289167658477,6987.746159201781,One year,Fiber optic,No,Yes,No,Yes,16,Hyderabad,Premium,0
CUST_03992,53,84.32557340391138,395.60889767319077,One year,No,Yes,No,No internet service,No internet service,18,Bangalore,Basic,1
CUST_03993,21,49.87380926657119,8128.197330740311,One year,DSL,No,No,Yes,No internet service,0,Mumbai,Basic,0
CUST_03994,64,53.49907557624179,3615.7224312568,Month-to-month,No,No,No,No internet service,Yes,2,Delhi,Standard,1
CUST_03995,63,67.65432185229082,2476.8935635797307,Two year,No,No internet service,No,No internet service,No internet service,13,Bangalore,Basic,0
CUST_03996,70,117.81499627565614,4528.908789446959,Month-to-month,Fiber optic,Yes,No,No,No,17,Delhi,Basic,0
CUST_03997,3,116.47510651534847,6813.898741284634,One year,DSL,No,Yes,Yes,No internet service,1,Hyderabad,Standard,1
CUST_03998,64,60.45862193472766,4044.8724339215837,Two year,DSL,No,Yes,No,No,7,Mumbai,Premium,0
CUST_03999,14,45.08092015626478,5489.786348805776,Two year,Fiber optic,Yes,No internet service,No internet service,Yes,16,Chennai,Premium,0
CUST_04000,21,48.86439957173981,4258.273837886706,Month-to-month,No,Yes,No internet service,No internet service,Yes,8,Mumbai,Premium,1
CUST_04001,46,45.41569241248362,5372.451280830312,Month-to-month,No,Yes,Yes,No internet service,Yes,11,Hyderabad,Basic,1
CUST_04002,45,72.28907232846163,1188.7782226978713,One year,DSL,No internet service,Yes,Yes,Yes,6,Mumbai,Standard,0
CUST_04003,13,79.89970039569471,345.94284156264376,One year,No,Yes,No internet service,Yes,Yes,0,Mumbai,Standard,0
CUST_04004,49,67.85549759942595,1179.1977231252852,One year,Fiber optic,No internet service,No,Yes,Yes,13,Mumbai,Basic,0
CUST_04005,19,59.61542494931154,2442.479143039444,One year,DSL,Yes,No internet service,No internet service,No,1,Hyderabad,Basic,0
CUST_04006,49,39.55107383213365,2166.966121684842,Two year,No,No internet service,No internet service,No internet service,Yes,16,Mumbai,Basic,0
CUST_04007,32,67.21557032097556,5235.917315821607,One year,Fiber optic,Yes,Yes,Yes,No internet service,6,Pune,Basic,0
CUST_04008,58,52.79247680785072,3884.8540955066314,One year,Fiber optic,No internet service,No internet service,No internet service,No,14,Chennai,Premium,0
CUST_04009,42,73.24273720543098,347.20322306971644,One year,DSL,No,No internet service,No internet service,No,8,Chennai,Standard,0
CUST_04010,11,86.86932038218563,313.7326173810109,Month-to-month,DSL,No internet service,Yes,No internet service,No,7,Bangalore,Standard,1
CUST_04011,39,82.59784179253428,786.367433987487,Month-to-month,No,No internet service,No,Yes,No,6,Bangalore,Standard,1
CUST_04012,19,65.17400146137052,3012.8343770741453,Month-to-month,No,No,No,No,Yes,3,Bangalore,Premium,1
CUST_04013,37,74.71734727655601,70.44379007435319,One year,No,Yes,No,No,Yes,9,Bangalore,Premium,0
CUST_04014,2,47.05532535799749,4207.99998537845,Two year,Fiber optic,No,Yes,No,Yes,6,Chennai,Standard,1
CUST_04015,27,20.47250642028375,3077.2000926715054,One year,Fiber optic,No,No internet service,Yes,No internet service,14,Bangalore,Premium,0
CUST_04016,55,81.75198432514662,4729.253127303089,Month-to-month,No,No,No,No internet service,Yes,12,Delhi,Premium,0
CUST_04017,12,43.76199303204407,6132.039584598317,Month-to-month,DSL,No internet service,No internet service,No,Yes,7,Pune,Standard,1
CUST_04018,65,86.233278426964,2146.751420900125,One year,Fiber optic,No,Yes,No,No internet service,8,Hyderabad,Basic,0
CUST_04019,36,94.19486695888986,1350.383499188412,Two year,Fiber optic,Yes,No,Yes,Yes,8,Pune,Standard,1
CUST_04020,48,111.42463010258568,2376.450261681453,Two year,No,No internet service,No,No internet service,Yes,4,Hyderabad,Basic,1
CUST_04021,65,115.72852513892053,32.95530931606246,Two year,DSL,No internet service,No internet service,No internet service,No,5,Chennai,Premium,0
CUST_04022,35,19.073656723589547,1035.9498887696723,Month-to-month,Fiber optic,No,No,Yes,Yes,15,Hyderabad,Basic,1
CUST_04023,53,119.01816935417301,6386.543144787488,Month-to-month,DSL,No internet service,Yes,No,No internet service,15,Hyderabad,Basic,1
CUST_04024,25,87.66786848640442,1907.8476372392186,Two year,Fiber optic,Yes,No internet service,No internet service,No,13,Mumbai,Basic,0
CUST_04025,71,83.6394643581673,8451.649493925855,One year,DSL,No internet service,No internet service,No internet service,No internet service,18,Bangalore,Basic,1
CUST_04026,39,19.551735709926252,1441.5469642163114,Two year,DSL,No,No,No,No internet service,18,Bangalore,Premium,0
CUST_04027,42,105.84580801244722,6708.361691426515,One year,Fiber optic,No,No,Yes,Yes,15,Mumbai,Standard,0
CUST_04028,21,32.84012761927829,5998.1872100241835,Month-to-month,DSL,No,No,No,No,4,Chennai,Standard,1
CUST_04029,19,103.40767570117018,2750.3248353679214,Month-to-month,Fiber optic,No internet service,No,No internet service,Yes,0,Delhi,Basic,1
CUST_04030,7,19.587379718389034,2823.3294157265173,Month-to-month,Fiber optic,No,No internet service,Yes,No,4,Chennai,Standard,0
CUST_04031,28,83.88835477491445,4798.044509762981,Two year,DSL,No internet service,No internet service,No,No,8,Delhi,Standard,0
CUST_04032,39,62.349756444522434,7247.837094847061,Two year,Fiber optic,No,No,No,No,6,Delhi,Standard,0
CUST_04033,29,38.478206364052184,3293.637660021297,Month-to-month,DSL,No,No internet service,Yes,No internet service,9,Mumbai,Standard,1
CUST_04034,54,28.97126196058428,536.9277499499243,Month-to-month,Fiber optic,No,Yes,No internet service,Yes,14,Chennai,Premium,0
CUST_04035,15,62.893025047725295,3193.823458485281,Month-to-month,DSL,Yes,No internet service,Yes,No,11,Bangalore,Standard,0
CUST_04036,45,30.57719214278533,1776.4260944449325,Two year,Fiber optic,Yes,Yes,Yes,No,12,Pune,Basic,0
CUST_04037,61,67.61755439248685,7984.353918745478,Two year,Fiber optic,No,Yes,No internet service,No internet service,17,Chennai,Standard,0
CUST_04038,6,81.77213998259093,5932.281005960787,Month-to-month,No,No,Yes,No,No,9,Chennai,Premium,1
CUST_04039,44,102.39318774795053,449.1626578576232,Two year,Fiber optic,No internet service,No,Yes,No,0,Pune,Standard,0
CUST_04040,58,87.22224259265239,2503.1287730614276,Two year,Fiber optic,No internet service,No internet service,Yes,Yes,3,Delhi,Basic,0
CUST_04041,55,24.650376204027346,443.9318144582844,Two year,DSL,Yes,Yes,No,No internet service,16,Delhi,Premium,0
CUST_04042,47,49.358118319879395,7058.201398118935,Two year,DSL,No internet service,No,No internet service,No internet service,12,Bangalore,Standard,1
CUST_04043,26,47.37381800911504,7705.206080976539,Month-to-month,DSL,No internet service,No internet service,No,No,1,Pune,Basic,0
CUST_04044,52,111.33330719405059,970.3556167270289,Month-to-month,DSL,No internet service,No internet service,No,No,14,Pune,Basic,1
CUST_04045,72,106.51376852806187,3752.5401702457607,Two year,No,No internet service,No,Yes,No internet service,11,Bangalore,Basic,0
CUST_04046,34,55.75508767174253,7922.2339965365645,Month-to-month,No,Yes,No internet service,Yes,No,1,Pune,Standard,1
CUST_04047,50,25.257836100023273,1249.6855267138355,Month-to-month,DSL,Yes,No,No internet service,No,6,Delhi,Premium,1
CUST_04048,36,109.1989464160828,2493.926255946863,Month-to-month,DSL,No internet service,No,Yes,No internet service,3,Chennai,Standard,1
CUST_04049,56,108.5953752023471,2598.857582764467,One year,DSL,No internet service,No,No,No,13,Delhi,Premium,0
CUST_04050,7,105.18410546713395,272.9546040973513,Month-to-month,DSL,Yes,No internet service,No,Yes,17,Hyderabad,Premium,1
CUST_04051,19,104.19832704902116,325.6695766405008,Month-to-month,Fiber optic,No,No,No internet service,No,10,Hyderabad,Basic,1
CUST_04052,52,66.98590811078778,8099.588759317267,Two year,DSL,No internet service,No,Yes,No internet service,2,Delhi,Basic,0
CUST_04053,11,36.098028529459015,4862.007509421406,Two year,Fiber optic,No,No internet service,Yes,Yes,2,Bangalore,Basic,0
CUST_04054,48,66.70378114716763,2618.9910623575365,One year,DSL,No internet service,Yes,No internet service,No,17,Delhi,Standard,0
CUST_04055,16,68.44897260828542,3229.9184721132497,One year,No,Yes,No,No internet service,Yes,0,Chennai,Premium,0
CUST_04056,63,67.9730388309758,6081.297722463495,Month-to-month,No,No internet service,No,Yes,No internet service,12,Hyderabad,Basic,1
CUST_04057,41,72.95480378374185,3126.79892055029,Month-to-month,DSL,No,Yes,No internet service,Yes,4,Mumbai,Standard,0
CUST_04058,28,44.281016345097825,1949.863739037271,Two year,No,Yes,No internet service,No,No,3,Bangalore,Premium,0
CUST_04059,18,55.35660047562873,881.7843314494985,Month-to-month,No,No internet service,No internet service,No internet service,No,2,Mumbai,Premium,0
CUST_04060,10,62.28703238027389,6200.809805392391,Month-to-month,No,No internet service,No internet service,No,No internet service,18,Bangalore,Standard,0
CUST_04061,49,31.374363370682985,1549.5524714392561,Month-to-month,No,Yes,No,No,Yes,12,Mumbai,Premium,0
CUST_04062,70,64.44714172527304,608.7566255148561,Month-to-month,Fiber optic,No internet service,Yes,No,Yes,15,Mumbai,Standard,0
CUST_04063,57,100.66790094109848,3639.427606701118,Month-to-month,Fiber optic,Yes,No internet service,Yes,No internet service,18,Pune,Basic,1
CUST_04064,33,102.46207335875339,353.64089808390275,Month-to-month,Fiber optic,No internet service,Yes,No,No internet service,0,Delhi,Premium,1
CUST_04065,19,59.979504733905095,8203.113530864364,Month-to-month,Fiber optic,Yes,No internet service,No internet service,No internet service,17,Bangalore,Standard,0
CUST_04066,49,70.91844783260406,5338.6989509697905,Month-to-month,DSL,No internet service,No,No,No internet service,6,Pune,Basic,1
CUST_04067,9,21.432333877775775,1313.1743462077288,Two year,No,Yes,No internet service,Yes,No,2,Hyderabad,Basic,0
CUST_04068,31,86.79212075979689,1480.7555612558447,One year,No,Yes,Yes,Yes,No,19,Mumbai,Basic,0
CUST_04069,51,59.26980006058003,4851.285169674275,Month-to-month,DSL,No internet service,Yes,Yes,No internet service,9,Delhi,Premium,0
CUST_04070,14,63.43872367450127,3042.3907537391656,Two year,DSL,Yes,Yes,Yes,No internet service,7,Chennai,Basic,0
CUST_04071,2,107.11461817233601,6585.330524200187,Month-to-month,Fiber optic,No internet service,No,No internet service,Yes,1,Bangalore,Basic,1
CUST_04072,36,65.10711232518204,4647.530611019651,Month-to-month,Fiber optic,No internet service,No internet service,Yes,No,9,Bangalore,Basic,0
CUST_04073,39,20.16160911524098,3693.537932202552,One year,No,No internet service,No,No internet service,Yes,17,Hyderabad,Standard,0
CUST_04074,71,41.204070868644365,8185.998464089634,Two year,DSL,Yes,No,Yes,Yes,11,Mumbai,Premium,0
CUST_04075,39,66.51330265944242,3332.163854770582,Month-to-month,No,No internet service,Yes,Yes,No,13,Delhi,Basic,0
CUST_04076,55,61.288421860350645,3415.9818556490677,One year,DSL,Yes,Yes,No internet service,No internet service,1,Mumbai,Premium,0
CUST_04077,22,105.75775400260902,5665.081675437613,One year,Fiber optic,No,No,No,No,16,Delhi,Basic,0
CUST_04078,10,73.298025949229,6883.997350524231,Month-to-month,No,No,No,No internet service,Yes,19,Hyderabad,Standard,1
CUST_04079,63,88.34284567534235,5329.5555524621805,Month-to-month,No,No,No internet service,No,No,11,Mumbai,Basic,0
CUST_04080,7,65.87097629843396,5943.611903465662,Two year,DSL,No internet service,Yes,No internet service,No internet service,6,Chennai,Premium,0
CUST_04081,55,62.84488487403482,3181.2055645819955,Two year,No,Yes,Yes,No,No,14,Hyderabad,Basic,0
CUST_04082,59,63.52124018438383,4085.0921670085986,Month-to-month,Fiber optic,No internet service,Yes,Yes,No internet service,1,Hyderabad,Premium,0
CUST_04083,9,59.91400010877156,1689.2516034212647,Month-to-month,No,Yes,No internet service,No,No internet service,11,Bangalore,Premium,1
CUST_04084,38,72.93550535712875,5787.850734104876,One year,DSL,No,No internet service,No,Yes,16,Delhi,Standard,0
CUST_04085,27,43.545226978867575,1896.3553586993496,Two year,No,No,Yes,Yes,Yes,0,Pune,Basic,0
CUST_04086,48,108.88762977186573,28.660138530306455,Month-to-month,Fiber optic,No,Yes,Yes,No internet service,7,Mumbai,Premium,1
CUST_04087,35,51.974725905575035,7938.1703002008635,Month-to-month,DSL,No internet service,No,No,No internet service,4,Delhi,Standard,0
CUST_04088,12,33.047431086089375,2613.6212759818454,Two year,DSL,No internet service,No,No,Yes,7,Hyderabad,Premium,0
CUST_04089,35,27.848148816970003,1685.8329841966315,Month-to-month,Fiber optic,Yes,No internet service,No internet service,No internet service,19,Mumbai,Standard,0
CUST_04090,25,19.369137342253016,2292.420572051711,One year,DSL,Yes,Yes,Yes,No,13,Chennai,Basic,0
CUST_04091,3,61.13132001381987,2820.8573712013686,One year,DSL,No,No,Yes,No internet service,5,Delhi,Basic,0
CUST_04092,63,37.13632083163331,4043.1027891334093,Month-to-month,No,No internet service,No,Yes,No internet service,17,Delhi,Basic,1
CUST_04093,37,20.208086063899287,606.2408735797366,Two year,DSL,No internet service,Yes,No internet service,Yes,4,Chennai,Basic,0
CUST_04094,21,71.04199372153141,464.7737109346343,One year,No,Yes,Yes,No internet service,Yes,9,Pune,Basic,0
CUST_04095,1,87.35781196237767,2502.469113293932,Two year,Fiber optic,Yes,No,No,Yes,14,Pune,Basic,1
CUST_04096,30,26.746607192932643,2526.688324813767,Two year,Fiber optic,No internet service,Yes,No internet service,No,2,Hyderabad,Premium,0
CUST_04097,10,65.01391883780528,1015.8753043203418,Two year,Fiber optic,No internet service,Yes,No internet service,No internet service,2,Pune,Premium,0
CUST_04098,45,93.85012521727616,3451.4423030267712,One year,Fiber optic,Yes,No internet service,No internet service,No internet service,16,Delhi,Standard,0
CUST_04099,61,118.55229574285936,2427.1311636959995,One year,DSL,No internet service,No,Yes,Yes,13,Bangalore,Basic,0
CUST_04100,68,86.05341515354121,239.0031988077846,Month-to-month,DSL,No internet service,No,No,No internet service,9,Bangalore,Basic,1
CUST_04101,63,42.973634182571104,7530.683659531862,Two year,No,No,No internet service,No internet service,No internet service,18,Mumbai,Premium,0
CUST_04102,9,91.08847125745795,7533.2133110457335,One year,No,No internet service,No internet service,No internet service,No,15,Chennai,Standard,0
CUST_04103,39,78.98880153562266,1792.2838692120868,One year,No,No internet service,No,No internet service,No internet service,16,Hyderabad,Standard,1
CUST_04104,23,39.60352743531787,1399.4822392899987,Month-to-month,DSL,No internet service,No,Yes,No,19,Bangalore,Standard,0
CUST_04105,43,104.81330423645058,4660.137227191099,One year,No,Yes,Yes,No,No internet service,12,Mumbai,Basic,0
CUST_04106,59,61.595251577215286,5368.051212288497,One year,DSL,No,Yes,No,Yes,0,Mumbai,Basic,0
CUST_04107,61,116.12172078288084,8139.875972266072,One year,Fiber optic,Yes,No,No internet service,Yes,0,Pune,Standard,1
CUST_04108,16,91.73590275967335,3218.66960921889,Month-to-month,DSL,No,Yes,No,No internet service,16,Delhi,Basic,0
CUST_04109,64,83.74544177244586,5261.5753081771845,Month-to-month,Fiber optic,No,Yes,Yes,Yes,17,Hyderabad,Basic,1
CUST_04110,56,92.2919894226093,7466.731630512154,Two year,No,No internet service,Yes,No internet service,No,16,Pune,Basic,1
CUST_04111,54,66.76589591945859,3834.5080109931696,One year,DSL,No,No internet service,No,Yes,11,Pune,Basic,0
CUST_04112,52,69.53310073577074,1055.7366613164395,Month-to-month,No,No,No,No internet service,No,5,Bangalore,Standard,0
CUST_04113,55,104.82315331536388,3219.5078784098414,Month-to-month,No,No internet service,No,Yes,No internet service,6,Chennai,Standard,1
CUST_04114,8,87.45471073763728,1176.3606722973939,Month-to-month,Fiber optic,No internet service,No,No internet service,No internet service,16,Pune,Premium,1
CUST_04115,21,109.51881916954746,159.13593536094228,Two year,No,No,Yes,Yes,Yes,15,Delhi,Basic,0
CUST_04116,12,108.8643288645754,6392.67302395244,Two year,DSL,Yes,Yes,No internet service,No internet service,0,Bangalore,Basic,0
CUST_04117,47,117.60198347251341,2040.3098276016058,Two year,No,No,No internet service,No internet service,No internet service,10,Mumbai,Basic,0
CUST_04118,17,89.42189520222409,35.02376280617783,Two year,Fiber optic,Yes,No internet service,No,No,9,Pune,Premium,0
CUST_04119,39,69.23477520149768,7417.9712566131,Two year,Fiber optic,Yes,No,No,No,0,Chennai,Premium,1
CUST_04120,16,34.9637934213264,3782.216928079864,One year,No,No,No internet service,Yes,No internet service,10,Mumbai,Premium,0
CUST_04121,14,89.94881708403656,2044.009499049016,One year,Fiber optic,Yes,No internet service,Yes,Yes,2,Pune,Premium,0
CUST_04122,14,47.74092710951293,2246.984545518666,Month-to-month,No,No,Yes,Yes,Yes,15,Delhi,Basic,0
CUST_04123,62,46.86065193980778,2058.242411013436,Two year,Fiber optic,Yes,No,No,Yes,0,Chennai,Basic,0
CUST_04124,38,42.30535319770294,1668.225359207405,Two year,No,Yes,No,No internet service,No internet service,6,Chennai,Basic,1
CUST_04125,12,107.26244984984793,7153.2808368391825,Month-to-month,No,No,No internet service,Yes,Yes,10,Delhi,Premium,1
CUST_04126,31,106.53237356158014,1462.7529227252335,One year,DSL,No internet service,Yes,No internet service,Yes,16,Mumbai,Standard,0
CUST_04127,8,82.35898537674593,4783.651428665059,Two year,DSL,No internet service,No internet service,No internet service,No internet service,18,Pune,Standard,0
CUST_04128,39,66.24406009981506,673.830315309493,Two year,No,No,No internet service,No,No,13,Chennai,Basic,0
CUST_04129,19,86.5556749300775,8071.840312746887,Two year,DSL,No,No,No,No,15,Hyderabad,Standard,0
CUST_04130,72,79.93740393043585,5135.308537510309,One year,DSL,No internet service,Yes,No internet service,No internet service,16,Hyderabad,Premium,0
CUST_04131,62,60.40489332898551,7678.539600017851,One year,Fiber optic,No internet service,No internet service,Yes,No,13,Pune,Premium,0
CUST_04132,43,56.7223484835347,3392.79932551115,Two year,DSL,Yes,No internet service,No,Yes,8,Mumbai,Basic,0
CUST_04133,37,57.04501943082572,6894.120385458773,Two year,Fiber optic,Yes,Yes,No internet service,No internet service,12,Chennai,Standard,0
CUST_04134,59,78.0916071219159,7258.697294689057,Month-to-month,DSL,Yes,No internet service,No,No internet service,1,Mumbai,Basic,0
CUST_04135,70,84.06227432432424,5980.415887777478,Month-to-month,DSL,No internet service,No,No internet service,No,19,Hyderabad,Premium,1
CUST_04136,47,64.07765885857509,806.3804104603371,One year,No,No,No internet service,No,No internet service,7,Chennai,Standard,0
CUST_04137,17,116.80652792173039,154.39129289489443,Month-to-month,DSL,Yes,No,Yes,No internet service,3,Chennai,Premium,1
CUST_04138,15,26.552263236457065,1447.7231383808733,Two year,No,No,No,Yes,Yes,4,Pune,Standard,0
CUST_04139,54,53.39879664728525,1019.6966925913664,One year,No,No internet service,No,No,No internet service,14,Pune,Basic,0
CUST_04140,38,60.74561767879498,6168.617667743074,Month-to-month,No,Yes,No,No,No internet service,1,Pune,Premium,0
CUST_04141,67,19.725977033424197,4742.5318530870045,One year,No,No internet service,No,No,No internet service,8,Pune,Basic,0
CUST_04142,58,55.22563314215897,4479.115233075829,Two year,DSL,No,No,Yes,No internet service,7,Mumbai,Premium,0
CUST_04143,61,45.918411551629944,2162.820441383288,Month-to-month,No,Yes,No internet service,No,No,10,Chennai,Standard,0
CUST_04144,12,69.61569956320304,1329.3811266035873,Month-to-month,DSL,No,Yes,Yes,No internet service,12,Mumbai,Standard,1
CUST_04145,5,52.31387581269346,1769.939879579775,Month-to-month,DSL,No,No internet service,No,Yes,6,Bangalore,Premium,0
CUST_04146,59,92.07057776453904,3413.1495768896207,Two year,Fiber optic,Yes,Yes,No,No,18,Bangalore,Premium,0
CUST_04147,13,70.01311453158016,6295.894679746402,One year,Fiber optic,Yes,No internet service,No internet service,No internet service,14,Hyderabad,Premium,0
CUST_04148,53,31.235747816618968,2176.809941462338,Month-to-month,Fiber optic,No internet service,Yes,Yes,No,11,Hyderabad,Standard,0
CUST_04149,3,94.50625506272341,5943.635476676464,One year,No,Yes,No internet service,No,No internet service,12,Delhi,Basic,0
CUST_04150,38,28.121347400433013,4187.003260673882,One year,DSL,Yes,No,Yes,No internet service,0,Bangalore,Basic,0
CUST_04151,71,103.58301514409445,7528.309277068546,One year,DSL,Yes,Yes,No internet service,No,7,Bangalore,Premium,0
CUST_04152,24,113.00506379679437,1993.5813054607813,Two year,No,Yes,No internet service,Yes,No,14,Pune,Basic,1
CUST_04153,31,50.8894195988551,3842.1663819625587,Two year,Fiber optic,Yes,No,Yes,No,13,Pune,Basic,0
CUST_04154,58,112.46654859281895,837.910555099222,Month-to-month,Fiber optic,No internet service,No internet service,Yes,No,7,Delhi,Basic,0
CUST_04155,62,98.88683223049891,2860.768955722524,Month-to-month,DSL,No,Yes,Yes,Yes,2,Mumbai,Basic,0
CUST_04156,37,112.08843232238453,4317.359926281146,One year,DSL,No internet service,No internet service,Yes,No,11,Bangalore,Standard,1
CUST_04157,52,85.95955396592646,6233.102497996191,One year,DSL,No,No internet service,Yes,Yes,14,Pune,Standard,0
CUST_04158,66,42.03569202098503,1698.0901323373146,One year,Fiber optic,Yes,No,Yes,No internet service,15,Bangalore,Standard,0
CUST_04159,27,109.2413701649192,1867.8574331436434,Two year,DSL,No internet service,No,No,No internet service,6,Hyderabad,Premium,0
CUST_04160,2,36.795037769415856,5375.04324329954,Two year,Fiber optic,No,No,No,No,17,Delhi,Premium,1
CUST_04161,21,39.732176203788626,3262.006919259471,Month-to-month,Fiber optic,No,Yes,Yes,No internet service,12,Delhi,Standard,0
CUST_04162,37,45.6484249943171,4107.128663864774,One year,Fiber optic,Yes,No,Yes,Yes,5,Hyderabad,Basic,0
CUST_04163,71,49.03312377163164,7110.0959569812785,One year,No,Yes,Yes,No,Yes,1,Bangalore,Standard,0
CUST_04164,71,70.47692349736512,4251.224559629302,Two year,No,No,No,No internet service,No,1,Chennai,Basic,0
CUST_04165,61,90.7726507642725,5552.499746326989,Month-to-month,DSL,No internet service,No,No,No,18,Delhi,Basic,0
CUST_04166,56,112.47323378886973,5588.765903359885,One year,Fiber optic,No,No,No internet service,No,5,Bangalore,Standard,0
CUST_04167,5,27.02063390822125,6834.236500152947,One year,DSL,No internet service,No,Yes,Yes,9,Mumbai,Premium,1
CUST_04168,31,115.34567494728006,5430.699141380867,Month-to-month,Fiber optic,No internet service,Yes,Yes,No,16,Delhi,Basic,1
CUST_04169,9,111.97494264387497,567.7169411960618,One year,DSL,No,Yes,No,Yes,18,Hyderabad,Basic,1
CUST_04170,2,23.50792780246597,2920.311239149778,Two year,DSL,No internet service,Yes,No,Yes,15,Delhi,Standard,1
CUST_04171,58,54.752756044539396,8409.379868525119,Month-to-month,No,No,No,No,No internet service,17,Hyderabad,Basic,1
CUST_04172,48,100.94062581053232,1684.800269668767,One year,No,No,No,Yes,No internet service,18,Mumbai,Basic,1
CUST_04173,58,80.38080763889892,4994.636043113389,One year,No,Yes,No,No,No,1,Bangalore,Standard,1
CUST_04174,30,97.46758222494059,7167.822507438932,Two year,No,No,Yes,No,No,2,Hyderabad,Basic,1
CUST_04175,68,91.34140055656853,4993.189712259057,Two year,Fiber optic,No,No internet service,No internet service,No,14,Hyderabad,Premium,0
CUST_04176,61,68.67055153897068,3175.5963294304765,Two year,DSL,Yes,No internet service,Yes,No,14,Pune,Premium,0
CUST_04177,51,22.20424068707335,698.4986689715801,One year,DSL,Yes,No internet service,Yes,Yes,11,Mumbai,Premium,0
CUST_04178,40,77.5953566105791,3085.6417033111575,One year,Fiber optic,No internet service,Yes,Yes,No,19,Chennai,Standard,0
CUST_04179,30,22.95379861204819,1562.2966331731243,One year,Fiber optic,No internet service,No internet service,No,No internet service,12,Delhi,Standard,0
CUST_04180,21,79.58012518858334,8168.038407703754,Month-to-month,DSL,Yes,Yes,Yes,No,1,Pune,Premium,0
CUST_04181,3,99.64190797435518,6082.9000800973845,Two year,No,Yes,Yes,No,Yes,17,Chennai,Standard,1
CUST_04182,12,77.6691583675957,6374.267915280351,Month-to-month,No,Yes,No,No internet service,No internet service,14,Delhi,Standard,0
CUST_04183,44,119.69622406529311,3715.8913142152073,Two year,No,No,No,Yes,No internet service,17,Mumbai,Standard,0
CUST_04184,41,64.49838301840417,950.7216722131317,One year,Fiber optic,No,Yes,No internet service,No,12,Mumbai,Premium,0
CUST_04185,48,94.38040128760672,2280.289235671217,Month-to-month,DSL,No,No internet service,No internet service,No internet service,5,Chennai,Standard,0
CUST_04186,19,86.05575575767456,2220.869584690612,Month-to-month,Fiber optic,Yes,Yes,Yes,No internet service,7,Mumbai,Standard,0
CUST_04187,53,119.12603253892497,4146.862453498693,Two year,DSL,No internet service,Yes,Yes,No,15,Bangalore,Premium,0
CUST_04188,35,90.74833851786472,3928.0305507330554,Month-to-month,No,No internet service,No internet service,No,No,19,Chennai,Premium,1
CUST_04189,0,34.731134608857715,3694.1684997479497,Month-to-month,No,No,No,No internet service,Yes,2,Hyderabad,Standard,1
CUST_04190,14,115.46280605455857,4224.880872487829,One year,No,No,Yes,No internet service,No internet service,16,Hyderabad,Standard,0
CUST_04191,16,86.11327709746766,8389.92978136687,Two year,DSL,Yes,No,No,No,17,Mumbai,Basic,0
CUST_04192,23,24.05249954225177,2548.6354951977564,Month-to-month,No,Yes,No,Yes,No internet service,11,Mumbai,Premium,0
CUST_04193,57,85.07196719003046,5236.71301803431,One year,DSL,No internet service,No,No internet service,No,6,Delhi,Basic,0
CUST_04194,71,108.07817948082706,2049.504684949866,Month-to-month,Fiber optic,No internet service,Yes,No,Yes,11,Chennai,Basic,1
CUST_04195,22,76.85826992298256,3975.754347585876,One year,No,Yes,No internet service,No internet service,No,2,Pune,Basic,0
CUST_04196,45,54.11000307926514,1714.817595547552,Month-to-month,Fiber optic,No internet service,No internet service,No internet service,No,11,Chennai,Basic,0
CUST_04197,71,101.73278267520283,4752.586539812545,One year,Fiber optic,No internet service,No,No,Yes,14,Bangalore,Premium,0
CUST_04198,7,97.8162248369946,2265.829972954468,One year,DSL,No,No,No internet service,No,16,Hyderabad,Premium,1
CUST_04199,58,73.50657973159268,330.04359160912264,Two year,Fiber optic,Yes,No internet service,No,Yes,11,Hyderabad,Premium,0
CUST_04200,58,33.74490052938184,6933.129397872459,One year,DSL,Yes,No,No,No internet service,8,Bangalore,Basic,0
CUST_04201,12,43.600621523364495,1105.8598610053814,Month-to-month,DSL,Yes,No internet service,No internet service,No internet service,0,Delhi,Premium,0
CUST_04202,38,93.32536516298279,3139.7050941095936,One year,Fiber optic,No,No internet service,No internet service,No internet service,15,Bangalore,Premium,0
CUST_04203,27,100.22038087028261,4065.420480481223,One year,DSL,Yes,Yes,Yes,No,14,Delhi,Premium,1
CUST_04204,60,46.48505836018096,3686.295363578788,Month-to-month,DSL,No internet service,No,Yes,Yes,10,Delhi,Standard,1
CUST_04205,15,55.53447787305224,6173.097007618657,Month-to-month,DSL,No,No,No internet service,No,4,Pune,Basic,1
CUST_04206,1,25.918452295479106,5079.85908668627,One year,Fiber optic,No,Yes,Yes,No,6,Delhi,Premium,1
CUST_04207,16,90.77311873338297,2523.338371724896,Month-to-month,DSL,Yes,No internet service,Yes,No,2,Mumbai,Premium,0
CUST_04208,29,18.364909549203198,456.5448446485644,One year,No,No internet service,No,No,Yes,12,Mumbai,Basic,0
CUST_04209,12,22.747235164344943,6528.7417930234415,One year,Fiber optic,Yes,Yes,No internet service,No,12,Delhi,Basic,0
CUST_04210,12,18.44309491397717,3008.1350884863728,One year,Fiber optic,No internet service,No internet service,Yes,No,18,Bangalore,Premium,0
CUST_04211,42,83.82259750043691,7564.645253161739,Month-to-month,DSL,Yes,Yes,Yes,Yes,9,Bangalore,Standard,1
CUST_04212,20,60.57348702545575,3368.87155370277,Two year,Fiber optic,No internet service,Yes,Yes,Yes,6,Bangalore,Premium,0
CUST_04213,54,48.349769657019685,6105.180297260033,Two year,No,No internet service,Yes,No internet service,No internet service,19,Mumbai,Standard,0
CUST_04214,39,111.09550305642526,7987.3878128365495,One year,Fiber optic,No internet service,Yes,No,Yes,14,Pune,Basic,1
CUST_04215,14,37.66588505701388,5541.07508629014,One year,Fiber optic,No,No internet service,No internet service,No internet service,17,Delhi,Basic,0
CUST_04216,72,57.71553705890286,3525.212963437636,Month-to-month,Fiber optic,Yes,Yes,No,No internet service,19,Hyderabad,Standard,1
CUST_04217,51,113.91180369463068,4830.680597842367,Two year,DSL,Yes,No internet service,Yes,No,6,Bangalore,Basic,1
CUST_04218,52,61.564869409378325,4627.502089212333,Two year,No,Yes,Yes,No internet service,No,2,Pune,Standard,0
CUST_04219,51,74.5787559359999,4978.443550893823,Two year,No,No,Yes,No,No,19,Mumbai,Premium,0
CUST_04220,29,26.19436039008773,1263.327118209895,Month-to-month,No,No internet service,No,Yes,No,9,Chennai,Premium,0
CUST_04221,32,98.59697146313316,5942.760822527911,Month-to-month,Fiber optic,No,No,Yes,No,14,Delhi,Basic,1
CUST_04222,56,61.121395263000295,1248.2570302980457,Month-to-month,No,No,No,No internet service,No,11,Bangalore,Basic,1
CUST_04223,51,99.6525427090453,141.98041278200185,One year,DSL,No internet service,No,No,No,15,Mumbai,Basic,0
CUST_04224,8,43.8873595407112,5317.384814002226,Month-to-month,Fiber optic,Yes,Yes,Yes,No internet service,18,Chennai,Standard,0
CUST_04225,53,61.092832557263826,1009.6609191933662,One year,DSL,No,Yes,Yes,No internet service,11,Delhi,Basic,0
CUST_04226,0,98.22799150923106,6552.631502585019,One year,Fiber optic,No internet service,No internet service,Yes,No,1,Hyderabad,Premium,1
CUST_04227,43,117.33553223845125,7363.123217593959,One year,DSL,No internet service,Yes,No,No,7,Delhi,Premium,0
CUST_04228,8,24.081803487501425,8031.257455188263,One year,Fiber optic,Yes,No internet service,No,No internet service,12,Delhi,Premium,0
CUST_04229,31,100.87053009672825,5654.093599372013,Month-to-month,DSL,No internet service,Yes,Yes,No internet service,0,Bangalore,Standard,1
CUST_04230,14,48.670284897965246,4106.450321512524,Month-to-month,No,No internet service,Yes,No,Yes,1,Pune,Premium,0
CUST_04231,11,74.17581465088935,3006.0481265465883,Two year,Fiber optic,No internet service,No internet service,Yes,Yes,13,Delhi,Premium,0
CUST_04232,56,47.589411024976286,4182.026647192058,Two year,Fiber optic,Yes,No,Yes,No,3,Chennai,Basic,0
CUST_04233,7,80.571438201935,1632.5676009521792,One year,DSL,Yes,Yes,No,No,5,Chennai,Premium,1
CUST_04234,71,54.08788872568551,2973.3208985470874,Two year,DSL,No internet service,No,No,No,12,Delhi,Basic,0
CUST_04235,26,52.02871887972351,6107.48671164621,Two year,DSL,No internet service,No internet service,No internet service,No internet service,8,Delhi,Premium,0
CUST_04236,61,21.869707919465423,1862.181641160396,Two year,Fiber optic,Yes,Yes,No internet service,No,15,Pune,Premium,0
CUST_04237,11,32.989961402188776,2257.8174447840265,One year,DSL,Yes,No internet service,No,No,0,Chennai,Basic,1
CUST_04238,64,111.54197628427883,6373.802264913972,Two year,No,Yes,Yes,No,No,8,Chennai,Basic,1
CUST_04239,41,119.82429774507112,1526.4044076864868,Month-to-month,DSL,No,No internet service,No,Yes,6,Bangalore,Premium,1
CUST_04240,61,97.61309873869986,2103.6185084671897,One year,DSL,Yes,No internet service,No,Yes,17,Hyderabad,Standard,0
CUST_04241,10,47.25488772689565,166.8384278617203,Month-to-month,DSL,No internet service,No,Yes,No,15,Chennai,Standard,1
CUST_04242,42,59.04940412124644,6125.477667256776,One year,No,Yes,No,Yes,No internet service,6,Hyderabad,Basic,0
CUST_04243,16,93.42935240042044,5259.058043134492,Month-to-month,DSL,No internet service,No,No internet service,Yes,17,Hyderabad,Basic,0
CUST_04244,31,116.7883828020862,5907.777408202893,Two year,DSL,No internet service,Yes,No,No,8,Chennai,Premium,0
CUST_04245,39,64.45805941439549,1835.9280768880021,One year,Fiber optic,No internet service,No internet service,No internet service,Yes,19,Pune,Standard,0
CUST_04246,22,102.61128635941422,5848.326546153805,Month-to-month,Fiber optic,Yes,No,No,No internet service,1,Pune,Standard,1
CUST_04247,55,117.45703010506912,5076.466471274203,One year,DSL,Yes,Yes,No,No internet service,4,Bangalore,Premium,0
CUST_04248,5,107.09426344771244,3123.455109761032,Month-to-month,Fiber optic,Yes,No,No,No internet service,8,Delhi,Standard,1
CUST_04249,49,41.16927417067535,3731.638534283021,Two year,DSL,Yes,Yes,Yes,No internet service,3,Pune,Premium,0
CUST_04250,36,18.81925011531354,4835.101708765048,One year,DSL,Yes,No internet service,No internet service,No,15,Mumbai,Premium,0
CUST_04251,63,68.19233394961834,4202.104237574656,One year,No,No,No internet service,No,No internet service,2,Delhi,Basic,0
CUST_04252,53,72.19880483291722,5461.9856555522065,Month-to-month,DSL,Yes,No internet service,No internet service,No,5,Mumbai,Premium,0
CUST_04253,71,38.5275371842193,1553.068777254051,Month-to-month,Fiber optic,No,Yes,No internet service,No internet service,16,Chennai,Standard,1
CUST_04254,48,47.036787978575404,4604.301837599182,Two year,Fiber optic,No internet service,No internet service,Yes,No,18,Delhi,Standard,0
CUST_04255,10,96.04562240655179,3837.270573657035,Month-to-month,Fiber optic,No internet service,Yes,Yes,No internet service,7,Delhi,Premium,1
CUST_04256,48,65.97542038873965,3928.3758302267333,Month-to-month,Fiber optic,No internet service,Yes,No,No,9,Mumbai,Basic,0
CUST_04257,20,50.37011652722617,3999.2985530415735,Month-to-month,DSL,No internet service,Yes,No internet service,Yes,9,Bangalore,Standard,0
CUST_04258,65,81.50785479091579,7494.645197140894,Two year,No,No,No internet service,Yes,No,15,Pune,Basic,1
CUST_04259,62,84.58149510956478,6961.597955720773,Two year,No,No,No internet service,No internet service,No,5,Chennai,Premium,1
CUST_04260,27,96.47836923776183,5358.012410648493,One year,DSL,No internet service,No internet service,No internet service,No internet service,19,Chennai,Premium,0
CUST_04261,16,33.98434816781776,6095.242187779292,Two year,Fiber optic,Yes,Yes,No,No internet service,7,Pune,Standard,0
CUST_04262,5,93.63475973735301,381.0519591296805,Month-to-month,No,No internet service,No internet service,No internet service,Yes,2,Chennai,Standard,0
CUST_04263,18,79.1416959952627,6328.5377637783495,One year,No,No internet service,Yes,Yes,No internet service,1,Delhi,Basic,0
CUST_04264,55,23.872330260885306,4141.648887463848,Two year,DSL,No,No internet service,No,No,9,Hyderabad,Premium,0
CUST_04265,27,97.29945408184794,2713.134842497218,Two year,Fiber optic,No internet service,Yes,No,No internet service,7,Mumbai,Basic,0
CUST_04266,65,57.07418869598487,1203.5882250873283,Month-to-month,No,No,No,No,No internet service,11,Pune,Standard,0
CUST_04267,37,51.69885530162303,655.9209597655944,Month-to-month,DSL,No,No internet service,Yes,No,19,Delhi,Standard,0
CUST_04268,36,63.70366546132671,398.72038438320544,Two year,No,No internet service,No internet service,No,Yes,11,Bangalore,Basic,0
CUST_04269,67,53.30985788522516,1390.3551554190224,One year,No,Yes,Yes,No internet service,No internet service,8,Bangalore,Premium,0
CUST_04270,48,52.505130405410725,273.6796674744447,Month-to-month,Fiber optic,No,Yes,No,No internet service,18,Delhi,Standard,0
CUST_04271,42,100.4239221054638,6232.271500397463,Two year,Fiber optic,No,Yes,Yes,No,14,Mumbai,Premium,0
CUST_04272,35,30.69953594530061,2126.744957542396,Two year,No,No,No,Yes,Yes,13,Pune,Standard,0
CUST_04273,57,117.00120692146078,3145.6563012373017,Month-to-month,Fiber optic,No internet service,No internet service,No,Yes,4,Chennai,Premium,1
CUST_04274,12,74.60302772618302,6996.278925586319,One year,No,No internet service,Yes,No internet service,No internet service,17,Chennai,Standard,0
CUST_04275,51,36.65824783897392,990.5248855215781,One year,No,No,No,Yes,No,11,Hyderabad,Premium,0
CUST_04276,57,31.383979259032024,7105.5085644635565,One year,No,Yes,No,Yes,No internet service,5,Pune,Premium,0
CUST_04277,31,78.33397227776823,5442.5812533675435,Month-to-month,DSL,No internet service,Yes,Yes,No,19,Delhi,Standard,1
CUST_04278,59,82.56594327238665,2919.0943428762434,Month-to-month,Fiber optic,Yes,No internet service,No,No,10,Hyderabad,Premium,1
CUST_04279,57,23.4086286450407,1017.2407812400979,Month-to-month,Fiber optic,Yes,Yes,Yes,No internet service,14,Bangalore,Premium,0
CUST_04280,55,42.786195241136156,794.0410588456197,One year,No,No internet service,Yes,Yes,No,3,Chennai,Standard,0
CUST_04281,27,99.13711596458967,2863.8326834447976,One year,Fiber optic,No,Yes,Yes,No internet service,13,Pune,Basic,0
CUST_04282,0,23.0617120298396,1208.3806125944648,Month-to-month,No,Yes,No,No,Yes,4,Chennai,Standard,1
CUST_04283,41,105.21904371841568,2288.7187347032805,Month-to-month,Fiber optic,No,No,Yes,Yes,10,Hyderabad,Basic,1
CUST_04284,47,85.13257260568602,467.17109942813465,Month-to-month,Fiber optic,Yes,No internet service,Yes,No internet service,19,Delhi,Standard,0
CUST_04285,39,62.31117245504689,5064.8614328314,One year,No,No,No,No,Yes,6,Hyderabad,Basic,1
CUST_04286,62,53.336150595033416,1250.2320240021697,Two year,Fiber optic,No internet service,Yes,No,Yes,12,Pune,Basic,0
CUST_04287,71,19.963394312587184,6436.6034799315685,Two year,No,Yes,No,No internet service,Yes,18,Bangalore,Standard,1
CUST_04288,3,102.171924466688,1868.5601487897595,One year,DSL,Yes,No internet service,Yes,Yes,3,Pune,Premium,0
CUST_04289,37,32.557629104790884,6786.437345946492,Month-to-month,No,Yes,Yes,No,No,19,Delhi,Standard,0
CUST_04290,26,49.573283169932985,1628.57900716781,Month-to-month,Fiber optic,No,Yes,No internet service,No internet service,11,Pune,Basic,0
CUST_04291,8,76.04891199700599,6136.631193314414,Month-to-month,DSL,Yes,No,Yes,No internet service,13,Bangalore,Basic,1
CUST_04292,15,43.09124520726793,2843.1394325809238,Month-to-month,DSL,Yes,No,No,Yes,0,Delhi,Basic,0
CUST_04293,55,68.70832730272454,4964.023796648568,One year,No,No,No internet service,No,No internet service,7,Hyderabad,Standard,0
CUST_04294,30,100.55296853134764,345.92950907698537,Two year,DSL,No,Yes,Yes,No internet service,15,Mumbai,Basic,0
CUST_04295,13,65.99486934860803,4218.663292192812,Two year,No,No internet service,No internet service,Yes,No internet service,18,Hyderabad,Premium,0
CUST_04296,24,114.79568910019879,1279.1707228629002,One year,Fiber optic,No,No,No internet service,No,4,Delhi,Premium,1
CUST_04297,33,104.44506327838685,4142.968167526243,Month-to-month,No,Yes,Yes,Yes,Yes,13,Pune,Premium,0
CUST_04298,66,51.970002007066206,1217.0081481763218,Two year,DSL,Yes,No,Yes,No internet service,11,Bangalore,Standard,0
CUST_04299,23,58.79613670756165,3725.3899170221434,One year,No,No internet service,Yes,Yes,No,11,Hyderabad,Premium,0
CUST_04300,72,61.17932615629777,956.28579721027,Month-to-month,No,No internet service,No internet service,No,Yes,19,Delhi,Standard,1
CUST_04301,25,81.8703041983005,1883.6287734222967,Two year,Fiber optic,Yes,Yes,No internet service,No,11,Bangalore,Basic,0
CUST_04302,19,47.25316437723106,5065.459530943695,One year,No,No,No,No internet service,No,10,Bangalore,Standard,0
CUST_04303,63,116.86341215989589,8302.035524816425,Two year,Fiber optic,Yes,Yes,No internet service,No,14,Bangalore,Premium,0
CUST_04304,9,80.08579050155709,3827.9852055007063,Two year,DSL,No internet service,No internet service,No,No internet service,6,Pune,Standard,1
CUST_04305,66,58.73896919159562,5846.607260713799,One year,DSL,Yes,No,Yes,Yes,9,Delhi,Standard,1
CUST_04306,23,83.79100118013987,4593.40005979839,One year,No,Yes,No internet service,No,Yes,4,Bangalore,Standard,0
CUST_04307,4,58.33131107403018,4245.071998685421,Two year,No,Yes,Yes,No internet service,No internet service,14,Bangalore,Standard,0
CUST_04308,66,101.41515945990074,566.8209975956177,Two year,DSL,No internet service,Yes,Yes,Yes,1,Hyderabad,Basic,0
CUST_04309,57,75.91977797627557,1241.93056609892,One year,DSL,No internet service,Yes,Yes,Yes,12,Bangalore,Standard,0
CUST_04310,26,22.280991347418833,7508.095659350636,Month-to-month,DSL,No internet service,Yes,No internet service,No,13,Pune,Standard,1
CUST_04311,14,36.029200477193,3497.0137201845755,Month-to-month,No,No,No,Yes,No internet service,19,Mumbai,Standard,0
CUST_04312,34,106.22938524901254,5228.7680663921965,Month-to-month,DSL,No internet service,Yes,No,No,5,Delhi,Basic,1
CUST_04313,52,75.41578228839256,4498.474279888277,Month-to-month,No,No,No,No internet service,Yes,0,Bangalore,Basic,1
CUST_04314,43,114.93503460441832,3231.680343353574,One year,DSL,No,No,No,Yes,14,Bangalore,Basic,0
CUST_04315,25,25.38707591178985,3307.4599144259178,Month-to-month,DSL,No internet service,No,Yes,No internet service,10,Chennai,Standard,0
CUST_04316,46,48.116584268769344,4729.454180117363,Two year,No,No,Yes,No internet service,No,12,Hyderabad,Standard,0
CUST_04317,33,37.74142407043641,1215.1647601172574,Month-to-month,Fiber optic,No,Yes,Yes,No,16,Bangalore,Basic,0
CUST_04318,49,74.49170980733109,3302.7311794381094,One year,No,Yes,No internet service,No internet service,No,3,Hyderabad,Standard,0
CUST_04319,11,57.04486877015076,3809.246779674033,Month-to-month,Fiber optic,No,Yes,No internet service,No internet service,10,Hyderabad,Standard,1
CUST_04320,3,34.041900475792104,8373.840629220886,Month-to-month,No,No,Yes,No internet service,No,0,Mumbai,Basic,1
CUST_04321,47,83.56069522387378,2999.0393530814576,One year,Fiber optic,No internet service,Yes,No internet service,No,13,Delhi,Basic,0
CUST_04322,54,72.70243331131303,5485.31819486153,Month-to-month,Fiber optic,Yes,No,No internet service,Yes,4,Mumbai,Premium,1
CUST_04323,0,46.0230976322227,1183.558269528103,One year,Fiber optic,No,No internet service,Yes,Yes,4,Delhi,Basic,0
CUST_04324,65,66.93667849380253,573.4130806839186,Month-to-month,No,No,Yes,No internet service,No,2,Chennai,Basic,0
CUST_04325,29,94.06530813420133,7410.419362758435,One year,No,No,No internet service,No,No,8,Mumbai,Basic,0
CUST_04326,2,38.93771080416717,6216.093442205033,Month-to-month,No,No internet service,No,No internet service,Yes,12,Hyderabad,Basic,1
CUST_04327,20,47.87638616357637,2711.0289573771342,Two year,Fiber optic,No internet service,No internet service,No,No internet service,10,Bangalore,Standard,0
CUST_04328,48,53.30332068359974,4297.8306205742965,Two year,Fiber optic,Yes,No internet service,Yes,Yes,17,Chennai,Basic,0
CUST_04329,61,94.16609659450522,1169.3821725204946,One year,No,No,No internet service,No internet service,No,9,Delhi,Standard,1
CUST_04330,37,104.3861051541925,6016.133613545657,One year,No,Yes,No internet service,No internet service,No internet service,5,Mumbai,Standard,0
CUST_04331,14,56.39162663704431,614.5440820856574,One year,DSL,No internet service,No internet service,No,No,8,Chennai,Basic,0
CUST_04332,51,48.25532790705966,6439.154388975275,Two year,DSL,No,No,No internet service,No,12,Pune,Basic,0
CUST_04333,45,108.72356935187108,4656.267280110026,One year,DSL,No,Yes,Yes,No,17,Mumbai,Premium,0
CUST_04334,24,119.93522308365323,2383.210196195939,Month-to-month,DSL,Yes,No internet service,Yes,No internet service,9,Hyderabad,Standard,1
CUST_04335,20,86.37607124550351,7334.3556711492765,One year,DSL,No,No,No internet service,No,14,Pune,Basic,0
CUST_04336,4,118.97802272889643,8381.861604214162,One year,No,No internet service,No,No,No internet service,11,Mumbai,Standard,0
CUST_04337,69,85.31656033579482,2175.3890763583654,Month-to-month,Fiber optic,Yes,Yes,Yes,Yes,19,Delhi,Premium,0
CUST_04338,46,92.81294774479814,6856.57984078788,Month-to-month,Fiber optic,Yes,No,No internet service,No internet service,14,Pune,Basic,1
CUST_04339,67,57.642912157438396,6380.910695505111,Two year,No,No,Yes,No,No,13,Pune,Premium,0
CUST_04340,17,62.16268979390345,6355.666607218288,Month-to-month,No,No internet service,No internet service,No,No,18,Delhi,Standard,0
CUST_04341,20,32.701837726918306,8137.272456607519,Month-to-month,No,No,No,Yes,Yes,18,Bangalore,Premium,1
CUST_04342,22,101.92050150604257,4145.486176905499,One year,DSL,Yes,No,No internet service,Yes,9,Bangalore,Premium,0
CUST_04343,63,112.96802115049441,5736.293320001545,Two year,DSL,Yes,No,Yes,Yes,0,Delhi,Standard,1
CUST_04344,66,81.59068963679942,7006.12779827407,Month-to-month,DSL,No internet service,No internet service,No,No internet service,19,Delhi,Standard,1
CUST_04345,39,53.052025461430645,4085.42812685495,Two year,No,Yes,Yes,Yes,No internet service,6,Delhi,Standard,0
CUST_04346,9,33.70966518818536,4101.499462251434,Month-to-month,No,No internet service,Yes,No internet service,No internet service,10,Chennai,Standard,0
CUST_04347,51,45.04593542994212,2720.829623999274,Two year,Fiber optic,No,No,Yes,No internet service,3,Pune,Standard,0
CUST_04348,71,44.05186292688802,6640.963696199751,Month-to-month,No,No internet service,No,No,Yes,3,Mumbai,Standard,0
CUST_04349,60,80.57984418468445,5838.31260329289,One year,DSL,No,No internet service,Yes,No,9,Chennai,Premium,0
CUST_04350,63,114.39382146708765,3844.5686275679054,Two year,Fiber optic,No,No internet service,No,No,4,Hyderabad,Standard,0
CUST_04351,4,22.92373246971411,3574.8135280560846,Two year,No,Yes,Yes,No,No internet service,15,Bangalore,Standard,1
CUST_04352,52,18.104274558633694,633.7053533604643,Month-to-month,Fiber optic,No,No,No,Yes,11,Mumbai,Standard,0
CUST_04353,54,79.21855832006122,73.14272739862041,Two year,Fiber optic,Yes,No,Yes,Yes,0,Bangalore,Standard,0
CUST_04354,36,46.97416713213096,4504.078624123095,Month-to-month,No,No internet service,No,No internet service,Yes,4,Hyderabad,Basic,1
CUST_04355,55,107.81593091857361,3559.1743736462668,Two year,DSL,No internet service,No,No,No,17,Delhi,Premium,0
CUST_04356,58,51.37953140639333,6769.983797486764,Two year,DSL,No,No internet service,Yes,No,3,Bangalore,Premium,0
CUST_04357,68,47.55323525394671,4620.791705597005,One year,Fiber optic,No internet service,No internet service,No,No internet service,14,Delhi,Basic,0
CUST_04358,72,45.490083364266326,7963.140659968037,One year,No,No,Yes,Yes,No,5,Bangalore,Premium,0
CUST_04359,58,32.7749883813609,1681.6662559389897,Two year,No,No internet service,No,No,Yes,6,Hyderabad,Premium,1
CUST_04360,1,77.31610837626528,8416.455187145908,One year,DSL,No,No internet service,Yes,No,18,Bangalore,Standard,0
CUST_04361,64,35.15778743808942,2544.950606155286,Two year,No,No,No,No,No,13,Hyderabad,Premium,0
CUST_04362,59,61.312378298609666,5467.040143848781,Month-to-month,No,No internet service,Yes,No,No,14,Mumbai,Basic,0
CUST_04363,50,65.01914933007617,4274.723198896437,Two year,Fiber optic,No internet service,No,No,No internet service,15,Chennai,Premium,0
CUST_04364,29,20.090188781553394,3067.9270353961333,Two year,No,No internet service,No internet service,No internet service,No,14,Hyderabad,Basic,0
CUST_04365,10,19.714342541756533,1199.6204924575181,One year,No,No internet service,No internet service,Yes,No internet service,5,Bangalore,Basic,0
CUST_04366,38,71.06169425319658,1161.6632726176595,One year,No,No,Yes,No internet service,No,5,Mumbai,Premium,0
CUST_04367,71,88.9955426873715,6052.992427821853,Month-to-month,DSL,No,Yes,Yes,No internet service,5,Hyderabad,Standard,1
CUST_04368,62,114.09853319260128,3221.1542104050727,Month-to-month,DSL,No internet service,No,No,Yes,11,Bangalore,Basic,1
CUST_04369,63,36.27016698400942,8171.72941659562,Month-to-month,Fiber optic,No internet service,No,Yes,Yes,1,Pune,Premium,1
CUST_04370,60,28.532398562480424,2780.150462546759,Two year,DSL,Yes,No internet service,Yes,Yes,3,Hyderabad,Premium,0
CUST_04371,53,23.312966506569396,8360.248207866221,Month-to-month,DSL,No,No internet service,No,No internet service,5,Hyderabad,Standard,0
CUST_04372,72,62.47624145712093,1760.4000624410185,Month-to-month,DSL,No,No internet service,No,Yes,9,Delhi,Standard,0
CUST_04373,57,81.5610314682676,890.0716240117962,One year,DSL,No internet service,Yes,No,No internet service,18,Bangalore,Premium,1
CUST_04374,55,103.73644238862894,2669.2164797417227,One year,Fiber optic,Yes,Yes,Yes,No internet service,4,Chennai,Standard,0
CUST_04375,33,87.6297779938994,7529.5301839332915,Month-to-month,No,No internet service,Yes,No,No internet service,5,Hyderabad,Basic,0
CUST_04376,30,39.25280048563545,4444.348193209005,Month-to-month,No,No,No,No,Yes,13,Mumbai,Premium,0
CUST_04377,51,65.10057737242046,1168.5841985593988,Two year,No,No,Yes,Yes,No internet service,14,Bangalore,Standard,0
CUST_04378,0,110.85532732348284,1735.596938741934,Two year,Fiber optic,Yes,No,No internet service,No,18,Chennai,Premium,1
CUST_04379,54,51.327588372691864,2658.1129363525956,One year,DSL,No internet service,No,Yes,Yes,18,Bangalore,Standard,0
CUST_04380,21,68.87049723937702,5023.794270127388,Month-to-month,Fiber optic,Yes,No,Yes,No,6,Pune,Basic,1
CUST_04381,39,115.77366413365706,2837.2381680419785,Month-to-month,Fiber optic,No internet service,Yes,Yes,Yes,17,Chennai,Premium,0
CUST_04382,0,92.94021656851716,6354.512724281673,Month-to-month,Fiber optic,Yes,No internet service,No,No internet service,11,Chennai,Standard,1
CUST_04383,64,94.26951933545259,5245.401943563686,Month-to-month,No,No internet service,Yes,Yes,No internet service,7,Hyderabad,Basic,0
CUST_04384,62,43.738068450149214,7429.772940231031,Month-to-month,DSL,No internet service,Yes,No internet service,No internet service,2,Delhi,Basic,0
CUST_04385,53,60.29920806712307,4267.158211180128,Two year,No,No internet service,Yes,Yes,Yes,14,Bangalore,Standard,0
CUST_04386,41,26.398900635865616,2827.0383444052572,Two year,Fiber optic,No,No,Yes,Yes,9,Mumbai,Premium,0
CUST_04387,20,79.86563843915444,8468.375438106777,Month-to-month,Fiber optic,No internet service,No internet service,No,No internet service,18,Pune,Standard,1
CUST_04388,21,28.580476783334404,3034.4818355699913,Two year,No,No,Yes,No,Yes,11,Mumbai,Standard,0
CUST_04389,37,103.26277738500738,3653.4075906183034,Two year,No,Yes,Yes,No internet service,No,2,Delhi,Basic,0
CUST_04390,7,101.08448627603967,6881.017125487306,Month-to-month,No,No internet service,No,Yes,No internet service,13,Mumbai,Standard,1
CUST_04391,61,72.42772031447558,769.8125358812115,Two year,DSL,No,Yes,Yes,No,16,Bangalore,Standard,0
CUST_04392,46,32.39893538609703,3296.209079588321,Month-to-month,No,Yes,Yes,Yes,No,2,Mumbai,Premium,0
CUST_04393,16,20.60905628590715,744.9930125435245,Two year,DSL,No internet service,No,Yes,Yes,6,Pune,Standard,0
CUST_04394,16,99.26428408934238,1199.5923611183325,Month-to-month,DSL,Yes,Yes,Yes,No,16,Bangalore,Premium,0
CUST_04395,12,79.21432928776954,57.36348187409477,Month-to-month,No,No,No internet service,Yes,No internet service,14,Chennai,Standard,1
CUST_04396,16,90.5148229482841,98.95468968370656,Two year,Fiber optic,No,No,No,No,19,Hyderabad,Basic,0
CUST_04397,37,48.988326825109496,3243.6018787631906,Two year,Fiber optic,No internet service,No internet service,No internet service,Yes,9,Delhi,Standard,0
CUST_04398,44,69.96723926007928,6881.327393567038,One year,DSL,No,Yes,Yes,Yes,6,Delhi,Premium,0
CUST_04399,5,94.21176539504434,4996.970986538741,Month-to-month,DSL,No,No,Yes,No internet service,19,Mumbai,Premium,1
CUST_04400,34,65.18145744800756,5403.340922375492,Month-to-month,DSL,Yes,No,No,No internet service,2,Bangalore,Standard,0
CUST_04401,13,79.34119072241056,4422.272033195008,Month-to-month,Fiber optic,No internet service,Yes,Yes,No internet service,14,Pune,Standard,0
CUST_04402,71,98.55228270441215,6971.485448854679,Month-to-month,DSL,No internet service,No internet service,No,No internet service,19,Hyderabad,Standard,0
CUST_04403,60,39.952505817170646,7485.37234702913,Two year,DSL,No internet service,Yes,No internet service,No internet service,4,Pune,Premium,0
CUST_04404,14,24.724746714463194,7225.500856129073,Two year,Fiber optic,Yes,No,Yes,No,1,Mumbai,Premium,0
CUST_04405,53,72.24599810270212,6906.504521421377,One year,No,No,No,No internet service,No,8,Pune,Basic,0
CUST_04406,26,24.336828613449764,1567.7722899637733,Month-to-month,Fiber optic,No internet service,No,Yes,Yes,17,Hyderabad,Standard,0
CUST_04407,12,96.18884402540883,5055.258143547805,One year,No,No internet service,Yes,No internet service,No,12,Bangalore,Premium,0
CUST_04408,30,91.35956765864644,4955.908229306376,One year,No,Yes,Yes,No internet service,No internet service,19,Pune,Premium,0
CUST_04409,34,107.93469248946029,4496.021039787492,One year,DSL,Yes,Yes,Yes,No internet service,6,Mumbai,Premium,0
CUST_04410,59,83.23533399946398,4096.254078815169,One year,DSL,No internet service,No internet service,No internet service,Yes,3,Mumbai,Premium,0
CUST_04411,5,24.854152216742122,774.3439874949048,One year,No,No internet service,No internet service,No,No internet service,7,Pune,Basic,0
CUST_04412,68,43.82151679994098,884.5485499925746,Two year,DSL,Yes,No internet service,No,Yes,5,Hyderabad,Premium,0
CUST_04413,57,100.40904814539736,7671.152280477368,Two year,No,Yes,No,No internet service,No,3,Mumbai,Premium,0
CUST_04414,48,35.04750656598595,5363.241376626007,One year,DSL,Yes,No internet service,No internet service,No,4,Pune,Standard,0
CUST_04415,22,89.24500771711851,2242.97461337209,Two year,Fiber optic,Yes,No,No,No,19,Hyderabad,Basic,1
CUST_04416,33,97.58645175388875,2387.0259013085356,Two year,No,No,No internet service,Yes,Yes,19,Pune,Basic,0
CUST_04417,25,51.6714033812346,5193.67256204368,One year,No,No,No internet service,No,No internet service,8,Pune,Basic,0
CUST_04418,46,50.87434228709667,3469.6224548596856,Two year,DSL,No internet service,No,No internet service,Yes,7,Bangalore,Standard,0
CUST_04419,4,74.89587348333299,3761.3116182955723,Two year,Fiber optic,No,Yes,No,No,1,Hyderabad,Basic,0
CUST_04420,19,105.8512059409859,532.4332197044602,Month-to-month,DSL,Yes,No internet service,Yes,Yes,6,Bangalore,Premium,1
CUST_04421,5,40.838432595175014,1194.785785064855,One year,Fiber optic,No internet service,No,No,No internet service,17,Bangalore,Basic,1
CUST_04422,69,114.00833599632507,3354.398318112986,Month-to-month,DSL,Yes,Yes,Yes,Yes,9,Chennai,Premium,0
CUST_04423,58,79.11010585165104,5952.7402138867055,Month-to-month,No,No,Yes,No internet service,No,2,Hyderabad,Basic,0
CUST_04424,63,119.19690007793217,425.35133762246335,One year,Fiber optic,Yes,Yes,No,No internet service,16,Delhi,Basic,1
CUST_04425,17,27.140599847522907,2855.719198793248,Month-to-month,Fiber optic,No internet service,No,No,No,1,Chennai,Premium,1
CUST_04426,3,30.909337923689424,5913.600296308564,Month-to-month,DSL,No,No internet service,Yes,No internet service,2,Chennai,Standard,1
CUST_04427,16,102.31746397877524,6736.17480459937,Two year,Fiber optic,No internet service,No internet service,No,No internet service,4,Hyderabad,Standard,1
CUST_04428,13,106.20510135159262,1631.4520121364476,Month-to-month,DSL,No,No internet service,No,No,12,Chennai,Standard,1
CUST_04429,12,63.43678621383526,6222.4738527203035,One year,Fiber optic,Yes,Yes,Yes,No,12,Chennai,Premium,0
CUST_04430,6,90.83525996651817,8121.801989178328,Two year,DSL,No internet service,No internet service,No,No,5,Mumbai,Premium,0
CUST_04431,43,106.49084331944493,7709.580657118075,Two year,DSL,No,No,Yes,Yes,13,Bangalore,Basic,0
CUST_04432,14,22.399034398320524,6713.487888316031,Two year,DSL,No,No internet service,No internet service,No,4,Delhi,Basic,0
CUST_04433,18,76.54294314531238,6059.954951002631,One year,No,No,No internet service,No,No internet service,0,Hyderabad,Premium,0
CUST_04434,62,105.05502798570194,2012.4431286236918,One year,Fiber optic,No,No internet service,Yes,Yes,8,Mumbai,Basic,0
CUST_04435,34,58.611804347647045,5394.767171822088,One year,No,Yes,No internet service,Yes,Yes,2,Pune,Basic,0
CUST_04436,34,48.84312782346754,5474.25001549893,Month-to-month,No,Yes,No,No,Yes,5,Pune,Standard,0
CUST_04437,18,99.16208187967344,3468.658538810179,Month-to-month,No,No,No internet service,Yes,Yes,3,Delhi,Premium,1
CUST_04438,19,52.25023151728929,4199.757146147353,Two year,No,Yes,Yes,No internet service,Yes,1,Delhi,Standard,0
CUST_04439,34,18.323778414819326,5904.749636697863,Two year,Fiber optic,Yes,No internet service,No internet service,Yes,15,Mumbai,Basic,0
CUST_04440,31,115.8764039381647,8093.725225895801,One year,Fiber optic,No,Yes,No,No,5,Pune,Basic,0
CUST_04441,47,78.39657010780388,2522.78725999683,One year,No,Yes,Yes,No internet service,No internet service,13,Hyderabad,Standard,0
CUST_04442,43,101.59082770842726,2107.652254903002,Month-to-month,Fiber optic,No internet service,Yes,No,No,9,Bangalore,Premium,1
CUST_04443,23,102.18075935895689,5122.526060479029,Month-to-month,Fiber optic,No internet service,No,No,No internet service,3,Mumbai,Basic,0
CUST_04444,60,24.773862878018747,1127.4380632456148,One year,DSL,Yes,Yes,Yes,Yes,6,Chennai,Premium,0
CUST_04445,16,35.42774033741941,4959.043468197638,One year,Fiber optic,No,Yes,Yes,No,16,Pune,Standard,0
CUST_04446,70,49.73430943748403,771.6382963758762,Month-to-month,No,No internet service,No internet service,Yes,No,4,Delhi,Basic,0
CUST_04447,49,50.71132707421493,4179.132466805443,Two year,Fiber optic,Yes,No,Yes,No,13,Chennai,Standard,1
CUST_04448,64,85.19618400345311,5280.354726320193,Two year,No,Yes,No,No,No internet service,15,Hyderabad,Premium,1
CUST_04449,31,81.55955791677385,612.6699603122447,Month-to-month,Fiber optic,No,No,Yes,Yes,7,Pune,Basic,1
CUST_04450,35,68.44815735700101,1773.3766348282736,Month-to-month,No,No,Yes,Yes,Yes,15,Pune,Premium,1
CUST_04451,12,39.548900695494325,2862.6446843481303,Two year,Fiber optic,Yes,Yes,No internet service,Yes,5,Bangalore,Premium,0
CUST_04452,69,56.96231390841095,3144.454132569,Month-to-month,Fiber optic,No,Yes,No,No internet service,10,Bangalore,Basic,0
CUST_04453,57,73.44658478344729,5752.719584081772,Two year,Fiber optic,No internet service,No internet service,No internet service,No,1,Bangalore,Standard,0
CUST_04454,13,65.73450734260209,4505.159010625884,Two year,No,No internet service,Yes,No internet service,No internet service,0,Pune,Basic,0
CUST_04455,36,30.983838375697992,3259.0440451297827,Month-to-month,DSL,Yes,No,No internet service,Yes,8,Chennai,Premium,1
CUST_04456,67,84.25007033719623,3840.6359893258755,One year,No,Yes,No internet service,Yes,No internet service,4,Hyderabad,Premium,1
CUST_04457,39,25.451281234687375,128.06812045532905,One year,Fiber optic,No,No internet service,No,No internet service,1,Chennai,Premium,0
CUST_04458,58,56.57585767427019,6553.595419087318,One year,No,No internet service,No,No internet service,No internet service,13,Pune,Basic,0
CUST_04459,15,90.42299346287336,365.8017695091449,One year,Fiber optic,No,Yes,No internet service,Yes,19,Delhi,Premium,0
CUST_04460,61,20.042400521010066,7052.270974969205,One year,Fiber optic,Yes,No internet service,No,No,12,Bangalore,Basic,0
CUST_04461,3,76.13824754262225,4606.73249463974,One year,DSL,Yes,No,Yes,Yes,11,Hyderabad,Basic,1
CUST_04462,44,52.121139362616326,4494.962379966353,One year,Fiber optic,Yes,Yes,No internet service,No internet service,8,Chennai,Premium,0
CUST_04463,27,18.900848029118915,5994.235920772277,Month-to-month,Fiber optic,Yes,No internet service,No,No,5,Chennai,Premium,0
CUST_04464,65,37.41909364821913,7308.783955966693,Month-to-month,Fiber optic,Yes,No internet service,Yes,No,3,Chennai,Premium,0
CUST_04465,30,113.97651171360675,8013.524614440513,One year,DSL,Yes,No internet service,Yes,Yes,9,Chennai,Standard,0
CUST_04466,2,71.15718836151922,4626.86338360348,Month-to-month,No,No,No internet service,Yes,Yes,4,Pune,Standard,0
CUST_04467,7,119.71717487217144,1295.8831237300046,Two year,DSL,No,No internet service,Yes,No,3,Chennai,Standard,0
CUST_04468,23,71.5313085372036,7470.547515799447,One year,No,No,Yes,Yes,No internet service,19,Delhi,Premium,0
CUST_04469,14,73.48151405360736,362.9800598153147,Two year,Fiber optic,No internet service,No,No,Yes,3,Bangalore,Premium,0
CUST_04470,42,57.96798731915094,6865.833882045413,Month-to-month,No,No,No internet service,Yes,No,12,Chennai,Standard,0
CUST_04471,30,49.624122710604254,5789.336235342347,One year,No,Yes,No,No internet service,No,15,Delhi,Basic,0
CUST_04472,72,43.657646419560365,7691.899566161429,Two year,No,No,No,No,No internet service,10,Pune,Standard,1
CUST_04473,44,53.02890284532874,7630.282440398844,Month-to-month,No,No,No,No internet service,No,18,Hyderabad,Standard,0
CUST_04474,65,64.90481025184408,468.85295267730976,One year,Fiber optic,No internet service,Yes,No internet service,Yes,17,Hyderabad,Basic,0
CUST_04475,7,37.583178923540586,5187.324425664051,One year,DSL,Yes,No,Yes,No,0,Pune,Standard,0
CUST_04476,70,40.937259364180974,1075.4632827366875,Two year,No,No internet service,No,Yes,No internet service,3,Delhi,Standard,1
CUST_04477,56,45.69756640418079,683.5707648130722,Two year,Fiber optic,No internet service,No,No,No internet service,8,Delhi,Standard,0
CUST_04478,29,63.824508976945594,3820.2867509362563,Two year,Fiber optic,No internet service,No internet service,No,No internet service,8,Delhi,Basic,0
CUST_04479,17,84.5869634150528,845.8223329970182,Month-to-month,Fiber optic,No,No internet service,No internet service,Yes,10,Hyderabad,Basic,1
CUST_04480,68,105.3269073292013,6192.068013561012,Two year,Fiber optic,Yes,No,Yes,Yes,4,Chennai,Standard,0
CUST_04481,38,47.28744739308861,8236.55510652546,Two year,No,Yes,Yes,Yes,Yes,5,Bangalore,Premium,0
CUST_04482,59,36.740290714826614,4849.202647916193,Two year,DSL,No internet service,No internet service,No internet service,No,19,Chennai,Standard,0
CUST_04483,42,56.64244141475661,2012.7023516222257,One year,Fiber optic,Yes,No internet service,Yes,No internet service,5,Mumbai,Basic,0
CUST_04484,44,109.22707378992929,7170.076612918404,Two year,DSL,Yes,No,No,No internet service,7,Delhi,Basic,1
CUST_04485,22,19.005794290388227,7254.022826156481,Two year,DSL,No internet service,No,No internet service,No internet service,18,Chennai,Basic,1
CUST_04486,68,87.14259883789003,6233.490617594793,Month-to-month,DSL,No,Yes,Yes,Yes,0,Bangalore,Premium,0
CUST_04487,5,66.67032473398132,5235.551191586842,Month-to-month,Fiber optic,No internet service,No internet service,No internet service,No internet service,4,Chennai,Premium,1
CUST_04488,55,34.42671392598936,7378.615601204123,Two year,Fiber optic,No internet service,No,Yes,No,18,Mumbai,Premium,0
CUST_04489,3,50.7441956799956,1403.040046703296,Month-to-month,Fiber optic,No,No internet service,Yes,No,1,Mumbai,Standard,1
CUST_04490,22,40.944904475457456,7919.832271650188,Month-to-month,DSL,No,No,Yes,Yes,15,Chennai,Basic,0
CUST_04491,5,107.53888112479248,8052.17711160404,Month-to-month,Fiber optic,No,No,No,Yes,1,Pune,Standard,1
CUST_04492,31,67.151085162389,7414.239316243686,One year,Fiber optic,No,Yes,No internet service,Yes,8,Pune,Standard,0
CUST_04493,17,75.43561634299427,2144.115378422664,Two year,DSL,No internet service,No internet service,No,No internet service,17,Pune,Premium,0
CUST_04494,14,78.55613717237611,7297.069072686756,Two year,Fiber optic,No,No internet service,No,No internet service,15,Bangalore,Standard,0
CUST_04495,39,83.24094670944032,4238.967312807302,Two year,No,Yes,No,No internet service,No internet service,6,Chennai,Premium,0
CUST_04496,72,68.54668041834486,5064.1982736338,Month-to-month,No,No internet service,Yes,No internet service,No,8,Delhi,Premium,0
CUST_04497,5,19.823100145304213,7147.974480080159,Month-to-month,No,No internet service,Yes,Yes,No,11,Bangalore,Basic,0
CUST_04498,62,52.141714065294494,268.92168743270463,Month-to-month,No,No,Yes,Yes,No internet service,18,Hyderabad,Basic,0
CUST_04499,66,36.7550705535411,3096.479066833827,One year,DSL,No,No internet service,No internet service,No,0,Bangalore,Standard,0
CUST_04500,10,87.37456997699104,6936.711225787558,Month-to-month,Fiber optic,Yes,No,Yes,No,5,Chennai,Standard,1
CUST_04501,42,23.783874439744757,6921.964476206214,One year,No,No,No,Yes,Yes,1,Chennai,Basic,1
CUST_04502,16,75.50794589338771,7216.570995821036,Two year,No,No internet service,Yes,No internet service,No internet service,16,Hyderabad,Standard,0
CUST_04503,3,39.484435671978694,1453.2892649831651,Month-to-month,Fiber optic,No,Yes,No,No,13,Mumbai,Basic,0
CUST_04504,62,114.78227552364024,6005.330295809557,One year,DSL,Yes,Yes,No internet service,No,12,Chennai,Basic,0
CUST_04505,67,52.22517610302662,1260.6413341669604,One year,No,No internet service,No internet service,No internet service,No internet service,10,Mumbai,Premium,0
CUST_04506,40,51.17256152021269,6677.201311922597,Month-to-month,Fiber optic,No internet service,No,No,No internet service,15,Mumbai,Basic,1
CUST_04507,4,112.18523613505381,2097.1587697831324,One year,Fiber optic,No,Yes,Yes,Yes,17,Delhi,Basic,1
CUST_04508,31,60.56948787102242,6276.169965392476,Month-to-month,No,Yes,Yes,No,Yes,19,Pune,Premium,0
CUST_04509,69,116.2119580869457,3877.3237283542626,One year,No,Yes,No,No,No internet service,2,Mumbai,Premium,0
CUST_04510,34,20.465375917617358,8383.486706336615,Two year,Fiber optic,No,No internet service,No internet service,No,0,Bangalore,Premium,0
CUST_04511,21,49.247146670618925,4936.659472415401,Two year,Fiber optic,No internet service,No internet service,Yes,Yes,13,Pune,Premium,0
CUST_04512,64,85.95168194717598,5383.5381673164675,Two year,No,No internet service,No internet service,Yes,No internet service,16,Mumbai,Basic,0
CUST_04513,21,108.86741038181913,3140.76292448662,Month-to-month,No,No internet service,No,No,Yes,2,Pune,Basic,1
CUST_04514,10,44.15337048684496,6248.199978861928,Two year,No,No,No internet service,No internet service,No,11,Delhi,Basic,0
CUST_04515,2,112.90871438029416,4215.62000785121,Two year,No,No internet service,Yes,No,No,1,Chennai,Basic,1
CUST_04516,8,78.60038958291719,171.2411988831197,Two year,DSL,No internet service,No internet service,Yes,No internet service,1,Chennai,Basic,0
CUST_04517,59,99.70284080618742,5179.989113181222,Month-to-month,Fiber optic,No,No,Yes,Yes,11,Hyderabad,Basic,0
CUST_04518,13,58.51514503930352,7061.9582460218435,One year,No,No internet service,No internet service,No internet service,No,4,Mumbai,Premium,0
CUST_04519,17,39.64239902182108,2026.5526136527426,Month-to-month,Fiber optic,No,No,No internet service,No,15,Bangalore,Basic,0
CUST_04520,72,110.94601237566471,1893.0627706325358,Month-to-month,No,Yes,No,No,Yes,4,Hyderabad,Premium,1
CUST_04521,22,113.1798585774343,5182.572605217652,Two year,DSL,Yes,No internet service,No internet service,No internet service,2,Hyderabad,Premium,0
CUST_04522,46,68.75266470372182,6956.10022264104,One year,Fiber optic,No,Yes,No,Yes,5,Delhi,Basic,0
CUST_04523,68,18.662491631924162,2135.27970558921,Two year,DSL,No,No,No internet service,Yes,18,Chennai,Premium,1
CUST_04524,46,29.197861274381257,7925.451807843458,Two year,Fiber optic,No,No internet service,No,Yes,11,Mumbai,Basic,0
CUST_04525,29,76.44885194363562,7884.0995593728985,Month-to-month,DSL,No internet service,No,Yes,Yes,7,Pune,Standard,1
CUST_04526,24,20.425223634792395,1718.9520511230905,Month-to-month,No,No internet service,No internet service,Yes,Yes,5,Pune,Premium,0
CUST_04527,27,58.48501624664292,2255.4193830659106,Month-to-month,No,No,Yes,Yes,No,13,Mumbai,Standard,1
CUST_04528,24,48.94373444834528,5960.479114462305,Two year,DSL,No,No,Yes,No internet service,2,Chennai,Premium,0
CUST_04529,57,90.86352409102489,8090.600230745181,One year,No,No internet service,Yes,Yes,No internet service,10,Pune,Basic,0
CUST_04530,40,23.6690246406894,6039.224966200701,One year,DSL,No internet service,Yes,Yes,No,6,Delhi,Basic,0
CUST_04531,24,67.85058943568333,3791.6422225778033,Two year,DSL,No,Yes,No internet service,No internet service,8,Delhi,Basic,0
CUST_04532,47,77.06965552731174,1451.4694203895995,One year,Fiber optic,No internet service,Yes,No internet service,No internet service,10,Delhi,Basic,0
CUST_04533,9,80.963689757367,3928.2855378576664,Two year,DSL,No internet service,Yes,No internet service,Yes,12,Bangalore,Premium,1
CUST_04534,10,59.32608254572797,5164.604411494242,One year,Fiber optic,Yes,No internet service,No,No internet service,17,Mumbai,Basic,1
CUST_04535,20,49.0455139098142,2825.134176590308,Two year,DSL,No,Yes,No internet service,Yes,9,Delhi,Standard,0
CUST_04536,44,87.61428944118917,4346.006839419161,One year,Fiber optic,No,No internet service,No internet service,No internet service,1,Delhi,Premium,0
CUST_04537,6,104.4520429064545,1122.4762364840838,Month-to-month,Fiber optic,No internet service,Yes,No,No,6,Chennai,Standard,1
CUST_04538,63,88.74899905385364,3853.4595024757577,Month-to-month,No,Yes,Yes,No,No internet service,14,Hyderabad,Basic,0
CUST_04539,63,113.0744412766366,787.960496160477,Month-to-month,Fiber optic,No,No,Yes,No,9,Hyderabad,Basic,0
CUST_04540,1,91.16087958650857,434.3707770673382,Month-to-month,Fiber optic,No,No internet service,No internet service,Yes,11,Hyderabad,Basic,0
CUST_04541,41,95.99111086938908,7289.108964113493,Two year,DSL,No internet service,Yes,No internet service,Yes,19,Mumbai,Premium,1
CUST_04542,53,35.12612605341306,1757.5019967270075,One year,Fiber optic,No,Yes,No,Yes,8,Bangalore,Standard,0
CUST_04543,15,60.7930437417246,4896.467501663131,Two year,No,No internet service,Yes,Yes,Yes,18,Mumbai,Basic,0
CUST_04544,17,67.47564375750845,1281.6717568335557,Month-to-month,DSL,Yes,No internet service,No internet service,No,5,Pune,Basic,0
CUST_04545,58,44.14190255404998,2244.758856452609,One year,Fiber optic,Yes,No internet service,No,No internet service,18,Chennai,Basic,0
CUST_04546,15,71.91106575634136,3082.8809584847663,Two year,DSL,No,No internet service,No,Yes,0,Delhi,Premium,0
CUST_04547,5,47.660778310628444,1236.663533161161,Month-to-month,DSL,No internet service,No,No internet service,Yes,1,Mumbai,Premium,0
CUST_04548,56,88.12521346605043,407.85220324823774,One year,DSL,Yes,No,No,Yes,14,Hyderabad,Basic,0
CUST_04549,46,65.96942462372394,7458.069440716769,One year,DSL,No,Yes,No,No,10,Bangalore,Standard,0
CUST_04550,47,64.79830933544163,118.36611393222721,Month-to-month,DSL,No,No internet service,No internet service,No,17,Chennai,Basic,0
CUST_04551,41,118.3315381653468,538.1245764070452,Month-to-month,Fiber optic,No,No internet service,Yes,No,0,Delhi,Premium,1
CUST_04552,59,58.02937455134219,6846.622068143965,One year,DSL,No internet service,No,No internet service,No internet service,3,Bangalore,Basic,0
CUST_04553,3,54.95413412413597,2409.994712509061,Month-to-month,DSL,No internet service,Yes,Yes,No internet service,3,Mumbai,Standard,0
CUST_04554,1,50.49764587083075,6148.961794054862,Two year,No,Yes,No internet service,No,Yes,3,Mumbai,Premium,0
CUST_04555,58,109.26442053953141,1258.2868048663445,Month-to-month,No,No internet service,No internet service,No internet service,No,17,Bangalore,Standard,1
CUST_04556,26,68.66583026201417,2030.6237915973736,Month-to-month,DSL,No internet service,Yes,No internet service,No internet service,0,Bangalore,Standard,0
CUST_04557,26,79.20147670302482,4876.290413775699,Month-to-month,Fiber optic,No,No,Yes,No internet service,6,Delhi,Basic,0
CUST_04558,71,36.44348485824429,8403.609182066102,One year,No,No,No,No,No,13,Hyderabad,Premium,0
CUST_04559,6,73.17612072050255,640.955995890531,One year,No,Yes,No internet service,No internet service,No internet service,15,Bangalore,Premium,0
CUST_04560,62,46.0141156725858,3415.504100081901,Month-to-month,DSL,No,Yes,No internet service,No,14,Delhi,Premium,1
CUST_04561,45,92.5249659688135,383.41278759025425,One year,Fiber optic,No,Yes,No,No,4,Bangalore,Standard,0
CUST_04562,62,102.91789157682298,1707.838686607979,Month-to-month,Fiber optic,No,Yes,Yes,No,12,Pune,Premium,0
CUST_04563,11,90.91069059739031,7715.169249644196,Two year,No,No internet service,No internet service,No internet service,Yes,4,Bangalore,Standard,0
CUST_04564,12,92.48490495956625,836.1746003448262,One year,No,No,No,No,No internet service,17,Pune,Premium,0
CUST_04565,42,70.27241982019073,7285.851925108124,Month-to-month,No,Yes,No,No internet service,Yes,4,Hyderabad,Basic,0
CUST_04566,16,90.6360417460818,1526.1270656497093,One year,No,Yes,No,No internet service,No,4,Delhi,Standard,1
CUST_04567,62,61.114067421832345,7327.659068332805,Two year,No,No,No,No internet service,No internet service,5,Mumbai,Basic,1
CUST_04568,35,84.45189366002053,4581.502291316797,Two year,DSL,No,No,Yes,No internet service,13,Delhi,Basic,1
CUST_04569,7,44.421999432292495,7466.9490107920865,Month-to-month,DSL,Yes,No internet service,No,Yes,1,Delhi,Basic,0
CUST_04570,68,25.115215255825035,1304.7503139341961,One year,DSL,No internet service,No internet service,No internet service,Yes,14,Delhi,Basic,0
CUST_04571,35,60.17427294044079,6481.59402819298,Two year,No,No,No,No internet service,No internet service,15,Hyderabad,Standard,0
CUST_04572,27,65.10137188960998,5791.685491955452,One year,DSL,Yes,No,No internet service,Yes,4,Hyderabad,Premium,0
CUST_04573,46,44.15353013524638,4623.160991867107,Month-to-month,No,No internet service,No internet service,Yes,Yes,15,Chennai,Standard,0
CUST_04574,29,92.22637087753824,6893.401855293873,Two year,Fiber optic,Yes,No,No internet service,No,0,Pune,Basic,1
CUST_04575,22,25.50214885558048,5516.67723919015,Two year,Fiber optic,No internet service,No,No,No internet service,7,Mumbai,Basic,0
CUST_04576,15,40.72032908667723,7457.1120145229315,One year,DSL,Yes,No,Yes,No,0,Hyderabad,Premium,0
CUST_04577,13,94.35360128226993,3250.1691290351714,Two year,Fiber optic,Yes,Yes,No,No,6,Pune,Basic,0
CUST_04578,70,62.586675921481266,5021.728398118499,Month-to-month,Fiber optic,No internet service,No,No internet service,No internet service,5,Hyderabad,Standard,1
CUST_04579,51,89.93892965200988,7402.436346727187,Month-to-month,Fiber optic,No,Yes,No internet service,No internet service,7,Delhi,Standard,0
CUST_04580,36,75.88355953392681,1840.0528917312697,Two year,DSL,Yes,No,Yes,No,4,Delhi,Standard,1
CUST_04581,28,114.97270049973096,4138.058186824158,Month-to-month,Fiber optic,No,No,No internet service,No internet service,14,Pune,Standard,1
CUST_04582,66,78.97517493772897,8167.01213190257,Two year,DSL,Yes,No internet service,No,No,19,Bangalore,Basic,0
CUST_04583,14,19.51663538324301,4035.0904802779137,Two year,No,No internet service,No internet service,No,No,15,Bangalore,Premium,0
CUST_04584,46,53.99348975144207,2162.499354148573,Two year,No,No,No internet service,No,Yes,16,Bangalore,Standard,0
CUST_04585,45,32.59218958488019,2995.8286570201467,Two year,DSL,No internet service,Yes,No internet service,No,10,Pune,Basic,0
CUST_04586,51,112.31263511496573,7525.283500525574,One year,DSL,No internet service,Yes,No internet service,No internet service,1,Hyderabad,Standard,1
CUST_04587,18,28.609270337078193,8117.317934826362,Two year,Fiber optic,No,No,Yes,No,0,Bangalore,Premium,0
CUST_04588,20,57.54607963937092,8076.813025263833,Month-to-month,No,No,Yes,Yes,No,16,Mumbai,Basic,1
CUST_04589,63,41.062117749922606,5946.429368677421,One year,Fiber optic,No,No internet service,No,No internet service,0,Pune,Standard,0
CUST_04590,36,104.3656430204668,4340.443221010362,Month-to-month,No,No internet service,Yes,No,No internet service,1,Bangalore,Premium,0
CUST_04591,26,49.47378275406953,1567.5675458840735,Two year,Fiber optic,No internet service,No,Yes,Yes,16,Chennai,Basic,0
CUST_04592,54,119.17313528054979,1063.1606243816802,Month-to-month,Fiber optic,No internet service,Yes,Yes,No internet service,3,Chennai,Basic,0
CUST_04593,28,21.93889377244959,524.9403660138987,One year,No,No,No internet service,No,No,11,Delhi,Standard,0
CUST_04594,19,31.084230791181717,168.25786245507723,Month-to-month,Fiber optic,Yes,No,Yes,No internet service,9,Hyderabad,Basic,1
CUST_04595,24,40.91315519576913,7466.186036900395,One year,No,No,Yes,No internet service,No internet service,9,Pune,Basic,0
CUST_04596,69,100.73281610041626,6880.670130643967,Two year,DSL,Yes,No,No internet service,Yes,14,Chennai,Standard,0
CUST_04597,62,107.60875532452961,4834.260949404994,Two year,Fiber optic,No internet service,No,Yes,No,10,Mumbai,Standard,0
CUST_04598,35,25.28804082216108,8489.17064498889,Month-to-month,No,Yes,Yes,Yes,Yes,6,Delhi,Basic,0
CUST_04599,1,21.310934459752193,8101.78767641432,Month-to-month,No,No,No,No internet service,Yes,9,Chennai,Standard,1
CUST_04600,21,93.9447994246671,5574.63428960214,Two year,Fiber optic,No,Yes,No internet service,No,18,Bangalore,Standard,0
CUST_04601,15,31.601904688868572,3958.52147763543,Two year,No,No,No internet service,No,No internet service,17,Chennai,Basic,0
CUST_04602,17,31.565855881613196,1308.7120140715654,Month-to-month,Fiber optic,Yes,No internet service,Yes,No,1,Chennai,Standard,1
CUST_04603,68,20.281386518431784,4391.266656167417,Two year,Fiber optic,No,Yes,No internet service,Yes,6,Delhi,Premium,0
CUST_04604,53,23.08040351350903,1355.9818334150423,One year,DSL,Yes,Yes,Yes,Yes,13,Hyderabad,Basic,0
CUST_04605,29,44.89489677673989,3397.6639626161755,One year,DSL,No internet service,No,No internet service,No,10,Bangalore,Basic,0
CUST_04606,44,24.630559919902243,8013.541255726594,Month-to-month,DSL,Yes,Yes,No internet service,Yes,0,Bangalore,Premium,1
CUST_04607,18,55.62566734924611,2918.6657875448764,Month-to-month,Fiber optic,No internet service,No,Yes,No internet service,19,Bangalore,Standard,0
CUST_04608,33,102.94305318518961,1313.941655043888,Two year,Fiber optic,Yes,No internet service,No,No internet service,4,Bangalore,Standard,1
CUST_04609,12,51.28466624680245,4957.887997131573,Two year,No,No internet service,Yes,No internet service,No,3,Hyderabad,Standard,0
CUST_04610,42,92.2390845830959,5127.252924949218,One year,DSL,No,No internet service,Yes,No,13,Bangalore,Basic,1
CUST_04611,61,27.57881641276507,1661.8475846128622,Month-to-month,DSL,Yes,Yes,No internet service,No internet service,2,Hyderabad,Standard,0
CUST_04612,21,85.25626911678827,1685.4474358701868,Month-to-month,No,No internet service,No internet service,Yes,No,17,Delhi,Standard,1
CUST_04613,51,50.30821269225837,8411.361330017182,Month-to-month,DSL,No,Yes,Yes,No internet service,17,Mumbai,Basic,1
CUST_04614,51,94.47479362709788,2081.5100600172823,Month-to-month,DSL,No,Yes,No internet service,No internet service,3,Hyderabad,Basic,0
CUST_04615,35,31.89770543375095,7127.54483903436,One year,DSL,No internet service,No,No,No internet service,2,Bangalore,Standard,0
CUST_04616,72,109.58410453197716,4007.286688280998,One year,No,No internet service,No,No internet service,No internet service,9,Delhi,Premium,1
CUST_04617,18,42.742874695589535,3707.578724457759,Month-to-month,DSL,Yes,Yes,No internet service,No,15,Delhi,Basic,0
CUST_04618,37,54.020054914679996,2519.871213900948,One year,Fiber optic,No internet service,No,No,No internet service,2,Chennai,Premium,0
CUST_04619,69,114.91843250344026,6581.59040924075,Month-to-month,DSL,No internet service,Yes,No,No internet service,18,Chennai,Premium,1
CUST_04620,56,77.00520069254762,7487.765570941268,One year,Fiber optic,No,Yes,Yes,Yes,19,Mumbai,Basic,0
CUST_04621,19,55.30869493422824,2232.883128944119,Two year,DSL,No internet service,No internet service,Yes,Yes,14,Mumbai,Premium,0
CUST_04622,8,114.85941899743042,824.6099494191848,One year,Fiber optic,No internet service,No,No,Yes,4,Chennai,Standard,1
CUST_04623,31,51.56589652278326,1179.3516475757428,Month-to-month,DSL,No internet service,No,No,Yes,10,Pune,Premium,0
CUST_04624,3,27.67681269286834,6742.559581887283,Two year,Fiber optic,No,No internet service,No internet service,No,8,Chennai,Standard,0
CUST_04625,49,119.67858656166082,3714.683861813066,Month-to-month,Fiber optic,No,Yes,No,Yes,12,Delhi,Basic,1
CUST_04626,4,45.32018189700921,1136.9001326397517,Two year,DSL,No,No,No internet service,Yes,10,Hyderabad,Standard,1
CUST_04627,19,104.82830056735996,2904.3245668512554,Two year,No,No,Yes,No internet service,Yes,13,Chennai,Basic,0
CUST_04628,36,34.8851610719549,4379.7453655595955,One year,DSL,Yes,No,No internet service,No,0,Bangalore,Premium,0
CUST_04629,21,92.59810512129256,7245.102382373359,One year,No,No,No,No,No internet service,8,Hyderabad,Basic,1
CUST_04630,57,71.49383823616971,5461.266282337934,Two year,No,No,Yes,No,Yes,12,Pune,Standard,0
CUST_04631,67,118.05246894559322,1511.1102187605663,Two year,No,Yes,Yes,No internet service,No internet service,1,Hyderabad,Basic,0
CUST_04632,43,74.38869632142475,1364.1164062234097,Two year,No,Yes,No,No,Yes,3,Bangalore,Premium,0
CUST_04633,33,20.55154549286712,3515.4188170018415,Month-to-month,No,Yes,No internet service,Yes,No,15,Bangalore,Premium,0
CUST_04634,41,79.59555494165696,655.7857342062977,One year,No,No internet service,No internet service,Yes,No,9,Bangalore,Standard,0
CUST_04635,8,32.82227854633585,6426.805770397811,Month-to-month,DSL,No,No internet service,No internet service,No,5,Delhi,Standard,1
CUST_04636,6,99.45117335877289,3423.131303816595,One year,Fiber optic,No internet service,No internet service,No,No internet service,8,Chennai,Basic,1
CUST_04637,67,105.3699560419697,2927.5276407317524,Month-to-month,Fiber optic,Yes,No internet service,Yes,No,1,Pune,Standard,1
CUST_04638,18,67.17353891706085,4336.256875344158,One year,DSL,Yes,Yes,No internet service,No internet service,0,Chennai,Basic,0
CUST_04639,30,97.88858861933446,6031.371609516475,Two year,DSL,Yes,No,Yes,No,11,Delhi,Standard,1
CUST_04640,34,32.80129501912373,4847.200783190068,Two year,DSL,Yes,No internet service,No internet service,Yes,15,Hyderabad,Premium,0
CUST_04641,56,68.1919750266359,6823.980394565894,One year,No,No internet service,No,No internet service,Yes,1,Delhi,Premium,0
CUST_04642,60,58.18231499843963,5356.2532667463365,Two year,No,Yes,Yes,No internet service,Yes,12,Chennai,Standard,0
CUST_04643,30,80.3543734794143,6701.563808156894,Two year,Fiber optic,No,No,Yes,Yes,7,Mumbai,Basic,0
CUST_04644,52,22.536673257922317,5928.107244375573,Month-to-month,DSL,No,Yes,No internet service,No internet service,0,Delhi,Premium,0
CUST_04645,31,94.71652950135999,1656.067931117013,One year,Fiber optic,No,No,No internet service,No,4,Mumbai,Basic,1
CUST_04646,65,26.071187526417734,462.0704464759451,Two year,Fiber optic,No internet service,No,Yes,No internet service,9,Mumbai,Premium,0
CUST_04647,58,84.96009478807682,7680.611661869682,One year,No,Yes,Yes,No internet service,No internet service,2,Pune,Standard,0
CUST_04648,9,19.88263700507431,8039.055594770838,Month-to-month,No,No internet service,No,Yes,Yes,10,Bangalore,Standard,1
CUST_04649,1,102.85258250318641,6183.839740028147,One year,Fiber optic,No,Yes,No internet service,No,4,Bangalore,Standard,0
CUST_04650,65,35.81936228282569,6160.713788107039,Month-to-month,No,Yes,No,No,No internet service,11,Bangalore,Premium,0
CUST_04651,59,70.58074254965302,2309.387536751037,Month-to-month,No,No internet service,No,No,No internet service,11,Mumbai,Standard,1
CUST_04652,16,44.672276180217175,4618.990574735706,Month-to-month,No,Yes,No internet service,Yes,No internet service,12,Chennai,Standard,0
CUST_04653,15,91.71001461022898,8434.176827542487,Two year,Fiber optic,Yes,No,No internet service,No internet service,13,Bangalore,Standard,0
CUST_04654,15,50.77781221935157,7279.809998829905,Month-to-month,Fiber optic,No internet service,No internet service,Yes,No,3,Pune,Basic,1
CUST_04655,45,91.91013774600836,2599.8728983460355,One year,Fiber optic,No,No internet service,No internet service,Yes,2,Bangalore,Standard,0
CUST_04656,38,47.0568630972186,2571.471032849506,One year,DSL,No internet service,Yes,Yes,Yes,16,Hyderabad,Basic,0
CUST_04657,30,94.75225527544752,4119.702583517837,Two year,Fiber optic,No internet service,Yes,No,No internet service,7,Pune,Basic,0
CUST_04658,0,21.12176062636423,3449.8058864351483,Two year,No,No,No,Yes,No,15,Mumbai,Premium,0
CUST_04659,10,46.89775620813254,3166.1201385484414,Month-to-month,Fiber optic,No internet service,Yes,No,No,10,Mumbai,Standard,1
CUST_04660,3,68.86061765690846,5335.975730493368,Month-to-month,DSL,Yes,No internet service,No,No internet service,4,Bangalore,Premium,0
CUST_04661,70,22.596077355812,115.47912743166559,Month-to-month,No,No,No,No,No,15,Hyderabad,Standard,1
CUST_04662,25,36.975474259870424,6492.646792834254,Two year,Fiber optic,No internet service,Yes,Yes,No internet service,8,Hyderabad,Basic,0
CUST_04663,49,113.32277212740273,6295.129517804008,Two year,Fiber optic,Yes,Yes,Yes,Yes,12,Delhi,Premium,0
CUST_04664,11,117.63709504837931,7060.822422804256,One year,No,No,Yes,No,Yes,7,Delhi,Basic,1
CUST_04665,64,93.45449463382953,7155.184610988392,Month-to-month,Fiber optic,No internet service,No internet service,Yes,Yes,4,Bangalore,Standard,1
CUST_04666,46,43.72440516292511,4822.202210958294,Month-to-month,DSL,No,Yes,No internet service,No internet service,8,Pune,Premium,0
CUST_04667,52,44.57277943446884,6634.587121956752,One year,No,Yes,No,No,No internet service,5,Mumbai,Standard,0
CUST_04668,70,83.87061649509744,4194.4954543257645,One year,Fiber optic,Yes,No,No internet service,Yes,1,Pune,Premium,1
CUST_04669,1,29.99516089306758,8088.876072500025,One year,No,No,No,No,No internet service,6,Hyderabad,Standard,1
CUST_04670,23,114.7275568038974,1635.5049296570214,One year,Fiber optic,Yes,No internet service,No internet service,No,16,Hyderabad,Basic,0
CUST_04671,3,40.93091575003883,7784.264174970814,Month-to-month,Fiber optic,Yes,Yes,No,Yes,11,Hyderabad,Basic,1
CUST_04672,18,119.96283379339528,2210.8545242728273,Two year,No,No,No,No,No,0,Mumbai,Premium,0
CUST_04673,25,68.56484712085097,889.2996556118788,Month-to-month,Fiber optic,No,Yes,No,No,14,Delhi,Standard,0
CUST_04674,39,96.68585887727951,3742.4839229058975,One year,Fiber optic,No internet service,Yes,Yes,No internet service,10,Bangalore,Standard,0
CUST_04675,49,18.22277763956684,5233.728050173016,Two year,No,No internet service,No,No internet service,No internet service,9,Delhi,Basic,0
CUST_04676,42,108.65213328466747,1977.256104481995,Month-to-month,Fiber optic,No,No internet service,No,Yes,15,Hyderabad,Premium,1
CUST_04677,66,45.5402085676192,4732.263717385934,One year,Fiber optic,Yes,No,Yes,No internet service,8,Pune,Standard,0
CUST_04678,11,86.12954794390266,6870.551453518469,Two year,No,Yes,No,No,No internet service,11,Pune,Standard,1
CUST_04679,66,100.24823864094614,2198.5946799471762,Two year,DSL,No,No internet service,No internet service,No,14,Hyderabad,Basic,0
CUST_04680,26,34.74306953701821,4940.29328984427,Two year,DSL,No,Yes,No,No internet service,15,Mumbai,Standard,0
CUST_04681,53,63.13596709558136,2896.049440909707,Month-to-month,DSL,No,Yes,Yes,Yes,0,Mumbai,Basic,0
CUST_04682,65,68.37126594649618,4511.496141593533,One year,DSL,Yes,No internet service,No,No internet service,5,Mumbai,Premium,0
CUST_04683,48,49.83618546459886,5674.807124034891,Month-to-month,DSL,No internet service,No,No,Yes,12,Bangalore,Standard,0
CUST_04684,15,67.1390946323561,2990.2842541440955,Month-to-month,DSL,No internet service,No internet service,No,No,0,Chennai,Standard,1
CUST_04685,1,50.38965708084448,8453.203808959,Month-to-month,No,Yes,No,No,No,12,Pune,Basic,1
CUST_04686,59,54.79626999563134,4799.941233080213,Two year,No,No internet service,No internet service,Yes,No,4,Chennai,Basic,0
CUST_04687,53,86.27178022767937,7011.082944226307,One year,No,No,Yes,No,Yes,2,Pune,Standard,0
CUST_04688,29,82.5245133671097,6168.59696072933,Month-to-month,Fiber optic,No,No internet service,No internet service,No,11,Bangalore,Basic,1
CUST_04689,37,41.69110403134758,7251.494670828402,One year,DSL,Yes,No internet service,No internet service,No,9,Pune,Basic,0
CUST_04690,27,109.54325424913331,1492.179696396133,Two year,DSL,Yes,No,No,No internet service,8,Bangalore,Premium,0
CUST_04691,24,106.00443165848185,1905.700565910105,Month-to-month,No,No,No,Yes,Yes,16,Bangalore,Basic,1
CUST_04692,9,69.92649728237507,4152.221610865441,One year,Fiber optic,No,No,No internet service,No,5,Delhi,Standard,0
CUST_04693,59,62.191575754966536,7247.451833949522,Two year,Fiber optic,Yes,No internet service,No,No internet service,13,Pune,Basic,0
CUST_04694,41,56.4393102643791,1694.0990233572638,Month-to-month,No,Yes,No internet service,No,No internet service,2,Bangalore,Standard,0
CUST_04695,39,90.14132770397678,8254.580387934104,Month-to-month,DSL,No,No,Yes,No,17,Delhi,Standard,1
CUST_04696,41,86.50993783536599,1100.3227791290294,One year,Fiber optic,No,Yes,No,Yes,6,Pune,Basic,0
CUST_04697,46,38.01042190767382,1503.0111310210689,One year,DSL,No internet service,No,Yes,No,8,Mumbai,Standard,0
CUST_04698,36,86.48871919263685,1436.4769505110517,Month-to-month,Fiber optic,No internet service,No internet service,No internet service,No internet service,14,Pune,Premium,0
CUST_04699,21,43.74798179840808,4988.502493639643,Month-to-month,DSL,No,No internet service,No,Yes,18,Hyderabad,Premium,0
CUST_04700,56,19.892950325399607,7800.583454102666,Two year,Fiber optic,Yes,No,Yes,No internet service,15,Chennai,Standard,0
CUST_04701,26,89.31928510881245,2181.85478594573,Two year,DSL,No internet service,No,No,No,18,Hyderabad,Premium,1
CUST_04702,40,83.76894745099645,4708.858591035519,Month-to-month,DSL,No internet service,No internet service,No,Yes,18,Chennai,Basic,0
CUST_04703,33,59.90254476218283,1508.902430222562,One year,DSL,No,No internet service,No internet service,No,16,Mumbai,Basic,0
CUST_04704,31,71.61997770378963,5371.303153634547,One year,No,Yes,Yes,No,No,5,Chennai,Basic,0
CUST_04705,65,114.61125755398749,1063.3754234746186,Month-to-month,DSL,Yes,No,Yes,No,0,Mumbai,Standard,0
CUST_04706,11,78.71041845235465,4185.297930042703,Two year,DSL,No,No,Yes,No internet service,18,Pune,Basic,1
CUST_04707,39,85.1041614043262,5575.252143607189,Month-to-month,Fiber optic,Yes,Yes,Yes,Yes,14,Hyderabad,Basic,0
CUST_04708,72,24.51895473681239,4930.162989920238,One year,Fiber optic,No,No internet service,No,Yes,2,Delhi,Standard,0
CUST_04709,72,34.931434988862776,1205.4840942676979,Month-to-month,No,Yes,No internet service,No,No internet service,16,Pune,Premium,1
CUST_04710,9,48.69713219398199,1386.7689371887825,Month-to-month,Fiber optic,No,Yes,No internet service,Yes,5,Pune,Basic,0
CUST_04711,47,73.0166904388706,5712.73850292555,Two year,DSL,Yes,No,No,Yes,3,Chennai,Standard,0
CUST_04712,19,97.21227139029877,6879.168649433481,One year,No,No,No internet service,Yes,No,7,Pune,Premium,0
CUST_04713,38,50.766569534435874,7720.28708225599,One year,No,No,Yes,Yes,No,3,Bangalore,Premium,0
CUST_04714,59,54.351007908834944,6919.052873165763,Month-to-month,No,Yes,Yes,No internet service,No internet service,1,Delhi,Premium,0
CUST_04715,65,44.12739028772238,8278.822340721184,One year,DSL,No,Yes,Yes,Yes,9,Delhi,Basic,0
CUST_04716,64,43.9701515881212,3480.7918029286784,One year,DSL,No internet service,No internet service,Yes,No internet service,11,Mumbai,Premium,0
CUST_04717,50,114.78411228126924,2826.947927311295,One year,Fiber optic,Yes,No internet service,Yes,No internet service,0,Hyderabad,Premium,0
CUST_04718,35,82.81663232112679,257.0571319912815,One year,Fiber optic,No,Yes,No internet service,No internet service,11,Bangalore,Premium,1
CUST_04719,23,33.90192684107458,3834.0166504910085,Two year,Fiber optic,Yes,Yes,No internet service,No internet service,9,Hyderabad,Basic,0
CUST_04720,26,91.6693549645945,5542.933507569038,Two year,No,Yes,No internet service,Yes,No,11,Hyderabad,Standard,0
CUST_04721,1,91.64615662272296,6934.296095697238,Two year,DSL,No,No internet service,Yes,No internet service,18,Delhi,Premium,1
CUST_04722,30,85.97995999747792,2286.556556692209,Two year,Fiber optic,No internet service,No internet service,No,Yes,2,Bangalore,Standard,0
CUST_04723,56,31.741485399247686,4374.281206164322,Two year,DSL,Yes,No internet service,No,No,18,Chennai,Premium,0
CUST_04724,65,59.61513131389786,5633.165127056343,One year,No,No internet service,No internet service,Yes,No,6,Bangalore,Premium,0
CUST_04725,28,28.88914571043014,4696.695509277085,Month-to-month,DSL,No internet service,Yes,No,No internet service,0,Mumbai,Basic,0
CUST_04726,14,101.29529141739792,2342.2437250072226,Month-to-month,DSL,No,No internet service,Yes,No,12,Pune,Premium,0
CUST_04727,11,84.82755860414777,6772.067641618718,Two year,No,No,No internet service,Yes,No,8,Delhi,Premium,0
CUST_04728,27,69.73480155031748,1488.4481077869416,One year,Fiber optic,Yes,Yes,No,No,15,Bangalore,Standard,0
CUST_04729,23,52.987578603060854,7694.03895017594,Two year,DSL,No,Yes,No internet service,No,17,Mumbai,Basic,0
CUST_04730,20,36.79344639843221,8097.92562548291,Month-to-month,DSL,Yes,No,No internet service,No,14,Chennai,Standard,1
CUST_04731,9,28.857654060977005,3118.792408922373,One year,No,Yes,No internet service,No internet service,No,19,Hyderabad,Standard,1
CUST_04732,17,116.86254196876375,3208.773946901843,One year,DSL,No internet service,No,Yes,Yes,14,Hyderabad,Standard,1
CUST_04733,13,38.36416147951435,6322.4861921356405,One year,DSL,No,No,Yes,No,14,Mumbai,Standard,0
CUST_04734,33,24.10721192558134,3888.2398929180695,Month-to-month,DSL,No,Yes,No internet service,No,9,Delhi,Basic,1
CUST_04735,57,116.09001076261464,260.6712380087129,Month-to-month,No,Yes,Yes,No internet service,No internet service,17,Hyderabad,Premium,0
CUST_04736,21,73.99307761849836,7820.394404141394,Two year,DSL,No internet service,No,No internet service,No,14,Delhi,Basic,0
CUST_04737,69,99.25898696909657,3671.6244005536,Two year,No,No,No,Yes,No,11,Delhi,Premium,0
CUST_04738,35,22.464116414228492,1744.0454427829202,Month-to-month,Fiber optic,No internet service,No,Yes,No internet service,0,Hyderabad,Premium,1
CUST_04739,44,75.82847746292478,4731.142668448004,Two year,DSL,No internet service,No,No,Yes,12,Chennai,Standard,0
CUST_04740,35,58.617416340035504,1874.762071099547,Month-to-month,No,Yes,No internet service,No,Yes,16,Pune,Premium,0
CUST_04741,21,96.74037230368812,1765.4786012993977,One year,No,No,No,No,No,16,Bangalore,Basic,0
CUST_04742,60,21.919415855183978,4646.893118927346,Two year,DSL,No,Yes,No internet service,Yes,6,Pune,Premium,0
CUST_04743,55,58.972437993284665,3334.8207223510767,Month-to-month,No,No,No,Yes,Yes,10,Hyderabad,Basic,1
CUST_04744,32,99.505488787592,4878.128986143832,Month-to-month,Fiber optic,No internet service,No,No,Yes,11,Bangalore,Basic,1
CUST_04745,44,71.31512099311374,8473.07335503294,Month-to-month,Fiber optic,No,Yes,No,Yes,8,Delhi,Basic,1
CUST_04746,35,74.1039515818576,7304.191985372857,Two year,Fiber optic,Yes,No,No,No,14,Chennai,Premium,0
CUST_04747,19,27.91079756052848,83.06371957598822,Two year,Fiber optic,No internet service,Yes,No,No,0,Delhi,Standard,0
CUST_04748,17,31.49771672424932,446.81352829613985,One year,No,No,No internet service,No internet service,No internet service,10,Chennai,Basic,0
CUST_04749,37,87.05395974731016,5192.693811193217,Two year,No,No internet service,No internet service,Yes,No,4,Pune,Standard,0
CUST_04750,66,86.85475547357183,5329.904080164152,Two year,Fiber optic,No internet service,Yes,Yes,No,18,Pune,Basic,0
CUST_04751,22,117.86854621373188,7466.814739452576,Two year,Fiber optic,No internet service,No internet service,Yes,Yes,17,Pune,Premium,0
CUST_04752,15,90.61920478268614,5353.662954294126,One year,Fiber optic,Yes,No internet service,No,Yes,17,Mumbai,Basic,0
CUST_04753,58,68.31083658521163,1949.4747156905262,One year,Fiber optic,No,No internet service,No internet service,No,17,Pune,Premium,0
CUST_04754,68,105.4474380004224,3991.9546433823666,One year,Fiber optic,No,Yes,No internet service,No,19,Chennai,Premium,1
CUST_04755,67,28.656244553225495,6879.814168493021,Two year,No,No internet service,No,No internet service,Yes,6,Chennai,Premium,0
CUST_04756,20,63.82817373141796,7845.401349723387,Month-to-month,Fiber optic,No,No internet service,Yes,No,13,Pune,Premium,1
CUST_04757,69,47.285129314612114,2027.514039075627,Two year,Fiber optic,No internet service,No,Yes,No,0,Delhi,Standard,1
CUST_04758,11,28.67305630661781,4594.9273623830295,One year,DSL,No internet service,No,No internet service,Yes,19,Pune,Premium,0
CUST_04759,15,95.87721264147736,1366.0234805453558,Two year,No,No internet service,No internet service,No,Yes,8,Pune,Basic,0
CUST_04760,13,70.10078711088616,4233.5514463036425,Two year,Fiber optic,Yes,No internet service,Yes,No internet service,15,Hyderabad,Standard,0
CUST_04761,60,74.79040942954404,782.3479721972683,Month-to-month,No,No,No,Yes,No,5,Hyderabad,Standard,1
CUST_04762,70,59.94802916685356,8005.737489319922,Month-to-month,DSL,No internet service,No internet service,No,Yes,6,Bangalore,Standard,0
CUST_04763,45,64.954397623479,5429.994879153144,Two year,DSL,No,Yes,No,Yes,17,Mumbai,Standard,0
CUST_04764,31,29.83377348654632,7263.46640321541,One year,Fiber optic,Yes,Yes,Yes,No,0,Chennai,Basic,0
CUST_04765,14,86.6376180772716,8485.539667410929,Two year,Fiber optic,Yes,No internet service,No,No,15,Bangalore,Premium,0
CUST_04766,43,62.1096306797318,1567.3729670910184,Two year,Fiber optic,No internet service,No,No,Yes,17,Pune,Basic,0
CUST_04767,16,101.3102924592175,5905.72444568774,Two year,Fiber optic,Yes,No internet service,No,No,17,Chennai,Premium,0
CUST_04768,40,38.02129441459376,7541.417741525171,One year,DSL,Yes,Yes,No,No internet service,18,Chennai,Standard,0
CUST_04769,53,38.91561952872125,4903.107535986803,One year,No,Yes,No,No,Yes,12,Mumbai,Standard,0
CUST_04770,43,83.86747629613015,5443.904681305171,One year,Fiber optic,Yes,No internet service,No internet service,Yes,18,Mumbai,Standard,0
CUST_04771,4,104.29234918653448,3475.8661812843593,One year,No,Yes,Yes,Yes,No,2,Bangalore,Standard,1
CUST_04772,26,66.16417953905389,5741.321391583471,One year,Fiber optic,Yes,No,No internet service,Yes,19,Hyderabad,Premium,0
CUST_04773,42,92.1492946107762,3373.291872452522,Two year,Fiber optic,No,Yes,No internet service,No,16,Chennai,Standard,0
CUST_04774,30,119.93165199229473,4060.687770800585,One year,DSL,Yes,No internet service,No internet service,No internet service,10,Delhi,Premium,0
CUST_04775,16,119.00709525235067,890.8974009268006,Two year,Fiber optic,No,No internet service,Yes,No internet service,16,Bangalore,Standard,0
CUST_04776,53,93.92235796781341,84.23085032999712,Two year,Fiber optic,No internet service,Yes,Yes,No internet service,11,Chennai,Basic,0
CUST_04777,61,93.43782194718138,485.79183494654717,Two year,Fiber optic,Yes,Yes,Yes,Yes,11,Mumbai,Standard,0
CUST_04778,31,43.25712649428838,1650.9685584327378,Month-to-month,DSL,Yes,Yes,No internet service,No internet service,19,Pune,Premium,1
CUST_04779,39,103.02104241746493,3890.913597805344,One year,No,No,Yes,Yes,No,15,Mumbai,Premium,0
CUST_04780,12,59.3204169588063,196.07170896203183,One year,DSL,Yes,Yes,No internet service,No,0,Mumbai,Basic,0
CUST_04781,34,116.12337880641591,1340.6545733062,Two year,Fiber optic,No,No,No,No internet service,19,Mumbai,Premium,1
CUST_04782,4,26.30562424810742,6646.213130147808,Month-to-month,Fiber optic,No,No internet service,Yes,No internet service,12,Pune,Basic,1
CUST_04783,72,62.45571762501805,6482.696747178683,One year,Fiber optic,Yes,No,No,No,1,Hyderabad,Standard,0
CUST_04784,28,74.69572974371685,6716.49233399159,Two year,No,No internet service,Yes,No internet service,No internet service,15,Hyderabad,Standard,0
CUST_04785,69,59.32593312278881,7834.510280195036,Month-to-month,No,No internet service,No,Yes,No internet service,6,Chennai,Standard,0
CUST_04786,24,39.47907743150422,1027.9602282301914,Two year,Fiber optic,No internet service,No internet service,Yes,No internet service,1,Chennai,Premium,0
CUST_04787,21,78.48482585581601,1401.7524301649032,Month-to-month,Fiber optic,No,Yes,No,No,17,Bangalore,Standard,0
CUST_04788,65,95.10362729176403,2847.201759048349,Two year,No,No,Yes,No internet service,No,16,Mumbai,Standard,0
CUST_04789,44,83.77353679406004,7780.227649756075,One year,DSL,Yes,No internet service,No internet service,No internet service,15,Mumbai,Standard,0
CUST_04790,68,41.913782578420026,6595.602216176425,Two year,DSL,No,No,Yes,No,19,Pune,Standard,0
CUST_04791,71,92.62401032558944,2767.1966319227354,Two year,No,No internet service,No internet service,Yes,No internet service,17,Delhi,Standard,0
CUST_04792,0,44.20357621654545,761.3270064331573,Month-to-month,No,Yes,No internet service,Yes,No internet service,19,Delhi,Premium,0
CUST_04793,43,35.87064101825208,5246.135381794411,Month-to-month,Fiber optic,No internet service,No,Yes,No internet service,15,Mumbai,Premium,1
CUST_04794,38,88.44813757474965,2196.340164363543,One year,No,Yes,No,Yes,Yes,0,Delhi,Premium,1
CUST_04795,53,103.96429910362076,4523.236064545267,Two year,No,No internet service,Yes,No internet service,Yes,4,Delhi,Premium,0
CUST_04796,28,67.1170236650506,8006.3760961354865,Month-to-month,Fiber optic,Yes,Yes,Yes,No internet service,14,Mumbai,Standard,1
CUST_04797,53,72.20196290012065,4874.939474756185,One year,No,No internet service,Yes,No,Yes,12,Hyderabad,Premium,0
CUST_04798,15,48.88025218806571,7853.963689742975,One year,Fiber optic,No,No internet service,Yes,No internet service,4,Hyderabad,Basic,0
CUST_04799,19,68.45103754122329,3351.754982808533,Month-to-month,DSL,No internet service,No,Yes,Yes,17,Chennai,Standard,0
CUST_04800,45,31.462265797265534,5390.086042883353,Month-to-month,DSL,Yes,No,No internet service,No internet service,19,Hyderabad,Standard,1
CUST_04801,66,115.49474462766499,7599.9747590181505,Two year,DSL,No internet service,Yes,No internet service,Yes,4,Mumbai,Basic,0
CUST_04802,64,99.63678667297282,5005.308377068712,One year,Fiber optic,No,No internet service,No internet service,No,15,Delhi,Premium,0
CUST_04803,57,86.13325220386285,5233.570578543898,Month-to-month,DSL,Yes,No internet service,No,No,10,Mumbai,Basic,0
CUST_04804,52,72.89582591180911,6093.724304012946,One year,DSL,No,No,No internet service,Yes,10,Bangalore,Premium,0
CUST_04805,0,98.80125189525238,7500.037996470763,Two year,Fiber optic,No internet service,No,Yes,No internet service,2,Delhi,Basic,1
CUST_04806,65,68.46523843775205,765.943279444915,Month-to-month,Fiber optic,Yes,No,No internet service,Yes,18,Mumbai,Standard,0
CUST_04807,28,48.59733863176231,2875.241279617569,One year,DSL,No internet service,No,No,Yes,9,Chennai,Premium,0
CUST_04808,69,34.358171987000546,3391.1618466156815,Month-to-month,DSL,Yes,No internet service,Yes,No,1,Chennai,Premium,1
CUST_04809,7,84.05373005778434,7734.157381831005,Two year,DSL,No,Yes,Yes,No,16,Delhi,Premium,1
CUST_04810,28,112.80142599270444,8126.859215746421,Two year,No,No,No,No,No,2,Hyderabad,Standard,0
CUST_04811,50,33.66909245744382,1039.0671012895882,Two year,Fiber optic,No,No,No internet service,Yes,2,Chennai,Premium,0
CUST_04812,32,36.36184059518229,1028.2713399684385,Two year,Fiber optic,No internet service,No,No internet service,No,7,Pune,Basic,0
CUST_04813,2,62.227815407772574,7947.497738848538,Month-to-month,Fiber optic,Yes,No internet service,No internet service,No,15,Bangalore,Premium,0
CUST_04814,59,100.30373348780827,2526.7372675271513,Month-to-month,Fiber optic,No,Yes,No internet service,No,11,Pune,Premium,0
CUST_04815,34,47.98011835509347,2069.0699022731296,One year,DSL,No internet service,No internet service,No,No internet service,18,Pune,Standard,0
CUST_04816,68,43.899118316342864,320.15314732626496,One year,Fiber optic,No internet service,Yes,No,No internet service,0,Pune,Basic,0
CUST_04817,19,81.23656172920906,2355.604718724645,Month-to-month,No,Yes,No internet service,No internet service,Yes,18,Delhi,Basic,1
CUST_04818,72,72.63270775118184,5900.491155730832,Month-to-month,No,No,No,No,No,3,Bangalore,Basic,1
CUST_04819,38,24.1424771734141,3631.638732356962,One year,DSL,No internet service,No,Yes,Yes,16,Delhi,Premium,0
CUST_04820,3,26.311977685546207,4402.09432271023,Month-to-month,DSL,No,Yes,No internet service,Yes,18,Hyderabad,Premium,1
CUST_04821,18,83.58732397884614,7798.501250487458,Two year,Fiber optic,Yes,No internet service,Yes,No,3,Mumbai,Standard,0
CUST_04822,44,65.4426071130735,990.7987366181062,Two year,DSL,No,Yes,Yes,Yes,14,Pune,Standard,0
CUST_04823,42,117.03967354209298,622.2637466877247,Two year,DSL,No,No internet service,Yes,No,6,Delhi,Premium,0
CUST_04824,12,87.2102038944666,7244.076614068871,One year,DSL,No internet service,No,No internet service,No,19,Mumbai,Basic,0
CUST_04825,12,19.027513523309608,6590.326873807253,Month-to-month,No,No internet service,Yes,No internet service,No internet service,16,Delhi,Basic,0
CUST_04826,59,67.0639155396471,2254.9933736677654,One year,Fiber optic,Yes,Yes,No internet service,Yes,8,Hyderabad,Premium,0
CUST_04827,56,60.27368937361891,2768.153859904971,One year,DSL,Yes,No,No,Yes,6,Bangalore,Basic,0
CUST_04828,51,28.88481371936441,2649.7766030491503,Month-to-month,Fiber optic,Yes,No,No internet service,No,3,Mumbai,Basic,0
CUST_04829,52,112.16730125896339,5512.7142248218515,One year,Fiber optic,No internet service,No,Yes,No internet service,16,Bangalore,Premium,0
CUST_04830,42,100.11115250633581,537.196002280523,Two year,Fiber optic,Yes,No,No internet service,No internet service,14,Delhi,Standard,0
CUST_04831,71,41.46876265884019,4169.104246206932,Month-to-month,No,Yes,No,No,Yes,8,Pune,Premium,1
CUST_04832,71,44.110037401985714,1153.5105240143043,Two year,Fiber optic,No internet service,No,No internet service,No internet service,15,Delhi,Standard,0
CUST_04833,41,21.265841438583998,6971.022304136432,Two year,Fiber optic,Yes,No internet service,No,Yes,5,Hyderabad,Basic,0
CUST_04834,25,48.265180061062175,3246.783602557125,Month-to-month,DSL,No internet service,No internet service,Yes,Yes,16,Delhi,Standard,0
CUST_04835,22,77.63144490916207,4492.867342887454,Two year,DSL,Yes,Yes,Yes,No internet service,6,Hyderabad,Standard,0
CUST_04836,42,60.92602561544016,266.67195766166265,Two year,No,No internet service,No internet service,Yes,No,16,Delhi,Premium,0
CUST_04837,27,116.86405729940745,512.1979074552058,Two year,Fiber optic,No,Yes,Yes,Yes,13,Pune,Basic,0
CUST_04838,8,23.72017726489443,5743.8150742812595,Month-to-month,No,No internet service,No internet service,Yes,Yes,14,Bangalore,Basic,0
CUST_04839,19,78.32587620769908,6521.7477638887785,Month-to-month,Fiber optic,No internet service,No internet service,Yes,Yes,19,Delhi,Basic,0
CUST_04840,55,105.5475629317189,6040.521828595873,Month-to-month,No,No internet service,No,No,Yes,17,Mumbai,Standard,0
CUST_04841,38,67.03557306579171,6269.392074435571,One year,Fiber optic,Yes,No internet service,Yes,No internet service,18,Chennai,Standard,0
CUST_04842,50,18.302197497160474,905.3855723594085,Two year,DSL,No internet service,No internet service,No internet service,No internet service,17,Mumbai,Premium,0
CUST_04843,11,42.76575298228007,5899.850034189343,One year,No,No internet service,No internet service,No,No internet service,13,Mumbai,Basic,0
CUST_04844,54,51.02443551813255,1559.5829963688923,One year,DSL,Yes,No,No,No internet service,19,Hyderabad,Basic,0
CUST_04845,10,116.53143844486117,849.3668931788939,Two year,Fiber optic,No,No,No internet service,Yes,4,Delhi,Standard,1
CUST_04846,25,111.00087474754734,6440.238163917962,Month-to-month,No,No internet service,No internet service,No internet service,No,6,Bangalore,Standard,0
CUST_04847,41,114.8153915209783,7561.942685255472,One year,DSL,Yes,Yes,No internet service,No,11,Delhi,Standard,0
CUST_04848,26,102.22736267693077,6097.133434610556,Month-to-month,DSL,No,No internet service,No internet service,No internet service,16,Chennai,Basic,1
CUST_04849,10,53.86806887961825,6850.874026774738,Month-to-month,DSL,No internet service,No,No internet service,Yes,18,Delhi,Basic,1
CUST_04850,37,110.39939505381246,8424.409731741545,Two year,Fiber optic,No,No,Yes,No internet service,15,Chennai,Premium,0
CUST_04851,42,118.13181960557898,1160.999640551498,One year,No,No internet service,Yes,No,No,1,Chennai,Premium,0
CUST_04852,18,53.7072738520452,8204.423949737033,One year,DSL,No internet service,No,No internet service,No internet service,11,Mumbai,Basic,1
CUST_04853,63,44.57670853061779,5117.35978616705,Month-to-month,Fiber optic,No,No,No internet service,Yes,16,Chennai,Premium,1
CUST_04854,5,73.78546186378657,6916.013280600464,Two year,Fiber optic,No,No internet service,No,Yes,2,Chennai,Standard,0
CUST_04855,45,37.089523645090864,5532.734998226617,One year,Fiber optic,No,Yes,No,Yes,7,Pune,Premium,0
CUST_04856,41,21.327670583450782,4853.0605244773315,Month-to-month,No,No internet service,No,Yes,No internet service,4,Bangalore,Standard,0
CUST_04857,64,114.47477945381871,5986.096307291956,Month-to-month,Fiber optic,No internet service,No,No,No,16,Pune,Premium,1
CUST_04858,71,112.42554450902476,2734.43399239912,Month-to-month,Fiber optic,Yes,No internet service,No internet service,Yes,13,Hyderabad,Basic,0
CUST_04859,58,34.59069308373635,7857.671062258403,Two year,No,Yes,No internet service,No,No,13,Delhi,Standard,0
CUST_04860,51,59.58950518683138,995.9115961771149,Two year,No,Yes,No internet service,No internet service,No,3,Bangalore,Premium,0
CUST_04861,46,102.76570395381393,2715.540503421372,Month-to-month,Fiber optic,No internet service,No internet service,No,No internet service,14,Hyderabad,Basic,0
CUST_04862,6,85.422030479727,282.31907984666907,Month-to-month,Fiber optic,No,Yes,No,No internet service,1,Mumbai,Standard,0
CUST_04863,10,58.26832593541282,2319.36209013415,Two year,DSL,Yes,No internet service,Yes,No,3,Bangalore,Standard,0
CUST_04864,60,93.90544171264753,1868.8833203133918,Month-to-month,No,No internet service,Yes,No internet service,Yes,16,Bangalore,Basic,0
CUST_04865,67,109.49883359743947,438.9689602761499,Month-to-month,No,No,No,Yes,Yes,2,Mumbai,Basic,1
CUST_04866,24,112.46814971363854,4189.227609564013,Two year,DSL,Yes,No,Yes,No internet service,15,Chennai,Standard,1
CUST_04867,11,56.64266041606328,3992.9709070192825,Month-to-month,Fiber optic,No,No internet service,No internet service,Yes,11,Mumbai,Basic,1
CUST_04868,25,35.70318936742753,677.4368551485095,Month-to-month,Fiber optic,No,No internet service,No,No,19,Delhi,Premium,1
CUST_04869,11,111.10956353578547,2239.016207406169,Month-to-month,Fiber optic,Yes,No internet service,Yes,Yes,2,Mumbai,Premium,1
CUST_04870,42,27.440655477824883,8104.0785650756325,Two year,Fiber optic,Yes,No,No,No internet service,4,Bangalore,Standard,0
CUST_04871,50,91.61221590527269,957.2680490973852,Two year,DSL,No internet service,No,No,No,15,Mumbai,Standard,1
CUST_04872,36,32.33072611580177,2605.168179626009,Two year,No,No,No,Yes,No,6,Delhi,Premium,0
CUST_04873,45,57.717459176104605,322.18486369241384,One year,No,Yes,Yes,Yes,Yes,19,Chennai,Basic,0
CUST_04874,52,59.97868614759279,1280.8612526547897,One year,Fiber optic,Yes,No,Yes,Yes,15,Chennai,Basic,0
CUST_04875,12,34.1933073414325,5950.286265524827,One year,DSL,No,No internet service,No,No,16,Hyderabad,Standard,0
CUST_04876,53,112.11350626867441,3128.489358623047,One year,Fiber optic,No,Yes,No internet service,No internet service,1,Pune,Basic,0
CUST_04877,56,18.2721531369472,3852.5134725003004,Two year,Fiber optic,No,Yes,No internet service,No internet service,11,Hyderabad,Standard,0
CUST_04878,3,109.16847140809632,1349.4907474982253,Month-to-month,DSL,Yes,Yes,Yes,Yes,12,Delhi,Basic,1
CUST_04879,48,108.15059099449952,5803.912946464021,Two year,DSL,Yes,No,No,No internet service,4,Hyderabad,Basic,0
CUST_04880,6,50.33029267719616,6392.406195010013,One year,No,No internet service,No,Yes,No,15,Chennai,Basic,1
CUST_04881,10,89.8369955276861,1554.1924040009867,Two year,No,No,No,No,No internet service,7,Pune,Premium,0
CUST_04882,53,43.78650895242818,399.63455842434945,Month-to-month,Fiber optic,Yes,No,No internet service,No,13,Chennai,Standard,0
CUST_04883,44,95.39490334990172,704.542701209095,One year,Fiber optic,Yes,No internet service,No internet service,Yes,7,Hyderabad,Basic,0
CUST_04884,22,75.23421366234982,5591.062112595996,Month-to-month,No,No,Yes,Yes,No internet service,17,Mumbai,Basic,0
CUST_04885,27,48.62299633326115,1167.4009303612238,Month-to-month,DSL,Yes,Yes,Yes,No,19,Chennai,Premium,0
CUST_04886,56,58.823944871040766,4207.419551420063,Month-to-month,Fiber optic,No,Yes,No internet service,Yes,11,Hyderabad,Premium,0
CUST_04887,25,88.36865068831716,1312.7054653157745,One year,Fiber optic,Yes,Yes,No,No,10,Hyderabad,Premium,1
CUST_04888,24,110.42193986366587,1461.1957448768437,Two year,DSL,No,Yes,No internet service,No internet service,15,Delhi,Standard,0
CUST_04889,53,31.334104689862013,54.985789342760825,One year,Fiber optic,No,No internet service,No,No,14,Delhi,Premium,0
CUST_04890,28,76.27912490625403,2739.231338190846,One year,DSL,Yes,No internet service,Yes,Yes,12,Chennai,Premium,0
CUST_04891,35,43.88037834462598,779.6604108300012,Two year,No,No,Yes,No internet service,Yes,17,Bangalore,Basic,0
CUST_04892,13,99.73996948729683,3359.579537437487,Two year,No,No internet service,Yes,Yes,No internet service,0,Hyderabad,Basic,0
CUST_04893,34,25.16420519868707,5088.406514176347,Two year,No,No internet service,No,No internet service,Yes,0,Mumbai,Premium,0
CUST_04894,29,88.27349059745931,3135.405982326288,Two year,No,No,Yes,Yes,No internet service,0,Bangalore,Basic,0
CUST_04895,16,35.844493396485035,5998.502392745314,Month-to-month,No,No internet service,No internet service,No internet service,Yes,8,Hyderabad,Basic,0
CUST_04896,66,78.83131267712938,6306.993896509835,One year,Fiber optic,Yes,No,No internet service,No internet service,13,Bangalore,Premium,0
CUST_04897,29,103.24064389365459,5926.615377594406,One year,No,Yes,No internet service,Yes,Yes,17,Hyderabad,Premium,0
CUST_04898,44,95.01822753641132,7963.204412794367,One year,Fiber optic,No,No,No internet service,No internet service,0,Hyderabad,Premium,1
CUST_04899,50,94.800174543731,2030.730057472871,Two year,Fiber optic,Yes,No,No internet service,No,19,Bangalore,Premium,1
CUST_04900,46,70.82022184306433,1624.9696353212316,One year,DSL,Yes,Yes,No internet service,No,10,Delhi,Premium,0
CUST_04901,52,108.85605036867157,5189.572851749517,Month-to-month,Fiber optic,No internet service,No internet service,No internet service,No internet service,1,Hyderabad,Basic,1
CUST_04902,63,77.9867302206838,5063.746794020743,One year,Fiber optic,Yes,No internet service,Yes,Yes,18,Chennai,Standard,0
CUST_04903,37,111.5868327920562,4344.654066229714,One year,No,Yes,Yes,Yes,Yes,1,Bangalore,Basic,0
CUST_04904,63,73.74529069890659,54.92377025435146,Month-to-month,No,No internet service,No,No internet service,No internet service,18,Pune,Premium,0
CUST_04905,6,69.60848742804029,4727.530666062679,Month-to-month,DSL,No,No,No internet service,Yes,1,Delhi,Standard,0
CUST_04906,21,40.68000795945208,7929.993118396608,One year,DSL,No,No internet service,Yes,No internet service,5,Mumbai,Standard,0
CUST_04907,40,73.56823871108091,2855.887959055303,Two year,Fiber optic,No internet service,Yes,No internet service,No,14,Hyderabad,Standard,0
CUST_04908,9,32.33965278738749,8225.176357742364,Two year,DSL,No internet service,Yes,No,No internet service,10,Pune,Basic,0
CUST_04909,56,106.70840052847363,3044.010152954843,One year,No,Yes,No internet service,Yes,Yes,15,Hyderabad,Premium,0
CUST_04910,6,86.94097264824593,1204.245890356131,One year,No,Yes,No,No internet service,Yes,19,Pune,Basic,1
CUST_04911,49,119.35081574628008,3397.2577654119887,One year,No,No,No,No,No internet service,2,Chennai,Standard,0
CUST_04912,51,27.393937634633357,4213.293156217501,One year,Fiber optic,No,Yes,No internet service,No internet service,2,Delhi,Basic,0
CUST_04913,32,42.548620484219256,5357.117127117846,Two year,Fiber optic,No internet service,No,No internet service,No internet service,18,Hyderabad,Premium,0
CUST_04914,0,107.4701776351462,4300.376570273437,One year,DSL,Yes,No,No internet service,No internet service,10,Pune,Basic,1
CUST_04915,52,58.315918176429605,4570.447397659542,Month-to-month,No,No internet service,No,No,No,5,Delhi,Standard,0
CUST_04916,59,65.56290497815355,222.1366193492088,Two year,Fiber optic,No,No internet service,No,Yes,8,Hyderabad,Standard,0
CUST_04917,33,105.78649251353693,2169.2062745944972,Two year,Fiber optic,No,Yes,Yes,Yes,4,Pune,Basic,0
CUST_04918,3,71.22596894489513,2653.329052640057,Month-to-month,DSL,No internet service,No internet service,No internet service,No internet service,6,Mumbai,Premium,0
CUST_04919,16,37.734536640265546,8390.484978310451,One year,No,Yes,No internet service,No internet service,No internet service,19,Pune,Premium,0
CUST_04920,3,108.98707177179766,2525.0055578470196,One year,No,Yes,No,No,No internet service,0,Chennai,Premium,1
CUST_04921,42,21.168288955149414,7622.781795727587,One year,DSL,No internet service,Yes,No internet service,No,2,Mumbai,Basic,0
CUST_04922,3,109.33041929963122,2602.77245298943,One year,DSL,No,No,No internet service,No,10,Mumbai,Standard,1
CUST_04923,0,23.15306312057814,833.2078279015611,One year,DSL,No internet service,Yes,No internet service,No internet service,9,Pune,Basic,0
CUST_04924,70,85.91663518921307,2118.2907788349303,Month-to-month,DSL,No internet service,No,No,Yes,12,Bangalore,Standard,1
CUST_04925,49,25.311296726884137,2332.1303608430753,One year,No,Yes,Yes,No internet service,No,2,Mumbai,Basic,0
CUST_04926,72,90.03372456843668,8315.504573366365,Month-to-month,No,No,Yes,No internet service,Yes,10,Chennai,Standard,0
CUST_04927,60,21.46507477596099,5737.340550221305,Month-to-month,DSL,No,No,Yes,No,19,Chennai,Premium,0
CUST_04928,34,103.93068822650032,7920.518204857033,Month-to-month,Fiber optic,Yes,No,No internet service,No internet service,8,Pune,Basic,1
CUST_04929,7,65.52628299485845,7100.427778341298,One year,Fiber optic,No,No internet service,No,No internet service,10,Hyderabad,Premium,0
CUST_04930,23,27.53229909222555,4925.672397931623,One year,No,No,No internet service,No,Yes,8,Pune,Basic,0
CUST_04931,35,90.09558339103468,5746.640373450868,Two year,No,Yes,Yes,No internet service,No internet service,12,Mumbai,Premium,0
CUST_04932,49,67.90759606538377,5317.869076929739,Two year,DSL,No,No,Yes,Yes,8,Delhi,Standard,0
CUST_04933,42,37.476783605295175,5669.242988158735,Month-to-month,Fiber optic,No,No,No internet service,No internet service,13,Bangalore,Standard,1
CUST_04934,26,19.59858213665003,2263.810223368557,Two year,No,No internet service,No internet service,No internet service,No internet service,15,Pune,Standard,0
CUST_04935,31,60.63582249200479,3479.717388351722,Month-to-month,Fiber optic,No,No,No internet service,Yes,16,Bangalore,Standard,1
CUST_04936,17,26.73418153431063,5044.567313975477,Two year,DSL,No internet service,Yes,No,No internet service,14,Bangalore,Basic,0
CUST_04937,27,27.605309221218192,322.7452406037801,One year,No,No internet service,Yes,No internet service,No,10,Chennai,Standard,0
CUST_04938,28,45.267613932993044,4113.405633689163,One year,No,No internet service,Yes,No,No internet service,11,Chennai,Premium,0
CUST_04939,15,82.30674631872728,7310.203849080591,Month-to-month,Fiber optic,Yes,No internet service,Yes,Yes,10,Hyderabad,Premium,1
CUST_04940,46,72.05088207321683,4194.263065378768,Month-to-month,Fiber optic,Yes,Yes,No internet service,No internet service,17,Mumbai,Basic,0
CUST_04941,58,25.036705442385422,4702.806812935945,One year,No,No,No internet service,No,No,11,Chennai,Basic,0
CUST_04942,30,116.77999014103192,1730.5592322098487,One year,Fiber optic,No internet service,No internet service,No,No internet service,7,Bangalore,Standard,1
CUST_04943,3,108.49120620604829,6755.620243684484,One year,Fiber optic,No,Yes,No,No internet service,9,Chennai,Basic,0
CUST_04944,36,44.440999688806144,3062.0056391343196,Two year,DSL,No,No internet service,No internet service,No,2,Pune,Standard,0
CUST_04945,16,30.478534748138408,8131.775628613495,Two year,Fiber optic,No,No internet service,Yes,No internet service,19,Mumbai,Basic,0
CUST_04946,38,114.125092205213,8446.689003657752,Two year,No,No,Yes,No,No internet service,3,Chennai,Standard,0
CUST_04947,47,65.03646134383139,7787.51660229794,Two year,DSL,No,Yes,No internet service,Yes,12,Pune,Premium,0
CUST_04948,45,49.73903040668645,737.9245495305329,Month-to-month,No,No internet service,No internet service,No,Yes,19,Mumbai,Standard,1
CUST_04949,47,68.01651958684911,2844.0595249172998,Month-to-month,DSL,No internet service,No internet service,No,Yes,7,Hyderabad,Premium,1
CUST_04950,38,96.81990274373403,8034.657420939552,Two year,DSL,No internet service,No,No internet service,Yes,1,Chennai,Premium,0
CUST_04951,3,35.17530042691156,6842.05140687052,Month-to-month,Fiber optic,No internet service,Yes,No,No,1,Mumbai,Basic,1
CUST_04952,29,96.28457501794934,7746.659204505618,Two year,Fiber optic,Yes,No,No,Yes,5,Pune,Premium,0
CUST_04953,29,94.44357236925427,4874.3961884638,Two year,No,No internet service,No internet service,No internet service,Yes,19,Pune,Standard,0
CUST_04954,21,73.01351689376973,4092.7323430066313,One year,Fiber optic,No internet service,No,Yes,No internet service,6,Mumbai,Basic,0
CUST_04955,65,106.31591345245734,921.3017608317539,Two year,DSL,No internet service,No internet service,Yes,No,3,Pune,Basic,1
CUST_04956,11,31.478624573325774,7138.397621984526,Month-to-month,Fiber optic,Yes,No,Yes,No,7,Delhi,Standard,1
CUST_04957,35,78.73885867989866,6338.290613702499,Two year,No,No,No internet service,Yes,Yes,17,Hyderabad,Basic,0
CUST_04958,17,63.832991355185804,517.3913467767263,One year,DSL,Yes,No internet service,No internet service,No internet service,9,Chennai,Standard,0
CUST_04959,52,61.07379550925483,1794.2545489472104,Month-to-month,No,No internet service,No internet service,No internet service,No,19,Delhi,Premium,0
CUST_04960,70,43.761229269491594,4744.828292037919,One year,Fiber optic,No internet service,Yes,Yes,No,10,Chennai,Basic,0
CUST_04961,0,55.97252499461062,5823.101174312265,Two year,DSL,Yes,No internet service,No internet service,Yes,6,Bangalore,Premium,0
CUST_04962,57,29.031377114413907,1185.719181461857,Two year,No,No,Yes,Yes,Yes,4,Bangalore,Basic,0
CUST_04963,5,43.66309491601217,2094.604110197431,Two year,Fiber optic,Yes,No internet service,No,Yes,10,Mumbai,Standard,1
CUST_04964,69,45.74044099336442,1655.9608157158566,Two year,Fiber optic,Yes,No,No,No internet service,17,Delhi,Standard,1
CUST_04965,43,91.50812248093422,1884.015848951539,Month-to-month,No,No internet service,No internet service,No,Yes,15,Mumbai,Standard,0
CUST_04966,71,22.952143575304042,7827.48871411028,Two year,DSL,Yes,No internet service,Yes,No,18,Mumbai,Standard,0
CUST_04967,23,84.42161543138779,6089.581618514712,One year,No,Yes,No,No,No,19,Mumbai,Basic,0
CUST_04968,18,40.58381079890536,6270.1414077808195,Month-to-month,Fiber optic,Yes,No internet service,Yes,Yes,4,Bangalore,Premium,0
CUST_04969,17,26.34987360346198,6752.668226793255,Month-to-month,No,Yes,No internet service,No internet service,No,6,Pune,Premium,0
CUST_04970,29,48.682228430714275,3042.452547706917,Month-to-month,Fiber optic,Yes,No internet service,No,No internet service,2,Mumbai,Basic,0
CUST_04971,41,40.896232681717485,6525.2598993335105,One year,DSL,Yes,No,No,Yes,9,Pune,Basic,0
CUST_04972,32,74.3073023356647,8316.902410647152,One year,No,No internet service,No internet service,No,No,18,Pune,Premium,0
CUST_04973,11,54.45239315169216,5941.77999407107,One year,DSL,No internet service,Yes,No internet service,No,4,Mumbai,Premium,0
CUST_04974,26,116.53136172564926,3552.8998984653167,One year,No,No internet service,Yes,Yes,Yes,4,Mumbai,Basic,0
CUST_04975,38,116.28205913786677,6094.163702400488,Two year,Fiber optic,No internet service,Yes,No,No,10,Mumbai,Basic,0
CUST_04976,8,63.25895745026443,7658.5406476296575,Two year,DSL,Yes,Yes,No,No,18,Delhi,Basic,0
CUST_04977,20,99.09892098734647,1110.1554134596079,One year,Fiber optic,Yes,No,Yes,Yes,11,Chennai,Basic,1
CUST_04978,28,19.353391167809253,2268.229438309607,One year,No,Yes,No internet service,No,No internet service,16,Delhi,Basic,0
CUST_04979,32,73.87678164192987,7815.470498419774,Two year,Fiber optic,Yes,Yes,No,No,19,Hyderabad,Premium,0
CUST_04980,61,93.81651557531187,8043.947461570479,Two year,No,No internet service,No internet service,No,No internet service,14,Pune,Premium,1
CUST_04981,14,40.12820899154826,4124.46807621441,One year,DSL,No internet service,No internet service,Yes,No internet service,17,Delhi,Standard,0
CUST_04982,1,24.239519026926263,3194.9412715867697,Month-to-month,Fiber optic,Yes,No,No,No internet service,8,Pune,Standard,1
CUST_04983,51,33.9037314624585,2416.555275124894,Month-to-month,Fiber optic,Yes,No internet service,No internet service,No internet service,16,Pune,Premium,1
CUST_04984,43,63.06850489173342,4248.4105715335945,One year,No,Yes,Yes,Yes,No internet service,10,Pune,Premium,0
CUST_04985,53,69.64988491713872,7944.693227795301,Month-to-month,No,Yes,Yes,No,No,5,Hyderabad,Standard,0
CUST_04986,17,56.85028245509438,1288.6852598142314,Two year,No,No,No,No internet service,No,11,Bangalore,Standard,0
CUST_04987,2,62.87732423832276,3579.003476157522,Month-to-month,DSL,No,Yes,No internet service,No internet service,10,Chennai,Standard,0
CUST_04988,6,65.9639658801467,7750.257842713421,One year,Fiber optic,No,Yes,No internet service,Yes,16,Mumbai,Basic,0
CUST_04989,42,96.48253948331181,2979.229649363545,Month-to-month,No,No,No,No internet service,No internet service,9,Hyderabad,Standard,1
CUST_04990,37,28.73467360392054,6532.866494543282,Month-to-month,No,Yes,No,No internet service,Yes,12,Bangalore,Basic,1
CUST_04991,36,96.43294765025838,3319.7015068970272,Month-to-month,Fiber optic,Yes,Yes,No,No,4,Chennai,Basic,0
CUST_04992,57,88.23998483408981,6845.388085536039,Two year,DSL,Yes,No,No internet service,Yes,3,Hyderabad,Standard,1
CUST_04993,32,93.64940256658444,8338.861932337044,Two year,Fiber optic,No,No,Yes,No,6,Bangalore,Premium,0
CUST_04994,58,92.91577535928293,3307.506293699511,Two year,No,No,Yes,No,Yes,14,Mumbai,Standard,0
CUST_04995,10,66.00036521178194,7186.126788098369,One year,Fiber optic,Yes,Yes,No,No internet service,1,Bangalore,Standard,1
CUST_04996,67,39.56281882521181,8401.75150829543,Month-to-month,No,No,No,No internet service,No,16,Bangalore,Standard,0
CUST_04997,67,72.73614823878401,8362.847273021458,Two year,No,No internet service,No internet service,No internet service,Yes,7,Mumbai,Standard,0
CUST_04998,21,115.71416946812816,3697.2463135655184,Two year,Fiber optic,No,No internet service,No,No internet service,15,Pune,Standard,0
CUST_04999,65,78.0296195021231,4138.22582449789,Month-to-month,Fiber optic,No,Yes,Yes,Yes,19,Pune,Basic,0
CUST_05000,43,19.126808811703317,2591.452045855943,One year,DSL,No,Yes,No,Yes,2,Hyderabad,Standard,0
CUST_05001,5,24.090512297391847,2681.5071538931,Month-to-month,No,No,No internet service,No,Yes,16,Bangalore,Premium,1
CUST_05002,41,119.27207022756234,4195.135821166619,One year,No,Yes,No,No internet service,No,4,Mumbai,Premium,1
CUST_05003,24,25.33852864242292,1718.7986809254667,Month-to-month,No,No internet service,No internet service,Yes,No,13,Hyderabad,Basic,0
CUST_05004,56,22.696606324579655,6049.747797986095,Two year,No,Yes,No internet service,No internet service,No internet service,13,Mumbai,Basic,0
CUST_05005,54,54.00847547458285,4566.9689917855685,Two year,No,No,Yes,No internet service,Yes,13,Delhi,Standard,0
CUST_05006,15,116.87035473347234,7635.4115645437805,Two year,Fiber optic,No,No,No internet service,Yes,10,Hyderabad,Standard,0
CUST_05007,13,50.5048656807523,6893.360203581008,One year,No,No,No internet service,No internet service,No,19,Delhi,Basic,0
CUST_05008,38,59.8081813492776,2753.1999791609137,Month-to-month,Fiber optic,No,No,Yes,No,12,Pune,Premium,1
CUST_05009,27,82.67586024327369,4308.234812435855,One year,DSL,No,Yes,No internet service,Yes,8,Bangalore,Standard,0
CUST_05010,50,20.459407611292576,6383.867616232083,Two year,No,No internet service,No internet service,No internet service,Yes,19,Bangalore,Premium,0
CUST_05011,48,109.57188490695718,1656.7234812717181,One year,DSL,Yes,Yes,Yes,Yes,1,Bangalore,Basic,0
CUST_05012,8,70.98318779055208,286.011944312742,One year,Fiber optic,No,No internet service,No,No,11,Hyderabad,Premium,0
CUST_05013,57,65.61471241241391,7247.246992146863,One year,Fiber optic,No internet service,No,No internet service,Yes,7,Chennai,Premium,0
CUST_05014,44,105.7941195450763,1184.701284055187,Month-to-month,DSL,Yes,Yes,No,Yes,15,Hyderabad,Premium,0
CUST_05015,21,115.21381211451816,7561.987757349338,One year,No,Yes,No,No internet service,No,0,Hyderabad,Standard,0
CUST_05016,31,61.18937362797715,7767.223258559869,One year,Fiber optic,Yes,No internet service,No internet service,No,15,Chennai,Basic,0
CUST_05017,68,35.588990087909536,3925.6611162793674,One year,Fiber optic,No,Yes,Yes,No,5,Hyderabad,Standard,0
CUST_05018,68,101.20234554021144,6861.122484174569,Two year,Fiber optic,No,No,Yes,No,19,Pune,Premium,0
CUST_05019,41,59.13256296469369,3098.5881515758015,Two year,Fiber optic,No internet service,No,No,Yes,5,Delhi,Standard,1
CUST_05020,52,113.42564503020014,7297.799900476636,Month-to-month,Fiber optic,No internet service,No internet service,No internet service,No,2,Chennai,Standard,0
CUST_05021,58,114.88969635076026,7012.951741502092,Two year,Fiber optic,Yes,Yes,Yes,No,8,Chennai,Standard,1
CUST_05022,38,29.712561235579688,683.9929814455987,Month-to-month,DSL,No,No,No internet service,Yes,18,Delhi,Basic,1
CUST_05023,14,115.56850466795083,4959.627965061578,Two year,No,Yes,Yes,No internet service,No internet service,2,Chennai,Basic,0
CUST_05024,70,55.563573195402334,5446.470700307618,Month-to-month,No,Yes,Yes,No,Yes,6,Chennai,Premium,1
CUST_05025,28,83.91775680103343,25.27153961744854,Month-to-month,No,No internet service,Yes,No internet service,Yes,13,Delhi,Standard,1
CUST_05026,2,21.544508336872696,8329.667179461883,Month-to-month,No,No,Yes,Yes,Yes,13,Mumbai,Premium,1
CUST_05027,9,108.66619595655092,3466.506170307829,Two year,DSL,No internet service,No internet service,No,Yes,2,Mumbai,Standard,0
CUST_05028,28,83.44292759317622,4406.105072097846,One year,DSL,No,No,Yes,Yes,4,Pune,Premium,0
CUST_05029,34,83.64255562955475,1670.3282048044036,Two year,No,Yes,Yes,No,Yes,4,Mumbai,Basic,0
CUST_05030,5,110.02196831770334,5199.81137450141,One year,Fiber optic,Yes,No,No,Yes,18,Delhi,Premium,1
CUST_05031,11,69.851411840549,6893.6777057815225,Two year,No,Yes,No,No internet service,No internet service,9,Bangalore,Basic,0
CUST_05032,37,59.87269731698015,4987.538876394734,One year,Fiber optic,No,No,No,Yes,8,Hyderabad,Standard,1
CUST_05033,18,106.34513273381626,6702.1132584933885,Two year,Fiber optic,Yes,No internet service,No,Yes,15,Chennai,Standard,1
CUST_05034,66,93.72689221088262,6219.2577228114915,Month-to-month,DSL,No,Yes,No internet service,Yes,8,Delhi,Standard,1
CUST_05035,7,114.79551782641991,2033.813557373185,Month-to-month,Fiber optic,No,Yes,No,Yes,5,Hyderabad,Premium,1
CUST_05036,7,113.89243311767433,3714.5645182878447,Month-to-month,DSL,No internet service,No,No,Yes,4,Delhi,Premium,1
CUST_05037,46,56.997268785144506,1278.6532337896176,One year,No,Yes,No,Yes,No internet service,3,Chennai,Premium,0
CUST_05038,3,63.59260159442462,373.7000923870151,One year,DSL,No internet service,No internet service,Yes,No,19,Bangalore,Basic,1
CUST_05039,50,44.110465286659405,552.9508785503584,Month-to-month,Fiber optic,No,No internet service,No internet service,No,17,Delhi,Standard,0
CUST_05040,66,85.3860846921339,8012.284405181857,One year,Fiber optic,Yes,No,No,Yes,15,Hyderabad,Standard,1
CUST_05041,44,55.18328094906643,8368.846728377799,Month-to-month,Fiber optic,Yes,Yes,No internet service,No internet service,6,Pune,Basic,1
CUST_05042,7,98.18226595398245,823.5992232787424,Two year,No,No,No internet service,No internet service,No internet service,13,Hyderabad,Basic,1
CUST_05043,15,30.398177594552877,2861.110717129317,One year,DSL,Yes,Yes,No internet service,No internet service,16,Chennai,Standard,0
CUST_05044,66,29.87309081890608,988.5162090833845,One year,No,No,No internet service,Yes,No,7,Pune,Standard,0
CUST_05045,8,38.85444890477848,7093.928879815596,Two year,DSL,Yes,Yes,No internet service,No,10,Mumbai,Basic,1
CUST_05046,59,26.597803220616175,4227.591931292869,One year,No,Yes,No,No,No internet service,16,Chennai,Basic,0
CUST_05047,70,81.24322398317994,5287.542213760509,One year,No,No,No internet service,Yes,No,13,Pune,Standard,0
CUST_05048,14,33.02998213370734,4597.523963164323,One year,Fiber optic,No internet service,No,Yes,No,8,Pune,Standard,0
CUST_05049,70,34.31621758170073,6042.370898136954,Two year,No,No,No internet service,Yes,Yes,5,Chennai,Basic,0
CUST_05050,40,19.45127882037493,2724.879687815308,Month-to-month,No,Yes,No,No,Yes,7,Mumbai,Standard,0
CUST_05051,21,97.7731814916082,1184.218633123734,Month-to-month,DSL,No,No internet service,No internet service,Yes,16,Bangalore,Basic,1
CUST_05052,23,100.85419765319507,167.45286315343398,Two year,No,No,No internet service,No internet service,No internet service,12,Delhi,Standard,0
CUST_05053,43,34.526286469172845,3798.3670813252074,Two year,Fiber optic,No,No internet service,Yes,Yes,12,Hyderabad,Premium,0
CUST_05054,0,93.4314922952569,7718.251625008971,Two year,No,Yes,Yes,Yes,No internet service,16,Delhi,Premium,1
CUST_05055,9,62.22160256205068,2607.270775420046,Month-to-month,DSL,No internet service,Yes,No internet service,Yes,18,Delhi,Standard,1
CUST_05056,71,42.43867806246992,1680.105756872355,Two year,DSL,No internet service,No internet service,No,No internet service,1,Hyderabad,Basic,0
CUST_05057,55,81.38123002353055,7872.694573667963,Month-to-month,No,Yes,No,Yes,No,17,Mumbai,Premium,0
CUST_05058,49,36.20537558340265,912.4153538884772,Two year,No,No internet service,No,Yes,No internet service,3,Hyderabad,Basic,0
CUST_05059,11,95.20212798060962,457.3763654329013,One year,DSL,No,No internet service,No,No,6,Mumbai,Premium,1
CUST_05060,59,22.856753212196274,7477.182549972024,Month-to-month,Fiber optic,No,Yes,Yes,Yes,15,Mumbai,Premium,0
CUST_05061,25,115.83135515864727,5963.113377739673,Month-to-month,No,No internet service,Yes,No,No,18,Chennai,Premium,0
CUST_05062,40,25.331275878279698,3597.986188681535,Two year,Fiber optic,No internet service,Yes,No internet service,No,14,Bangalore,Standard,0
CUST_05063,35,77.10373876336635,6399.38157906099,One year,Fiber optic,No internet service,Yes,No internet service,Yes,13,Pune,Standard,0
CUST_05064,22,110.0238175924826,6306.893673239491,Month-to-month,No,No,No,Yes,No internet service,12,Chennai,Basic,1
CUST_05065,42,19.214255822480734,357.7936975762645,Two year,Fiber optic,No,No internet service,No internet service,No internet service,19,Bangalore,Standard,0
CUST_05066,5,68.84847502088382,5753.925459908527,One year,DSL,Yes,No internet service,No,No internet service,6,Mumbai,Basic,0
CUST_05067,68,53.70071035968935,5453.8795055539085,Month-to-month,Fiber optic,Yes,No internet service,Yes,Yes,14,Pune,Premium,0
CUST_05068,42,77.19388340630672,8192.774635083086,Two year,DSL,No,No,No,No internet service,0,Pune,Standard,0
CUST_05069,24,40.99665344724119,8216.892979375114,One year,No,No,Yes,No internet service,No,1,Chennai,Premium,0
CUST_05070,17,24.619720157635925,3222.4938848457364,Month-to-month,Fiber optic,Yes,Yes,No internet service,Yes,2,Delhi,Basic,0
CUST_05071,61,81.8451697585681,5021.039096635868,Month-to-month,DSL,Yes,No,No internet service,No internet service,4,Hyderabad,Standard,1
CUST_05072,12,60.51862242832705,1216.9932538032285,One year,DSL,No,No,Yes,No,15,Hyderabad,Standard,0
CUST_05073,42,81.49352494803543,581.6842531684108,Two year,No,No internet service,No internet service,No,No,16,Hyderabad,Premium,0
CUST_05074,27,39.474992977459976,3688.838876500011,Two year,Fiber optic,No,No internet service,Yes,No internet service,17,Bangalore,Standard,0
CUST_05075,17,52.551608821255144,5869.579215902559,One year,DSL,No internet service,No,No internet service,Yes,15,Hyderabad,Basic,0
CUST_05076,58,75.29150171519025,4833.74983932932,Month-to-month,DSL,No,No,No internet service,No,10,Bangalore,Standard,1
CUST_05077,59,78.49750338912219,3662.3500139816683,One year,No,Yes,No,Yes,No,2,Bangalore,Premium,0
CUST_05078,62,55.976110392975045,6957.230621742081,One year,Fiber optic,Yes,Yes,No,No,9,Pune,Basic,0
CUST_05079,56,46.56542697288876,6756.333819062542,One year,Fiber optic,Yes,No internet service,No internet service,No,17,Bangalore,Standard,0
CUST_05080,50,45.91746420783677,6226.332511169571,Month-to-month,DSL,No,No,No,No internet service,15,Delhi,Premium,1
CUST_05081,55,35.81933384493164,671.3875288402015,One year,Fiber optic,No,No,No internet service,Yes,8,Pune,Premium,1
CUST_05082,26,51.19130615761789,6773.655383810848,One year,Fiber optic,No,Yes,Yes,No,0,Mumbai,Premium,0
CUST_05083,31,38.342914375348435,7816.531602267046,Month-to-month,Fiber optic,No internet service,No,No internet service,No,10,Delhi,Premium,0
CUST_05084,8,82.64917143545438,522.1877928835534,Month-to-month,Fiber optic,No,No internet service,Yes,No,10,Mumbai,Premium,1
CUST_05085,67,76.04483382069314,3424.976719873994,One year,Fiber optic,No internet service,Yes,Yes,Yes,12,Delhi,Basic,0
CUST_05086,45,57.02406001443384,8401.231263776097,Two year,Fiber optic,No internet service,No,Yes,No,7,Bangalore,Premium,1
CUST_05087,66,51.234662033614235,5100.743997527981,One year,Fiber optic,No internet service,No internet service,No internet service,Yes,18,Mumbai,Premium,0
CUST_05088,25,42.23664841985354,4374.163524845139,Month-to-month,DSL,Yes,No internet service,No,Yes,8,Pune,Standard,0
CUST_05089,7,72.6167475138528,1523.0982228298826,Month-to-month,DSL,No internet service,Yes,No,Yes,5,Hyderabad,Basic,0
CUST_05090,5,111.72808196326021,4814.45465524043,Month-to-month,Fiber optic,No internet service,No internet service,No internet service,Yes,3,Delhi,Premium,1
CUST_05091,23,87.9417112416716,3741.9649353019,Two year,Fiber optic,Yes,Yes,Yes,No internet service,8,Mumbai,Standard,0
CUST_05092,47,93.93030083162787,1098.9719973457836,Month-to-month,No,No internet service,No internet service,No,No internet service,14,Hyderabad,Basic,0
CUST_05093,44,103.10654209295359,3956.4695595061667,Two year,DSL,No,No,No,No internet service,17,Chennai,Basic,0
CUST_05094,12,53.86676728046057,1412.4349064965593,Month-to-month,No,No,Yes,No internet service,No,3,Bangalore,Premium,0
CUST_05095,68,24.413329775677738,6215.488839480412,Month-to-month,DSL,Yes,No internet service,Yes,Yes,18,Delhi,Basic,0
CUST_05096,24,81.50099793880771,8276.48544163021,One year,No,Yes,Yes,No,Yes,15,Delhi,Standard,0
CUST_05097,19,37.24457370525933,4000.9525247467545,Two year,No,No internet service,No internet service,No internet service,No internet service,5,Pune,Basic,0
CUST_05098,65,76.04245229955797,5381.748191299746,One year,No,No internet service,Yes,No internet service,No internet service,11,Pune,Premium,0
CUST_05099,44,93.4300437820206,3673.5344010723566,Two year,DSL,No internet service,No,Yes,Yes,14,Chennai,Premium,1
CUST_05100,46,97.93110681907933,1192.3655867187194,Month-to-month,DSL,Yes,Yes,No internet service,No internet service,14,Mumbai,Standard,0
CUST_05101,62,48.78759026524658,8250.24993988518,Month-to-month,Fiber optic,No internet service,Yes,Yes,No,14,Delhi,Basic,0
CUST_05102,54,70.26818972207015,1117.086228761164,Two year,DSL,No,No,No,No,15,Delhi,Standard,0
CUST_05103,18,81.3384398202736,964.818589811852,One year,DSL,No,No internet service,No internet service,No,13,Delhi,Basic,0
CUST_05104,34,101.58703361346343,3912.704891255971,Two year,DSL,No internet service,No,No,Yes,7,Delhi,Basic,0
CUST_05105,52,95.66164384070464,5606.681788235118,Two year,DSL,Yes,Yes,Yes,No internet service,1,Chennai,Basic,1
CUST_05106,25,118.77348273969177,3028.4591843920634,Two year,Fiber optic,No,No,Yes,No,14,Bangalore,Basic,1
CUST_05107,13,18.82463700606111,1650.9293822741315,Month-to-month,Fiber optic,Yes,No,Yes,No,7,Delhi,Premium,0
CUST_05108,44,62.623922968039565,6964.447287609054,Two year,DSL,No,Yes,No internet service,No,10,Chennai,Premium,0
CUST_05109,43,44.11653761036504,3097.842365410213,Month-to-month,No,No internet service,Yes,No internet service,No,15,Hyderabad,Standard,0
CUST_05110,64,30.229125488777086,1666.230496242301,One year,No,No internet service,No,No internet service,No,7,Delhi,Basic,0
CUST_05111,50,110.97456347305283,3114.6499310132726,Month-to-month,DSL,Yes,Yes,No,No internet service,4,Mumbai,Standard,1
CUST_05112,42,119.79213074176,1837.848789226153,One year,Fiber optic,No internet service,No internet service,No,No,19,Chennai,Standard,0
CUST_05113,22,36.42081320628181,4423.955712124272,One year,No,Yes,No internet service,No internet service,No,3,Mumbai,Premium,0
CUST_05114,55,21.920206065739087,5686.430573219965,One year,Fiber optic,Yes,No internet service,No,No,11,Bangalore,Standard,0
CUST_05115,18,46.05555366341103,6799.845673403495,Month-to-month,Fiber optic,No,No internet service,Yes,Yes,9,Hyderabad,Standard,0
CUST_05116,54,103.15591564277236,1948.1811411731023,Two year,No,No,No,No internet service,No internet service,3,Mumbai,Standard,1
CUST_05117,59,47.97678848633031,1434.1038763851068,Month-to-month,DSL,No internet service,No,Yes,No,18,Delhi,Basic,1
CUST_05118,58,23.803951010757398,184.27621603325738,One year,Fiber optic,Yes,No,Yes,No internet service,9,Chennai,Basic,0
CUST_05119,32,23.354202763209052,1952.640451121312,Two year,No,No,Yes,Yes,No,18,Hyderabad,Standard,0
CUST_05120,18,61.59712584168251,220.7651998863077,Month-to-month,Fiber optic,No internet service,No,No,Yes,18,Chennai,Standard,0
CUST_05121,27,113.04622375228521,2948.3121956906016,One year,No,No internet service,No,Yes,Yes,10,Pune,Basic,1
CUST_05122,51,47.16388504724246,1253.7687794563706,One year,DSL,No,Yes,No,Yes,12,Hyderabad,Basic,0
CUST_05123,48,61.57008343150646,4936.674464168066,Two year,DSL,No internet service,Yes,Yes,Yes,1,Pune,Standard,0
CUST_05124,36,28.39724814902607,3272.7703740049783,Month-to-month,DSL,No,Yes,No internet service,No,13,Mumbai,Standard,0
CUST_05125,25,68.34442491343607,811.7908629621826,Two year,Fiber optic,Yes,No internet service,Yes,No internet service,19,Bangalore,Basic,0
CUST_05126,39,89.04780055714181,3409.667339476391,Two year,DSL,No internet service,No,Yes,No,17,Pune,Basic,0
CUST_05127,37,45.6573368400764,1793.6907196393176,Two year,DSL,Yes,No,No internet service,Yes,15,Chennai,Basic,0
CUST_05128,53,48.26455346992584,5787.264294066775,Two year,DSL,No,No,No,Yes,3,Delhi,Basic,1
CUST_05129,21,103.88145259143967,3109.1482281454155,Month-to-month,DSL,Yes,Yes,No internet service,No,0,Chennai,Standard,0
CUST_05130,15,19.05709967941206,1265.108538162869,Two year,No,No,No,Yes,No,2,Pune,Basic,0
CUST_05131,27,82.9200122721099,2983.321894253159,One year,No,No internet service,No internet service,Yes,No internet service,11,Bangalore,Basic,0
CUST_05132,34,58.17623276404493,1921.177028395833,One year,Fiber optic,No internet service,No,No,No internet service,2,Pune,Basic,0
CUST_05133,59,48.434812383269836,6767.797491896791,One year,No,No internet service,No,Yes,No internet service,17,Mumbai,Premium,1
CUST_05134,44,85.07457088887547,8358.923647015465,Two year,No,Yes,Yes,Yes,No internet service,3,Delhi,Premium,0
CUST_05135,45,103.13618922254993,234.21796175048743,One year,No,Yes,No internet service,No,Yes,16,Delhi,Basic,0
CUST_05136,71,74.95599586552473,5870.750804708221,Month-to-month,No,Yes,No,No,Yes,11,Mumbai,Standard,1
CUST_05137,54,21.171651438191713,2256.890344794413,Two year,No,No,Yes,No,No internet service,19,Chennai,Basic,0
CUST_05138,25,65.06292146420876,581.2781172993556,Two year,DSL,No internet service,No internet service,No,No internet service,7,Delhi,Basic,0
CUST_05139,24,65.20151397118525,139.72780790245957,Two year,Fiber optic,Yes,No internet service,Yes,Yes,16,Chennai,Basic,0
CUST_05140,64,73.46744647007,7490.7240142598075,Month-to-month,No,No,Yes,No,Yes,13,Chennai,Basic,0
CUST_05141,5,86.43780790644233,3017.290350623896,Two year,No,Yes,Yes,No,Yes,19,Mumbai,Premium,1
CUST_05142,22,19.970477160502725,8453.721292712504,Two year,Fiber optic,No,Yes,Yes,No internet service,10,Bangalore,Basic,0
CUST_05143,63,69.20528768877455,3770.2431358394606,One year,No,No internet service,Yes,No,No internet service,7,Bangalore,Basic,0
CUST_05144,42,78.00739247682026,1609.2041305247976,One year,No,Yes,Yes,Yes,Yes,0,Chennai,Premium,0
CUST_05145,22,53.0220454144373,6609.7317482082335,Two year,Fiber optic,No internet service,Yes,No,Yes,16,Mumbai,Basic,0
CUST_05146,29,86.17325311222417,7876.506979227427,Month-to-month,DSL,Yes,No,No,No,19,Bangalore,Standard,1
CUST_05147,17,41.274127147175456,6936.097583037715,One year,DSL,No,Yes,No internet service,No,17,Pune,Premium,0
CUST_05148,20,50.37197797288006,6338.77990302149,Two year,Fiber optic,No internet service,Yes,Yes,Yes,9,Chennai,Basic,0
CUST_05149,56,116.20104543728125,2856.9228089115873,One year,DSL,Yes,No internet service,No,Yes,8,Delhi,Standard,1
CUST_05150,22,53.50317782783629,565.0072665577522,One year,DSL,Yes,No internet service,No internet service,No,1,Delhi,Basic,0
CUST_05151,44,53.343090511305995,1725.4210744866816,Month-to-month,DSL,No internet service,No internet service,No internet service,No internet service,19,Pune,Basic,1
CUST_05152,43,78.75942485395775,3807.844576526456,Two year,DSL,No,Yes,Yes,Yes,2,Hyderabad,Standard,0
CUST_05153,46,117.03948364572614,8128.487297462175,One year,No,No internet service,Yes,No internet service,Yes,0,Hyderabad,Standard,0
CUST_05154,39,118.27420548720603,6149.249152006354,Two year,Fiber optic,Yes,No,Yes,Yes,0,Hyderabad,Standard,0
CUST_05155,50,77.12511229498423,7043.4967891170745,Month-to-month,DSL,No internet service,No,No internet service,No internet service,17,Bangalore,Basic,0
CUST_05156,41,18.110876020103117,2370.0068335607293,Month-to-month,DSL,No internet service,No,Yes,No,7,Pune,Standard,1
CUST_05157,6,109.86696817837677,5818.186918860614,One year,Fiber optic,No,No,No,No internet service,17,Delhi,Standard,0
CUST_05158,49,76.16427238685891,7333.200332132165,Month-to-month,No,No,Yes,Yes,No internet service,0,Delhi,Basic,1
CUST_05159,47,55.331633645573454,4084.36846935283,One year,DSL,No internet service,No internet service,No internet service,Yes,16,Bangalore,Basic,0
CUST_05160,5,102.57790438362571,3664.342758477295,Two year,DSL,No,Yes,Yes,Yes,9,Delhi,Basic,1
CUST_05161,8,58.782910853720914,6119.989082928347,One year,No,No,Yes,No,No,8,Delhi,Basic,1
CUST_05162,56,21.472539632426997,4767.170922727938,One year,Fiber optic,Yes,Yes,No,No internet service,9,Chennai,Premium,0
CUST_05163,30,101.74936675181591,8442.07712765188,Month-to-month,DSL,No,Yes,No internet service,No,0,Delhi,Basic,1
CUST_05164,20,73.67765890401574,3623.7219557796598,Two year,DSL,No internet service,No internet service,No internet service,No internet service,15,Chennai,Standard,0
CUST_05165,39,52.49064089886801,1510.3508782705364,Two year,Fiber optic,No internet service,No internet service,No internet service,Yes,6,Hyderabad,Standard,0
CUST_05166,44,43.591022388092824,4020.9531177335057,One year,No,Yes,No,No,No,2,Mumbai,Basic,0
CUST_05167,48,78.5673408603734,2013.0087514549573,Two year,Fiber optic,Yes,Yes,No,No internet service,16,Chennai,Standard,0
CUST_05168,19,39.22105391896021,4778.554907978958,Two year,DSL,Yes,No,No internet service,Yes,8,Pune,Standard,0
CUST_05169,16,51.03279042881433,1085.0100898586566,One year,No,No internet service,No internet service,No,Yes,14,Delhi,Premium,0
CUST_05170,27,82.92609156022633,8075.698752244196,One year,No,No internet service,No internet service,No,No internet service,7,Hyderabad,Premium,0
CUST_05171,40,107.91753394140507,7311.017681223645,Two year,No,No,No,No internet service,Yes,3,Mumbai,Basic,1
CUST_05172,65,72.35481349594308,1337.5056982774388,One year,Fiber optic,Yes,No internet service,No,No internet service,18,Mumbai,Premium,0
CUST_05173,24,95.42885262650744,1480.236770740136,Month-to-month,Fiber optic,No,No internet service,No internet service,No internet service,1,Hyderabad,Standard,1
CUST_05174,57,95.83218158383026,4364.5048370073555,Two year,Fiber optic,No,Yes,No,No internet service,1,Hyderabad,Basic,0
CUST_05175,40,85.76410317125745,6573.579924887913,One year,DSL,No internet service,Yes,Yes,No internet service,12,Mumbai,Basic,0
CUST_05176,5,43.0755104434128,1876.2309251319848,Two year,Fiber optic,No,No internet service,Yes,Yes,18,Mumbai,Standard,0
CUST_05177,37,106.41243701132467,535.1621253039491,Two year,No,Yes,No internet service,No,No internet service,0,Delhi,Standard,0
CUST_05178,5,62.50011687523578,4645.221733973742,Month-to-month,DSL,Yes,No,No,No internet service,14,Pune,Standard,1
CUST_05179,44,22.50949588144146,5884.126721813249,Month-to-month,DSL,No internet service,No,Yes,No internet service,1,Chennai,Standard,1
CUST_05180,13,42.95049234709157,2090.708097144826,Two year,DSL,No internet service,No internet service,No internet service,Yes,15,Chennai,Premium,0
CUST_05181,65,96.0859321181302,6292.710375700913,Month-to-month,No,No internet service,Yes,No internet service,No,13,Mumbai,Standard,0
CUST_05182,39,25.051600253383917,8081.36058390017,One year,Fiber optic,Yes,Yes,Yes,No internet service,5,Mumbai,Basic,0
CUST_05183,2,33.03116901980094,1180.6654228581808,Two year,No,No internet service,No,No internet service,No,10,Pune,Premium,1
CUST_05184,23,88.81113523625385,4352.548531948353,Month-to-month,Fiber optic,Yes,Yes,No internet service,No,13,Pune,Basic,0
CUST_05185,18,109.04528055220914,500.1334256811836,Two year,DSL,No,Yes,Yes,No internet service,19,Bangalore,Standard,0
CUST_05186,17,82.64066451587895,1770.8986633309294,Two year,DSL,No internet service,No,Yes,No,3,Mumbai,Standard,0
CUST_05187,63,40.67368749061457,779.8477560568235,One year,No,No internet service,No,No,No,16,Chennai,Basic,0
CUST_05188,34,23.448203851453957,3444.7841769662778,One year,Fiber optic,No internet service,Yes,Yes,No internet service,15,Delhi,Basic,0
CUST_05189,61,80.7429114201318,6980.295245958694,One year,DSL,Yes,No,Yes,Yes,5,Bangalore,Standard,1
CUST_05190,0,22.834654948978724,4913.2204813257495,Month-to-month,No,No,No internet service,No internet service,No,7,Chennai,Premium,1
CUST_05191,24,80.49764929805922,1905.9645888371838,Month-to-month,No,No internet service,No,No internet service,No internet service,12,Delhi,Standard,1
CUST_05192,44,41.009154304431696,358.2185086659233,Month-to-month,Fiber optic,No,No internet service,No,No internet service,3,Pune,Premium,1
CUST_05193,48,110.27491836570063,4711.923492422238,One year,Fiber optic,No internet service,No internet service,No internet service,No,15,Pune,Standard,0
CUST_05194,15,66.45945218571092,1144.381736550023,Two year,Fiber optic,Yes,No internet service,No internet service,No,16,Bangalore,Premium,0
CUST_05195,18,40.841720197588955,2925.070020099389,One year,DSL,No,No,No internet service,No,3,Bangalore,Standard,1
CUST_05196,22,105.02082228897635,4345.450740105206,Month-to-month,No,No,No,Yes,No internet service,15,Bangalore,Basic,1
CUST_05197,24,43.91161064164585,7683.459367690285,Month-to-month,Fiber optic,No internet service,No,No internet service,No internet service,1,Bangalore,Basic,0
CUST_05198,15,49.2731058055373,712.0254603664974,Month-to-month,No,No,No internet service,Yes,Yes,19,Bangalore,Standard,0
CUST_05199,53,103.09634570365648,5689.129597607257,One year,DSL,Yes,No,No internet service,Yes,12,Bangalore,Standard,1
CUST_05200,72,49.49678703966079,137.43746365237968,Month-to-month,DSL,No,Yes,Yes,No internet service,2,Hyderabad,Premium,0
CUST_05201,0,59.83670446152501,5360.88434112003,One year,Fiber optic,No,Yes,No internet service,Yes,9,Pune,Premium,0
CUST_05202,41,53.46189841740439,4696.098574502095,Two year,DSL,No,No,No,No,17,Delhi,Standard,0
CUST_05203,18,29.872832418698337,6904.252671603955,One year,No,No,No internet service,No,Yes,2,Chennai,Premium,0
CUST_05204,33,21.967372849176268,4527.561094836514,Month-to-month,No,No internet service,No,No,Yes,0,Mumbai,Basic,1
CUST_05205,54,91.9031487542201,3008.893998877098,Two year,DSL,No internet service,Yes,No internet service,No internet service,10,Chennai,Basic,0
CUST_05206,17,83.8039866414435,2077.012890606018,Month-to-month,DSL,No,No internet service,No,No internet service,4,Hyderabad,Standard,1
CUST_05207,33,46.801338890309836,741.0883097955433,Two year,DSL,No,No,Yes,No,2,Hyderabad,Basic,0
CUST_05208,44,48.15111074845761,4552.584703382329,Month-to-month,No,Yes,No,No,Yes,10,Bangalore,Premium,1
CUST_05209,5,114.39058986688549,7552.7465818331575,One year,DSL,No internet service,No internet service,No,No internet service,0,Hyderabad,Standard,0
CUST_05210,20,118.7424549778162,4384.062797732158,Month-to-month,Fiber optic,No internet service,No internet service,No,No internet service,14,Chennai,Basic,0
CUST_05211,69,66.29036012983674,6287.070437025699,One year,Fiber optic,No internet service,Yes,No,No internet service,6,Hyderabad,Standard,0
CUST_05212,47,99.85007803911236,2549.325145961476,One year,No,No,No,Yes,No,1,Chennai,Basic,1
CUST_05213,38,93.14195933867528,3819.04595345778,Two year,DSL,No internet service,Yes,No,No,14,Bangalore,Basic,0
CUST_05214,30,48.32640637022879,2771.28437162839,One year,DSL,Yes,Yes,No internet service,Yes,17,Bangalore,Basic,0
CUST_05215,9,23.97339647308879,944.7951565122396,One year,DSL,Yes,No internet service,No,No,3,Hyderabad,Basic,0
CUST_05216,29,32.54073822776388,3554.897333050689,One year,Fiber optic,Yes,No,No internet service,Yes,0,Pune,Standard,0
CUST_05217,17,103.50599993407786,6500.684300443269,Two year,Fiber optic,Yes,Yes,No internet service,Yes,8,Mumbai,Basic,0
CUST_05218,59,92.58380963962067,3368.177946136595,Month-to-month,Fiber optic,Yes,Yes,No,Yes,8,Bangalore,Basic,1
CUST_05219,72,85.76215413515234,5532.820162855343,Month-to-month,Fiber optic,No internet service,No internet service,No,No internet service,5,Delhi,Basic,1
CUST_05220,14,31.326180833058128,6452.576535719396,One year,Fiber optic,No,No,No internet service,No internet service,13,Delhi,Standard,0
CUST_05221,3,83.27293011995353,2755.4486792488487,One year,No,No,No,Yes,No internet service,8,Bangalore,Basic,0
CUST_05222,62,96.75953781229778,6782.518494573654,Month-to-month,No,No,Yes,Yes,No,1,Pune,Basic,1
CUST_05223,39,105.78137848574964,2892.7679313370772,One year,DSL,No,No internet service,No,No internet service,8,Pune,Basic,0
CUST_05224,8,19.349590477749057,2190.300086825588,Month-to-month,DSL,No internet service,No,Yes,Yes,12,Hyderabad,Standard,0
CUST_05225,8,87.81646039160472,1904.7883949391753,Two year,Fiber optic,No internet service,No,Yes,No,19,Bangalore,Basic,1
CUST_05226,25,19.947960871526853,1713.5869640380868,One year,DSL,No internet service,Yes,No,No,19,Hyderabad,Basic,0
CUST_05227,3,90.10103024543074,6270.286385603231,One year,No,Yes,No,No internet service,No internet service,11,Chennai,Standard,1
CUST_05228,15,82.83337920266449,7545.853552284775,Month-to-month,No,No,No,No internet service,No internet service,9,Mumbai,Premium,1
CUST_05229,14,33.131482017735195,1974.3603580396232,Month-to-month,DSL,No internet service,No,Yes,No internet service,4,Mumbai,Standard,0
CUST_05230,51,96.14441863720329,741.0082059069778,Two year,Fiber optic,No internet service,No,No internet service,No internet service,11,Chennai,Premium,0
CUST_05231,68,24.9714570553485,2679.371492878535,One year,No,No internet service,Yes,No,No,0,Chennai,Premium,0
CUST_05232,4,102.29267492195261,5597.860280530964,Month-to-month,DSL,No,No,Yes,No,3,Chennai,Premium,1
CUST_05233,19,44.71678297451936,3143.787422261262,Two year,Fiber optic,No,No,No internet service,Yes,12,Mumbai,Premium,1
CUST_05234,17,88.26288995466783,4676.115405589558,Month-to-month,DSL,Yes,No internet service,Yes,No,17,Bangalore,Premium,0
CUST_05235,1,112.21631278423077,6331.194718857007,Month-to-month,Fiber optic,Yes,Yes,No internet service,No,1,Delhi,Standard,1
CUST_05236,12,52.662356516691794,3482.7149012571213,Two year,Fiber optic,Yes,No,Yes,No internet service,10,Pune,Basic,0
CUST_05237,3,69.29519594992276,8497.411559690474,Two year,No,No,No internet service,No internet service,Yes,3,Pune,Standard,0
CUST_05238,41,65.23803946294593,2545.2056253175324,Two year,No,Yes,Yes,No internet service,No,17,Hyderabad,Standard,0
CUST_05239,60,34.07635760441255,8315.502520583537,Two year,DSL,Yes,No,No,No internet service,6,Delhi,Basic,0
CUST_05240,7,78.21182507005769,1740.0976205072725,Two year,DSL,No internet service,No internet service,No,No internet service,8,Hyderabad,Basic,0
CUST_05241,66,93.78619568913669,958.923046367706,Two year,Fiber optic,No,Yes,No,Yes,1,Mumbai,Standard,0
CUST_05242,62,111.52123255022956,6386.545362050429,One year,No,Yes,No,Yes,No,3,Bangalore,Standard,0
CUST_05243,8,104.78186536825031,5974.990507715462,Two year,Fiber optic,Yes,No internet service,Yes,No,13,Delhi,Standard,0
CUST_05244,10,70.02197673225923,6898.338403310583,One year,Fiber optic,No,Yes,Yes,No,16,Chennai,Standard,0
CUST_05245,41,91.33974976021736,2932.333957141892,Month-to-month,Fiber optic,Yes,No internet service,No internet service,No,0,Chennai,Basic,0
CUST_05246,12,99.67990816413706,7913.110519981008,Month-to-month,Fiber optic,No,No internet service,No internet service,Yes,2,Chennai,Premium,0
CUST_05247,35,68.33584880131158,1031.4414754604547,Two year,Fiber optic,No,No,No internet service,No internet service,0,Pune,Standard,0
CUST_05248,12,29.773611191835307,274.81037349061205,Month-to-month,Fiber optic,No,No internet service,Yes,No internet service,19,Delhi,Premium,0
CUST_05249,11,62.66893791243183,2567.3828735197426,Two year,DSL,Yes,No,No,Yes,12,Bangalore,Premium,1
CUST_05250,36,103.93275989655962,6780.906098560924,Two year,No,Yes,No,Yes,No,13,Bangalore,Standard,1
CUST_05251,72,78.85742335016097,5726.235930295084,One year,No,Yes,No internet service,Yes,No internet service,11,Chennai,Standard,0
CUST_05252,51,91.89475445495258,3717.9227381362894,Month-to-month,Fiber optic,No,No internet service,No,No,10,Delhi,Basic,0
CUST_05253,70,36.897338259563924,2191.5431555963532,Two year,Fiber optic,Yes,No internet service,No,No internet service,17,Chennai,Premium,0
CUST_05254,1,116.36245235752259,520.7517773659827,Month-to-month,Fiber optic,No internet service,No internet service,Yes,No,1,Hyderabad,Standard,1
CUST_05255,55,59.21621400831756,2880.722316391462,One year,No,No,Yes,No internet service,Yes,2,Hyderabad,Standard,0
CUST_05256,59,84.67082331720836,3919.8876700957862,Month-to-month,No,Yes,No,No internet service,No,3,Delhi,Basic,1
CUST_05257,22,19.924969968241736,5845.336194519963,One year,Fiber optic,No,No internet service,No,No,8,Hyderabad,Standard,0
CUST_05258,39,30.986564750039715,5497.134121855628,One year,No,Yes,Yes,Yes,Yes,10,Mumbai,Premium,0
CUST_05259,63,97.76749552826173,8053.379466668188,One year,Fiber optic,No,No internet service,No internet service,Yes,8,Mumbai,Standard,1
CUST_05260,22,116.73288344306597,869.5581854063674,Two year,Fiber optic,No internet service,Yes,No internet service,No,16,Mumbai,Standard,0
CUST_05261,28,50.64564621565878,2870.836922260835,Two year,Fiber optic,No,No,No,No,14,Hyderabad,Basic,1
CUST_05262,50,21.79243496400901,4102.745290988772,Month-to-month,DSL,No,No internet service,Yes,No,8,Bangalore,Premium,0
CUST_05263,68,54.80839340197403,5706.841723469537,Two year,No,No,Yes,No,No internet service,6,Mumbai,Premium,0
CUST_05264,30,19.78174928845827,4220.421246806009,Two year,No,Yes,Yes,Yes,No,7,Chennai,Premium,0
CUST_05265,49,37.62205541077185,7760.015323372238,Month-to-month,No,No,No,Yes,No internet service,2,Bangalore,Standard,1
CUST_05266,19,94.75214553548132,5180.758835377618,One year,Fiber optic,Yes,No internet service,Yes,No internet service,0,Delhi,Standard,0
CUST_05267,54,113.5830166068626,354.44200500088766,One year,DSL,No,No internet service,Yes,No internet service,3,Hyderabad,Standard,0
CUST_05268,1,26.91980660562644,982.0299296189511,Month-to-month,Fiber optic,Yes,No,Yes,Yes,16,Chennai,Premium,1
CUST_05269,24,74.90587943867195,6409.149352478097,Two year,Fiber optic,Yes,No,Yes,Yes,0,Delhi,Premium,0
CUST_05270,12,43.89584630465126,6089.311240409268,Month-to-month,Fiber optic,Yes,No,No internet service,No internet service,3,Hyderabad,Premium,1
CUST_05271,69,32.18403083098082,1319.961569485631,Month-to-month,DSL,Yes,Yes,No internet service,No internet service,7,Pune,Premium,1
CUST_05272,66,40.33598344893887,517.6632631589795,Two year,Fiber optic,No,Yes,No internet service,No internet service,16,Hyderabad,Standard,0
CUST_05273,57,76.93183288476615,4926.6848498409645,Month-to-month,Fiber optic,No,No,No internet service,Yes,11,Chennai,Basic,1
CUST_05274,63,24.643719147284028,5410.336773250753,Two year,DSL,Yes,No internet service,Yes,Yes,15,Pune,Premium,0
CUST_05275,68,62.290296809178585,1165.6115253838657,Two year,Fiber optic,Yes,Yes,No internet service,Yes,4,Hyderabad,Basic,0
CUST_05276,58,31.793240797426716,4035.239081068195,Month-to-month,Fiber optic,Yes,No,Yes,No internet service,12,Hyderabad,Premium,1
CUST_05277,59,45.81305934423711,2612.0630299823783,One year,No,No internet service,Yes,No,No internet service,12,Hyderabad,Basic,0
CUST_05278,61,37.45694163381292,7917.334486292081,Two year,DSL,No internet service,Yes,No,No,11,Bangalore,Basic,0
CUST_05279,15,108.0635009827515,1877.2527323489298,One year,No,No,No,No internet service,No,2,Mumbai,Basic,1
CUST_05280,67,90.21715574887153,6237.517477111787,Two year,Fiber optic,No internet service,No internet service,Yes,Yes,11,Pune,Standard,0
CUST_05281,14,106.58318305264199,4412.8118529866715,One year,DSL,No internet service,No internet service,No internet service,Yes,19,Chennai,Basic,0
CUST_05282,54,57.113209123864635,115.72122400490001,Month-to-month,DSL,Yes,Yes,Yes,No,19,Bangalore,Standard,0
CUST_05283,34,49.968163215074355,4403.181982809423,Two year,Fiber optic,Yes,No internet service,No internet service,Yes,19,Chennai,Basic,0
CUST_05284,54,56.81989387957224,861.7227756172116,Month-to-month,No,No internet service,No internet service,No,No internet service,10,Bangalore,Standard,1
CUST_05285,13,19.891915963889563,5608.165544990294,Month-to-month,Fiber optic,No internet service,No,No,No,9,Hyderabad,Premium,0
CUST_05286,48,91.91983606515294,4814.7705846964955,Month-to-month,DSL,No internet service,No,No internet service,No internet service,15,Pune,Premium,1
CUST_05287,6,53.67679060329799,106.44374224253126,Two year,DSL,Yes,No,No internet service,No,5,Hyderabad,Basic,0
CUST_05288,29,49.95902796483276,1754.2045805228474,Month-to-month,Fiber optic,No,No internet service,Yes,No,16,Pune,Standard,0
CUST_05289,48,79.01038866779436,6601.940898460497,Month-to-month,Fiber optic,No internet service,No internet service,No,Yes,12,Pune,Premium,0
CUST_05290,15,62.497490994401275,2357.1033145097435,Two year,Fiber optic,No,No,No internet service,No internet service,17,Pune,Standard,0
CUST_05291,50,118.04602355883765,4252.921808665017,Month-to-month,Fiber optic,No,No internet service,Yes,No internet service,11,Bangalore,Standard,0
CUST_05292,71,54.33781037567773,2664.3722474186966,Two year,No,No internet service,No,No,No internet service,4,Hyderabad,Premium,0
CUST_05293,41,80.61737590520715,7834.390795963934,Month-to-month,No,No,Yes,Yes,No internet service,19,Pune,Standard,0
CUST_05294,16,49.78841226218448,4569.246264839088,One year,No,Yes,Yes,No,Yes,15,Mumbai,Standard,0
CUST_05295,62,119.04068798148698,5922.943753008769,Month-to-month,No,No internet service,No internet service,No,No internet service,2,Chennai,Standard,0
CUST_05296,44,63.40132554145307,726.0443200408698,One year,DSL,No internet service,No internet service,Yes,Yes,15,Pune,Premium,0
CUST_05297,6,82.6811387084139,360.12984625280365,Two year,DSL,No internet service,No internet service,Yes,No,10,Hyderabad,Standard,1
CUST_05298,26,30.92561043717306,2216.773550559404,One year,No,No internet service,No internet service,No,No internet service,13,Pune,Premium,0
CUST_05299,9,92.76846991609312,2640.0770668954938,Two year,Fiber optic,Yes,Yes,No,Yes,12,Pune,Standard,0
CUST_05300,33,45.459425903313445,5850.906350287927,Month-to-month,DSL,Yes,No,Yes,No,10,Delhi,Standard,1
CUST_05301,35,63.758551788626534,4845.364924006927,One year,Fiber optic,No,Yes,No internet service,No internet service,13,Bangalore,Premium,0
CUST_05302,24,108.0795723574007,3195.184226022545,Month-to-month,No,No internet service,No,Yes,No internet service,9,Pune,Premium,1
CUST_05303,5,116.99635651828035,5566.224500797888,One year,DSL,No internet service,No internet service,No internet service,Yes,17,Bangalore,Standard,1
CUST_05304,23,61.30635438771641,1405.3646689063876,Two year,DSL,No,No,Yes,No,6,Pune,Standard,0
CUST_05305,17,103.14987213135899,556.5195914183355,Two year,DSL,Yes,No,No internet service,No,17,Hyderabad,Basic,1
CUST_05306,5,23.441597444085797,7265.9121930429765,Two year,DSL,No internet service,No,No internet service,No,1,Bangalore,Standard,0
CUST_05307,28,104.45255103860677,4801.3910599766195,Two year,No,No,No,No,No,7,Delhi,Premium,1
CUST_05308,24,82.21005285957027,5523.626110992607,Month-to-month,DSL,Yes,Yes,Yes,No internet service,14,Bangalore,Standard,0
CUST_05309,54,67.8480291759434,2624.0287708578876,Month-to-month,No,No,No internet service,Yes,No,5,Delhi,Basic,0
CUST_05310,45,108.77629792399927,3172.921951531169,Month-to-month,DSL,No,No internet service,Yes,Yes,12,Bangalore,Standard,0
CUST_05311,23,104.2243966956542,716.6406867515401,Month-to-month,No,Yes,No,No internet service,Yes,4,Bangalore,Basic,1
CUST_05312,25,48.28839978726434,7286.973808934642,Month-to-month,No,No internet service,No internet service,No internet service,No internet service,2,Delhi,Premium,1
CUST_05313,27,98.73181499916527,5043.071415569525,Two year,Fiber optic,Yes,Yes,No,Yes,14,Chennai,Premium,0
CUST_05314,2,28.148075233562004,727.3298390922565,Month-to-month,No,No internet service,No,No internet service,No internet service,8,Pune,Standard,1
CUST_05315,37,101.92192141767175,6842.020064867455,Month-to-month,Fiber optic,Yes,No internet service,Yes,No,16,Mumbai,Basic,1
CUST_05316,60,86.89647303837155,3784.9865642429777,Month-to-month,DSL,No internet service,No internet service,No internet service,No internet service,16,Pune,Premium,1
CUST_05317,50,26.96236575505816,6507.589652142053,Two year,Fiber optic,No internet service,No,No internet service,No,12,Delhi,Standard,0
CUST_05318,47,87.67417769436182,125.04167024015337,Two year,No,No,Yes,No,Yes,17,Mumbai,Premium,0
CUST_05319,20,77.21296622098976,261.77010971754424,Two year,Fiber optic,No,No,No internet service,No internet service,19,Pune,Standard,1
CUST_05320,53,78.64411031679457,1466.5810563901512,Two year,DSL,No internet service,No,Yes,No,4,Pune,Basic,0
CUST_05321,55,47.66812138322925,1806.9942291852462,Month-to-month,Fiber optic,Yes,No internet service,Yes,No internet service,12,Bangalore,Standard,0
CUST_05322,58,45.18271440131022,6497.870808090588,Month-to-month,No,No internet service,No internet service,Yes,No,6,Chennai,Premium,1
CUST_05323,71,95.77858142951004,6012.179899188785,One year,No,Yes,No,Yes,No internet service,3,Delhi,Standard,1
CUST_05324,50,44.19497506375839,5243.659426459203,Month-to-month,DSL,No internet service,No,No,No internet service,12,Chennai,Premium,1
CUST_05325,19,63.51874968460966,7523.37315997168,Two year,DSL,Yes,No internet service,No,No internet service,16,Delhi,Basic,0
CUST_05326,58,88.86847785707604,2114.3159829732986,Two year,Fiber optic,No,No,Yes,No internet service,7,Pune,Premium,1
CUST_05327,70,26.12085763539865,7689.16239491753,Month-to-month,DSL,Yes,Yes,Yes,No,2,Hyderabad,Premium,0
CUST_05328,8,78.64393502638904,7732.1336095072775,One year,No,No,No,No internet service,No,15,Delhi,Basic,0
CUST_05329,0,78.11639001010796,3701.39128590498,Two year,Fiber optic,Yes,Yes,No internet service,No internet service,1,Mumbai,Basic,0
CUST_05330,28,87.7913285105786,818.5837519638724,One year,Fiber optic,No,No,No internet service,No internet service,0,Hyderabad,Standard,0
CUST_05331,62,55.73266572117718,6180.681141263551,Two year,Fiber optic,Yes,No,No internet service,Yes,7,Bangalore,Basic,0
CUST_05332,71,63.79593695451165,2875.8290013925252,Two year,Fiber optic,No internet service,No,No internet service,No,2,Pune,Premium,1
CUST_05333,55,51.65687002235875,6760.592166898349,Month-to-month,DSL,Yes,No internet service,Yes,No,16,Delhi,Standard,0
CUST_05334,67,100.43316121325513,1406.4209880720582,Two year,Fiber optic,No,No internet service,No internet service,No,18,Pune,Basic,0
CUST_05335,34,31.322297523685513,4594.167193337767,One year,Fiber optic,No,No internet service,No internet service,No,15,Mumbai,Premium,0
CUST_05336,2,116.22130326468364,4327.481380559065,One year,Fiber optic,Yes,No internet service,No internet service,Yes,19,Bangalore,Basic,0
CUST_05337,6,82.75328790988017,868.8675090114617,Month-to-month,No,No internet service,No internet service,No,No internet service,9,Mumbai,Premium,1
CUST_05338,26,108.46448588800195,3099.789027355489,Two year,No,Yes,No internet service,No,No internet service,14,Bangalore,Basic,0
CUST_05339,0,61.47560874300596,736.8945686551473,One year,DSL,Yes,No,No,No internet service,6,Pune,Standard,0
CUST_05340,70,51.89246517998366,3959.9273052828826,Month-to-month,No,No,Yes,Yes,Yes,15,Delhi,Standard,0
CUST_05341,43,109.8740326326463,7167.516466162191,One year,No,No internet service,No internet service,No,Yes,16,Chennai,Standard,1
CUST_05342,40,28.085048945382884,2309.876802345645,Month-to-month,DSL,No internet service,No internet service,No internet service,No internet service,19,Bangalore,Premium,1
CUST_05343,41,29.944937613538336,6505.5593753238445,One year,DSL,No internet service,No,No internet service,Yes,12,Pune,Standard,1
CUST_05344,32,48.53337120143709,1573.8313392248547,Two year,Fiber optic,No internet service,No internet service,No internet service,Yes,9,Chennai,Standard,0
CUST_05345,49,115.89704814016449,5732.619654975706,One year,Fiber optic,Yes,No,Yes,Yes,8,Bangalore,Standard,1
CUST_05346,62,82.57299820624092,7783.588226210073,One year,DSL,No internet service,No internet service,No,Yes,6,Chennai,Premium,1
CUST_05347,36,74.52775705477062,2765.5579878408594,Month-to-month,Fiber optic,No internet service,Yes,No,No internet service,11,Delhi,Standard,1
CUST_05348,58,89.9463463082529,7655.29151426766,Month-to-month,Fiber optic,No internet service,No internet service,No internet service,Yes,0,Mumbai,Standard,1
CUST_05349,47,60.58240471997295,4304.980298796878,Month-to-month,Fiber optic,No,No internet service,No internet service,No internet service,15,Delhi,Basic,0
CUST_05350,4,95.32349714492152,2705.1411395111068,One year,DSL,No,No,No,No,3,Bangalore,Premium,0
CUST_05351,47,58.109531193233515,7622.18285021601,Month-to-month,No,No,No internet service,No,Yes,13,Hyderabad,Standard,0
CUST_05352,2,102.28904485535938,289.7400967408344,Two year,No,No internet service,No,No internet service,No,16,Mumbai,Standard,1
CUST_05353,46,45.26409837180346,255.65589649597825,Month-to-month,DSL,Yes,Yes,No,No,11,Chennai,Standard,0
CUST_05354,61,46.30975924839847,5105.7547028781155,Month-to-month,DSL,Yes,No internet service,No,Yes,14,Mumbai,Basic,1
CUST_05355,13,71.283097153527,6776.039584395047,Two year,Fiber optic,No,No,Yes,No internet service,11,Mumbai,Basic,0
CUST_05356,62,61.93763815289698,6392.615779690017,Month-to-month,DSL,No,Yes,No internet service,No internet service,2,Delhi,Basic,0
CUST_05357,60,84.10781611703892,692.060327428318,Month-to-month,DSL,No internet service,Yes,No,No internet service,9,Bangalore,Standard,0
CUST_05358,30,55.157656976705056,8078.030623551637,One year,DSL,No,No,Yes,Yes,19,Pune,Premium,1
CUST_05359,16,41.51616620517741,5981.384926241408,One year,DSL,No,No,Yes,Yes,16,Pune,Premium,1
CUST_05360,23,65.92047341405592,8068.368439718683,Month-to-month,Fiber optic,No,No internet service,Yes,No internet service,13,Delhi,Basic,0
CUST_05361,22,75.21756294870892,2809.407191618334,Two year,Fiber optic,No,Yes,Yes,No internet service,12,Bangalore,Standard,0
CUST_05362,49,32.545205490628426,5903.991683550257,Month-to-month,DSL,Yes,Yes,Yes,No,12,Hyderabad,Premium,0
CUST_05363,69,74.78529982478287,7312.0004497934215,Month-to-month,DSL,No internet service,No,Yes,No,7,Delhi,Standard,0
CUST_05364,26,50.56418393528548,3245.0975407947158,Month-to-month,No,Yes,Yes,Yes,Yes,13,Hyderabad,Basic,1
CUST_05365,14,58.03009225658781,8201.941830995012,One year,No,No,No,No internet service,No internet service,1,Bangalore,Basic,0
CUST_05366,49,46.49044916445469,2265.668855132629,Two year,DSL,No internet service,No internet service,No internet service,No internet service,18,Mumbai,Standard,0
CUST_05367,35,113.00385343489211,2695.0347759119936,Two year,No,No internet service,No,No internet service,Yes,1,Hyderabad,Premium,0
CUST_05368,7,87.70030069058181,7824.226986950543,Two year,No,Yes,No internet service,Yes,No internet service,11,Hyderabad,Premium,1
CUST_05369,2,44.7709517628697,8242.653969835928,One year,Fiber optic,Yes,No,No,Yes,19,Bangalore,Basic,0
CUST_05370,61,83.79319612429892,2437.03033712428,One year,Fiber optic,No,No internet service,Yes,No,11,Bangalore,Standard,0
CUST_05371,46,104.55438577736871,1174.8603162507254,Month-to-month,Fiber optic,Yes,Yes,No internet service,No internet service,18,Delhi,Basic,1
CUST_05372,60,58.9662812499424,6456.307985165289,One year,No,No,No,No internet service,No internet service,15,Delhi,Premium,1
CUST_05373,31,102.65566593393059,7903.420788760402,Month-to-month,DSL,No,No,Yes,Yes,1,Bangalore,Standard,1
CUST_05374,12,33.75032432267922,5113.253125879301,One year,Fiber optic,No,No,No internet service,Yes,7,Hyderabad,Standard,0
CUST_05375,0,101.92369921634914,5399.989771273785,Month-to-month,No,No internet service,No internet service,No,Yes,1,Chennai,Basic,1
CUST_05376,33,73.11001275258137,6489.28536044945,One year,DSL,No internet service,No,No,Yes,9,Delhi,Standard,1
CUST_05377,61,40.743397777018174,1316.4654334128247,Two year,Fiber optic,Yes,No,No,No,15,Bangalore,Standard,1
CUST_05378,70,59.52842122470297,8274.963180068378,Month-to-month,No,Yes,Yes,Yes,Yes,6,Chennai,Standard,1
CUST_05379,30,118.77528522955491,3108.241841267941,One year,Fiber optic,No internet service,No,No internet service,No internet service,18,Chennai,Standard,1
CUST_05380,63,97.92271369752747,5346.7352928422715,One year,No,Yes,No,No internet service,No internet service,19,Chennai,Basic,0
CUST_05381,24,76.65880886128176,3992.8010858809394,Month-to-month,Fiber optic,No,No,No,No internet service,2,Chennai,Standard,1
CUST_05382,37,29.746719014261608,3989.111070365415,One year,No,No,No,No internet service,No internet service,16,Mumbai,Premium,0
CUST_05383,13,60.616781455953024,5978.677764319477,Two year,DSL,No internet service,Yes,Yes,No,7,Delhi,Basic,0
CUST_05384,7,44.8312544292176,8454.725619034461,Month-to-month,Fiber optic,Yes,No,No,No,3,Chennai,Standard,1
CUST_05385,53,25.242110109549806,5608.1456519066605,Month-to-month,Fiber optic,Yes,No,Yes,No,0,Chennai,Basic,0
CUST_05386,1,73.30484764937012,6753.20955399994,Month-to-month,No,No internet service,Yes,Yes,Yes,17,Bangalore,Premium,0
CUST_05387,55,108.69694138376937,252.23939769857517,Month-to-month,DSL,No,No internet service,No internet service,No internet service,0,Pune,Standard,0
CUST_05388,60,86.91118655376076,6892.0449444077885,Month-to-month,DSL,No,No internet service,Yes,No internet service,8,Bangalore,Standard,1
CUST_05389,21,43.46739957401214,2562.3954291586965,Two year,Fiber optic,Yes,Yes,No,No,13,Pune,Basic,0
CUST_05390,34,76.50562990928648,1092.6850495840274,Month-to-month,No,No internet service,Yes,Yes,Yes,6,Mumbai,Basic,0
CUST_05391,15,114.20989690139083,979.299712767441,Two year,Fiber optic,No internet service,No internet service,No internet service,No,7,Chennai,Basic,0
CUST_05392,49,91.73733539813941,5784.698173786774,Two year,No,No,No,Yes,No internet service,7,Mumbai,Basic,1
CUST_05393,42,88.32633773948993,8479.786003295945,Two year,DSL,No,No internet service,Yes,No internet service,0,Pune,Basic,0
CUST_05394,16,116.75213295520666,5668.666824398935,Month-to-month,Fiber optic,Yes,No,No internet service,No,2,Bangalore,Standard,1
CUST_05395,57,99.48507774077054,2243.2370088663915,Two year,No,No internet service,Yes,No internet service,No internet service,8,Pune,Basic,1
CUST_05396,1,31.93560139607272,1742.4412460469343,Month-to-month,DSL,Yes,Yes,No internet service,No,7,Delhi,Basic,1
CUST_05397,3,53.45877887157254,4479.1681159915215,Two year,No,Yes,Yes,No internet service,No,4,Hyderabad,Basic,1
CUST_05398,38,116.44435147524398,569.6633370926653,Month-to-month,Fiber optic,No internet service,No internet service,No internet service,No,0,Hyderabad,Premium,1
CUST_05399,5,67.94995020819579,3405.1241248884016,One year,No,No internet service,Yes,No internet service,No,1,Pune,Standard,0
CUST_05400,68,29.387019422760908,5669.004455777089,One year,Fiber optic,No,No internet service,No internet service,No internet service,9,Mumbai,Basic,0
CUST_05401,68,64.77769772657888,8225.711423407563,Two year,DSL,No internet service,No,Yes,Yes,13,Bangalore,Standard,1
CUST_05402,19,89.09330987522168,3628.3925443719636,One year,No,Yes,No,Yes,No internet service,14,Hyderabad,Standard,0
CUST_05403,63,119.74991861148659,1716.2994625347749,Two year,DSL,Yes,No,Yes,No,9,Chennai,Basic,1
CUST_05404,15,51.03834228944659,6950.867905407957,Two year,DSL,No internet service,Yes,No,No internet service,8,Delhi,Premium,0
CUST_05405,50,70.43686123768592,6330.3003698677485,Two year,Fiber optic,Yes,No,No internet service,Yes,11,Bangalore,Premium,0
CUST_05406,36,107.72743187427898,7310.008379752638,One year,Fiber optic,No internet service,Yes,Yes,No internet service,9,Mumbai,Standard,0
CUST_05407,72,54.237256241848016,1839.244247018811,Two year,DSL,No,No internet service,No internet service,No,8,Bangalore,Basic,0
CUST_05408,68,29.14467877226744,3451.7866851983013,One year,Fiber optic,No,Yes,No,Yes,17,Delhi,Standard,0
CUST_05409,41,114.79145925015341,8343.544740766803,One year,DSL,No internet service,No,No internet service,No internet service,18,Pune,Standard,0
CUST_05410,56,67.82096228477701,1358.5149563432,Month-to-month,Fiber optic,Yes,Yes,Yes,Yes,18,Bangalore,Basic,1
CUST_05411,65,69.28393849874112,5713.2458480764235,One year,Fiber optic,No internet service,Yes,No,No internet service,16,Pune,Premium,0
CUST_05412,8,81.36241474962658,2029.7986028438934,Month-to-month,No,No internet service,No internet service,No internet service,Yes,1,Mumbai,Standard,1
CUST_05413,63,18.36073561772891,4260.348691288541,Two year,No,No,Yes,No,No,9,Chennai,Standard,0
CUST_05414,21,112.97537990802262,6807.922815639025,Two year,Fiber optic,No internet service,No,No internet service,No,4,Bangalore,Standard,0
CUST_05415,33,54.86801064700325,4162.186897778457,Month-to-month,DSL,No,Yes,No,Yes,6,Mumbai,Standard,0
CUST_05416,54,58.48704996320356,6850.095722671622,Two year,DSL,No,Yes,Yes,No internet service,5,Pune,Standard,0
CUST_05417,28,35.75914324838997,3634.172667945014,Month-to-month,DSL,No internet service,No,No internet service,No,1,Pune,Basic,1
CUST_05418,37,56.57146455583103,8494.511551157619,Month-to-month,Fiber optic,No internet service,Yes,No internet service,No internet service,7,Chennai,Premium,0
CUST_05419,17,100.00224013915731,3714.6950826558223,Two year,Fiber optic,No internet service,No internet service,No internet service,Yes,3,Hyderabad,Basic,0
CUST_05420,70,99.59915060066456,1285.0367378060437,Month-to-month,DSL,No internet service,No,Yes,No internet service,17,Bangalore,Basic,1
CUST_05421,64,113.45127777133618,3426.657231736929,Month-to-month,No,No,No,No,Yes,3,Chennai,Basic,1
CUST_05422,0,59.12940621344117,6316.675392135396,Month-to-month,No,No internet service,Yes,Yes,No internet service,7,Pune,Premium,1
CUST_05423,3,90.2895933823556,7210.208061308687,Two year,DSL,No,No internet service,No,Yes,16,Hyderabad,Basic,1
CUST_05424,3,69.73823063117082,3920.5961836130573,Two year,Fiber optic,No,No internet service,No internet service,Yes,13,Pune,Premium,0
CUST_05425,26,100.01032453095137,5060.3525658576855,Two year,Fiber optic,Yes,No,No,Yes,7,Bangalore,Standard,0
CUST_05426,42,90.67928493156569,7184.357555302594,Two year,DSL,No,No,No,Yes,13,Bangalore,Standard,0
CUST_05427,58,55.526098379200114,6918.498698745749,Two year,No,Yes,Yes,No internet service,No internet service,7,Delhi,Basic,0
CUST_05428,31,52.340731093876634,5596.814165273128,One year,DSL,No internet service,No,No internet service,No,13,Bangalore,Standard,0
CUST_05429,32,43.74913122885269,6931.059898255751,One year,DSL,Yes,No internet service,No,Yes,10,Bangalore,Standard,0
CUST_05430,27,76.80461062984105,4902.875052482779,Month-to-month,DSL,No internet service,Yes,No internet service,Yes,8,Chennai,Standard,1
CUST_05431,54,116.31197086257367,57.425768824230374,One year,No,No,Yes,No internet service,No,16,Mumbai,Basic,0
CUST_05432,59,38.40680723699173,368.02486529965716,Two year,DSL,Yes,No internet service,No,No,16,Delhi,Basic,0
CUST_05433,69,27.71575040024117,8328.734842338268,Two year,No,No internet service,No internet service,Yes,Yes,11,Bangalore,Premium,0
CUST_05434,61,30.178865491783988,1247.8225002669456,Two year,Fiber optic,No internet service,No,Yes,Yes,19,Chennai,Standard,0
CUST_05435,33,97.8760649775153,3449.108179640611,Month-to-month,No,Yes,No internet service,No internet service,No internet service,1,Pune,Basic,1
CUST_05436,55,53.7106900370255,7938.587234634549,Month-to-month,No,Yes,Yes,No,No,16,Pune,Standard,0
CUST_05437,12,40.88541642462273,1672.3249095057254,Month-to-month,DSL,No internet service,Yes,No internet service,No internet service,19,Chennai,Basic,0
CUST_05438,55,53.99010007409701,7175.038183764859,Month-to-month,Fiber optic,No internet service,No internet service,Yes,Yes,10,Mumbai,Premium,0
CUST_05439,17,83.82374290861122,6958.545513129646,Month-to-month,DSL,No,No,Yes,Yes,8,Hyderabad,Premium,0
CUST_05440,53,73.77228673248494,8384.048129904464,Month-to-month,No,No internet service,Yes,No,Yes,17,Bangalore,Basic,0
CUST_05441,42,93.84611946516505,2407.225313003764,One year,No,Yes,No,No,Yes,5,Hyderabad,Standard,0
CUST_05442,38,52.58556314514118,2692.589664334398,Two year,DSL,No internet service,No internet service,Yes,No,3,Mumbai,Premium,0
CUST_05443,60,64.10691449339791,7676.2112049721445,One year,Fiber optic,No internet service,No,No,No internet service,13,Chennai,Basic,0
CUST_05444,41,28.400773634218197,2003.4585801537353,Month-to-month,No,Yes,Yes,Yes,No,19,Hyderabad,Premium,0
CUST_05445,17,25.451981895343707,4665.295917164659,Two year,No,No,No internet service,No internet service,Yes,9,Mumbai,Basic,0
CUST_05446,22,65.15003477009824,6017.699943858539,Two year,No,No internet service,Yes,Yes,No internet service,3,Hyderabad,Premium,0
CUST_05447,53,48.762853959484204,2324.1221683197964,Two year,Fiber optic,Yes,Yes,Yes,Yes,14,Pune,Basic,0
CUST_05448,29,80.50565835788535,7977.618603262445,One year,DSL,Yes,No internet service,No,No,8,Chennai,Premium,0
CUST_05449,57,22.386220875346336,5664.446602762992,Two year,Fiber optic,Yes,No,No,Yes,11,Bangalore,Premium,0
CUST_05450,67,30.420170515155675,417.83561274465603,Month-to-month,Fiber optic,Yes,No internet service,No,No,7,Pune,Basic,0
CUST_05451,66,106.24946273285231,1169.3257401550718,Month-to-month,No,No,Yes,No internet service,No,4,Pune,Premium,1
CUST_05452,70,75.76378539494866,1636.2092775166425,One year,Fiber optic,Yes,Yes,No,Yes,15,Delhi,Basic,0
CUST_05453,17,90.62956243650517,2095.72836139244,One year,No,No internet service,Yes,No internet service,Yes,14,Pune,Premium,1
CUST_05454,6,103.88115610814417,6215.60545258968,Month-to-month,Fiber optic,No,No internet service,No,No,16,Chennai,Premium,1
CUST_05455,39,65.31110298090533,772.3487460158805,One year,Fiber optic,Yes,No internet service,No,No internet service,0,Hyderabad,Basic,0
CUST_05456,69,95.62815916468256,2991.744010246173,Two year,DSL,No internet service,No internet service,Yes,No,11,Bangalore,Premium,0
CUST_05457,64,71.50772906549949,7748.35334846811,One year,Fiber optic,No,No internet service,Yes,No internet service,19,Delhi,Premium,0
CUST_05458,67,40.720374567917794,4739.655315510468,Two year,DSL,No internet service,No,Yes,No,18,Pune,Basic,0
CUST_05459,48,52.44092921769583,2269.94185447846,Two year,No,No,Yes,No internet service,Yes,4,Mumbai,Standard,0
CUST_05460,51,68.01574498767741,8135.751506745988,Two year,No,Yes,No,No,No,14,Bangalore,Basic,0
CUST_05461,28,50.322326321571616,2090.287395678364,Two year,DSL,No internet service,Yes,Yes,No internet service,8,Chennai,Standard,0
CUST_05462,20,52.22382451768963,7695.054987592146,Two year,No,Yes,Yes,No,No internet service,2,Hyderabad,Premium,0
CUST_05463,8,52.41406878737417,6173.9783715986605,Month-to-month,No,No,No,Yes,No internet service,11,Pune,Standard,0
CUST_05464,46,30.529677843424626,6299.099435484424,Month-to-month,Fiber optic,Yes,No internet service,No,No internet service,18,Delhi,Standard,0
CUST_05465,41,26.63354593564964,6506.215298682508,Month-to-month,DSL,Yes,Yes,Yes,No internet service,14,Pune,Basic,0
CUST_05466,50,22.742596048513043,4314.720904869248,Two year,No,No internet service,No internet service,Yes,No,2,Bangalore,Standard,0
CUST_05467,55,29.31753862550235,6927.256753954636,One year,DSL,Yes,No,Yes,Yes,19,Delhi,Standard,0
CUST_05468,50,53.058123397833036,7110.589855136623,One year,Fiber optic,Yes,Yes,Yes,Yes,17,Delhi,Premium,0
CUST_05469,69,78.57492418987182,3075.648373256825,Two year,No,Yes,No internet service,Yes,No,15,Bangalore,Basic,0
CUST_05470,19,37.190986575359716,3413.722203511295,One year,No,No,No,No,Yes,14,Pune,Basic,1
CUST_05471,26,108.57690229226907,7556.434486648017,Two year,DSL,No internet service,Yes,Yes,No,4,Hyderabad,Standard,0
CUST_05472,37,100.45500798642384,4468.753586963225,One year,No,No internet service,No,No,No internet service,9,Pune,Premium,0
CUST_05473,71,71.0937655065347,7371.414732578934,Two year,DSL,Yes,No internet service,Yes,No,9,Mumbai,Basic,0
CUST_05474,64,91.8694027429627,5334.258574629722,One year,No,No internet service,Yes,No,Yes,12,Bangalore,Premium,0
CUST_05475,53,55.36550951927336,5052.641712745378,One year,Fiber optic,No,Yes,Yes,Yes,17,Mumbai,Standard,0
CUST_05476,23,21.75133485877517,280.78044570282447,Month-to-month,Fiber optic,No,Yes,Yes,Yes,9,Delhi,Standard,1
CUST_05477,46,110.24195044831906,2375.1002824852394,One year,DSL,Yes,No,Yes,No,15,Delhi,Basic,0
CUST_05478,70,31.034935802297845,4276.452961025462,One year,No,Yes,No,No internet service,No,1,Hyderabad,Standard,0
CUST_05479,62,114.68960933072445,4999.624254046533,Two year,No,No,No,No,No,17,Bangalore,Premium,1
CUST_05480,56,76.33202400314323,5365.345674984227,One year,DSL,No,No,No,Yes,3,Pune,Premium,0
CUST_05481,54,49.16743222418585,6093.002001748536,One year,Fiber optic,No,No internet service,Yes,No,18,Bangalore,Standard,0
CUST_05482,59,68.54351157780815,5584.1719727145855,One year,Fiber optic,Yes,No,Yes,No,4,Chennai,Standard,0
CUST_05483,61,69.1662405101556,7215.627632131179,One year,Fiber optic,No,No,Yes,Yes,16,Hyderabad,Premium,0
CUST_05484,29,20.375282103143356,2524.1794483718886,One year,DSL,Yes,No,No internet service,No internet service,1,Bangalore,Standard,1
CUST_05485,21,54.25690489218214,5459.7966184181,Month-to-month,Fiber optic,No,No internet service,Yes,No internet service,14,Delhi,Standard,0
CUST_05486,28,93.46631155337758,451.9349994127731,One year,DSL,No,No internet service,Yes,Yes,5,Hyderabad,Standard,0
CUST_05487,40,70.02705727297221,4090.9722358454405,Two year,Fiber optic,No internet service,Yes,No,Yes,17,Chennai,Premium,0
CUST_05488,41,42.911471934977584,2291.4556172039524,Two year,Fiber optic,No,No,No internet service,No internet service,13,Chennai,Standard,0
CUST_05489,64,52.18120572376829,3248.684791835612,One year,DSL,Yes,Yes,No,No,11,Pune,Premium,0
CUST_05490,30,106.03154809782681,3026.249460470383,One year,No,No,Yes,No internet service,Yes,5,Delhi,Basic,1
CUST_05491,29,71.6060663553234,530.5730036086732,One year,No,No internet service,No internet service,No internet service,No internet service,19,Pune,Standard,0
CUST_05492,17,71.89191650022607,3976.089681973167,Month-to-month,No,No,No internet service,No,No,19,Bangalore,Standard,0
CUST_05493,16,116.06968082320303,8454.445620744356,Two year,Fiber optic,No,Yes,No,Yes,17,Delhi,Standard,0
CUST_05494,37,50.72990270173762,2553.575634087054,Month-to-month,Fiber optic,No,Yes,No internet service,No internet service,2,Chennai,Basic,0
CUST_05495,13,66.9131947608353,6261.990131690102,Month-to-month,No,Yes,No,No internet service,No,5,Hyderabad,Standard,1
CUST_05496,55,100.79478696752507,4664.340656795135,One year,Fiber optic,No,No internet service,Yes,No,3,Bangalore,Premium,0
CUST_05497,21,95.40904938647702,2776.56099910796,One year,Fiber optic,No,No internet service,Yes,No internet service,18,Delhi,Standard,0
CUST_05498,66,45.1115410367246,778.0470862485164,Two year,No,No,Yes,No,No,16,Pune,Premium,0
CUST_05499,55,33.41128685574935,1848.9067142905315,One year,DSL,No internet service,No internet service,No internet service,No internet service,10,Bangalore,Premium,0
CUST_05500,18,89.47186677111156,6649.681721956249,Two year,No,Yes,Yes,No,No internet service,13,Hyderabad,Premium,0
CUST_05501,56,44.28093003433386,2384.64914486495,Month-to-month,No,Yes,Yes,Yes,No,10,Chennai,Premium,1
CUST_05502,43,112.1129345094726,1241.9736558173386,Two year,DSL,No internet service,No internet service,Yes,No internet service,18,Delhi,Premium,0
CUST_05503,34,31.183264786901063,2828.072523787429,Two year,Fiber optic,Yes,No,Yes,No internet service,16,Chennai,Standard,1
CUST_05504,0,50.46815041374721,4971.8523207952685,Two year,No,No internet service,No internet service,No internet service,Yes,3,Pune,Standard,1
CUST_05505,51,23.588299186341203,5984.774559507772,Month-to-month,No,No,Yes,No,No internet service,11,Pune,Standard,0
CUST_05506,69,89.73714130006456,3303.628547175978,Month-to-month,Fiber optic,Yes,Yes,No internet service,No,3,Delhi,Premium,1
CUST_05507,36,108.90879018937062,4243.2841863385565,One year,Fiber optic,No,No,No internet service,No internet service,11,Bangalore,Basic,0
CUST_05508,64,82.85920178776271,3876.6033818278206,One year,DSL,No,Yes,Yes,No,16,Mumbai,Standard,0
CUST_05509,50,113.65080758217132,94.36641405050683,Two year,Fiber optic,Yes,No,Yes,Yes,14,Delhi,Standard,1
CUST_05510,0,31.107405807123385,3373.483227727305,Two year,No,No,No internet service,No,No,6,Delhi,Standard,0
CUST_05511,20,26.94886058079529,4999.6466298795995,Month-to-month,Fiber optic,No,No,No internet service,No internet service,0,Chennai,Premium,0
CUST_05512,52,103.51809857907182,4852.271084638485,Month-to-month,Fiber optic,No internet service,Yes,No,No,4,Mumbai,Standard,1
CUST_05513,15,105.26213988942378,6377.528429791081,Month-to-month,DSL,Yes,Yes,No,Yes,11,Pune,Premium,0
CUST_05514,60,102.76603176492706,5704.128472312543,Two year,DSL,No,No,No,Yes,6,Mumbai,Standard,1
CUST_05515,53,99.49442005844206,2365.875253139216,Two year,No,No internet service,No internet service,No,Yes,14,Mumbai,Standard,0
CUST_05516,39,54.94729312174334,2186.3696221631208,Month-to-month,No,Yes,No,Yes,No,4,Mumbai,Premium,0
CUST_05517,25,40.18113252632155,3954.850731174048,Two year,Fiber optic,No,Yes,No,No,8,Hyderabad,Premium,0
CUST_05518,64,112.73801003977458,6235.048721615076,Month-to-month,No,No,No internet service,Yes,No,0,Bangalore,Standard,0
CUST_05519,63,49.314018650530066,813.8432143773299,One year,No,No,No,No,Yes,5,Delhi,Premium,0
CUST_05520,42,58.63758358073129,8061.706077312729,Month-to-month,Fiber optic,No,No,Yes,No,15,Bangalore,Premium,0
CUST_05521,16,89.35501386406658,4625.024795277954,Two year,Fiber optic,No,No,No,Yes,14,Pune,Premium,0
CUST_05522,58,47.922320159386736,2616.956005825953,Two year,Fiber optic,Yes,Yes,No internet service,Yes,1,Bangalore,Basic,0
CUST_05523,22,101.55128259922212,5899.344420336255,Two year,DSL,Yes,Yes,No internet service,No internet service,12,Bangalore,Premium,1
CUST_05524,6,25.143531610441688,397.3643733739894,Two year,DSL,No internet service,Yes,Yes,No internet service,4,Bangalore,Premium,0
CUST_05525,43,98.70063207367131,4126.65463967194,Month-to-month,Fiber optic,No internet service,No internet service,Yes,Yes,15,Hyderabad,Basic,1
CUST_05526,52,79.38883490701602,4139.994549788028,Month-to-month,DSL,No internet service,No internet service,No,Yes,0,Chennai,Premium,1
CUST_05527,70,76.44535169958647,1391.8743666011094,One year,DSL,Yes,No internet service,No internet service,Yes,9,Hyderabad,Basic,0
CUST_05528,33,64.75445799214339,7120.723454819053,Month-to-month,DSL,Yes,Yes,No,No internet service,15,Delhi,Standard,0
CUST_05529,45,46.25865082090908,6776.5603906459155,One year,No,Yes,No internet service,Yes,Yes,12,Mumbai,Standard,0
CUST_05530,67,65.33516911398613,1313.4761697563597,Month-to-month,Fiber optic,No,No internet service,No,No internet service,1,Chennai,Standard,0
CUST_05531,15,63.90290822590611,3103.983104004568,Month-to-month,Fiber optic,Yes,No,No internet service,No internet service,3,Delhi,Premium,0
CUST_05532,70,77.54292725587314,869.8434993431914,Two year,No,Yes,Yes,No internet service,No,0,Pune,Basic,0
CUST_05533,18,46.72057715726409,7215.8994755100675,One year,DSL,No,No,No internet service,No,10,Mumbai,Standard,1
CUST_05534,1,25.9147493615672,2760.401119995972,Two year,Fiber optic,No internet service,Yes,No internet service,No,8,Hyderabad,Premium,0
CUST_05535,9,32.799123557192104,3744.2809232486106,Two year,DSL,No internet service,Yes,No internet service,No internet service,5,Bangalore,Standard,1
CUST_05536,49,89.31609800908043,2765.0818800744446,Month-to-month,No,No internet service,No internet service,Yes,Yes,0,Delhi,Standard,1
CUST_05537,11,20.29421762282513,2647.6406716557144,Month-to-month,DSL,No,No,No,No,7,Pune,Standard,0
CUST_05538,69,105.35719055383386,6356.617716295533,One year,No,No,No,No,No internet service,7,Bangalore,Premium,0
CUST_05539,21,88.82852740295117,6358.85679831326,One year,No,No,No internet service,No,Yes,3,Bangalore,Basic,1
CUST_05540,31,96.34482721338706,4409.87926201619,Month-to-month,DSL,Yes,No,Yes,No,3,Bangalore,Basic,1
CUST_05541,0,103.27041380753442,5595.906964185798,One year,DSL,No internet service,No,Yes,No internet service,0,Chennai,Basic,1
CUST_05542,53,30.516465280878478,4357.927239990188,Month-to-month,Fiber optic,No,Yes,Yes,No,7,Mumbai,Basic,0
CUST_05543,57,101.89001127894676,260.4936787086629,Month-to-month,No,No,No,Yes,No,17,Bangalore,Premium,0
CUST_05544,69,69.47352864122375,577.8665658080873,Month-to-month,DSL,No internet service,No,No,No internet service,19,Pune,Premium,1
CUST_05545,17,108.32343155282611,3272.8875106078353,One year,DSL,No internet service,Yes,No internet service,No,18,Delhi,Premium,0
CUST_05546,5,108.43183330815503,6377.34861388604,Two year,Fiber optic,Yes,No internet service,No internet service,No internet service,10,Chennai,Standard,0
CUST_05547,44,20.466160462925362,7763.984867035514,One year,Fiber optic,No internet service,Yes,Yes,No internet service,19,Mumbai,Basic,0
CUST_05548,22,57.05225197932097,269.98584595115574,Two year,Fiber optic,No,No internet service,No,No,9,Delhi,Premium,0
CUST_05549,22,71.6926771782579,3139.630906889497,One year,No,Yes,No internet service,No,Yes,5,Chennai,Standard,0
CUST_05550,25,87.19272915785601,1916.1226231393973,Two year,Fiber optic,No internet service,Yes,Yes,Yes,6,Chennai,Standard,0
CUST_05551,6,47.19099716178167,6932.571194845447,Two year,No,Yes,Yes,No,Yes,1,Pune,Standard,0
CUST_05552,43,43.71851058779453,7193.501802960665,One year,Fiber optic,No,No internet service,No internet service,No internet service,17,Pune,Basic,0
CUST_05553,26,56.88910334708282,1768.7600157626555,One year,No,No,Yes,Yes,No,17,Mumbai,Premium,0
CUST_05554,25,69.09574655848924,6047.236763634586,Two year,Fiber optic,No,Yes,No,Yes,16,Pune,Standard,0
CUST_05555,35,115.01691560335216,6224.7547083907175,Month-to-month,No,No,No,No,No,12,Bangalore,Premium,1
CUST_05556,54,95.73506360313863,1519.8033841097615,Two year,Fiber optic,Yes,Yes,No,Yes,14,Delhi,Standard,1
CUST_05557,63,61.79075902764594,3696.6087680638557,Two year,Fiber optic,Yes,Yes,Yes,Yes,10,Hyderabad,Standard,0
CUST_05558,56,23.545350200898746,5279.705265774308,Month-to-month,DSL,No,No,No internet service,No,6,Bangalore,Premium,1
CUST_05559,68,35.189100398663456,239.0969600023037,Two year,No,Yes,No internet service,No,No,16,Hyderabad,Standard,0
CUST_05560,60,64.50429128058053,3449.7479278951773,Month-to-month,DSL,No,No internet service,Yes,No,18,Delhi,Standard,0
CUST_05561,1,101.01024181006784,1332.3557318617186,Month-to-month,No,No,Yes,Yes,No,7,Pune,Standard,0
CUST_05562,54,56.83094463908908,4614.366122507366,One year,DSL,No internet service,Yes,No,Yes,16,Hyderabad,Basic,0
CUST_05563,37,72.92665837599608,7167.626942915817,Two year,Fiber optic,Yes,No internet service,Yes,No,15,Hyderabad,Standard,0
CUST_05564,28,108.96409838068041,4468.962907426048,Two year,DSL,No internet service,Yes,No internet service,No internet service,13,Mumbai,Basic,0
CUST_05565,25,111.20721846151615,323.2128630420574,Month-to-month,Fiber optic,No,No internet service,No internet service,Yes,17,Mumbai,Basic,0
CUST_05566,34,40.00904963715432,269.55275715198275,Two year,No,No internet service,No internet service,Yes,No internet service,8,Pune,Premium,0
CUST_05567,66,22.446682022844627,5153.877683558994,Month-to-month,Fiber optic,No,No,No,Yes,17,Mumbai,Basic,0
CUST_05568,28,49.151874159094525,2799.939579414245,Two year,DSL,No,No,No internet service,Yes,19,Hyderabad,Standard,0
CUST_05569,33,88.97183611222957,4875.357282448594,Two year,No,No,Yes,No,No internet service,15,Pune,Basic,0
CUST_05570,40,115.01344449957918,1405.9699578254067,Month-to-month,DSL,Yes,Yes,Yes,Yes,16,Hyderabad,Premium,1
CUST_05571,40,25.85726399837962,6607.346476755901,Month-to-month,Fiber optic,No,No internet service,No internet service,No internet service,16,Chennai,Premium,0
CUST_05572,22,20.905348676025696,7318.624544032123,Two year,Fiber optic,No,Yes,No,Yes,15,Chennai,Standard,0
CUST_05573,70,108.18301572454362,7560.411556884068,Two year,DSL,Yes,No,Yes,No,18,Mumbai,Basic,1
CUST_05574,2,94.3108174485204,2597.160662467522,Month-to-month,No,Yes,No internet service,No,Yes,10,Chennai,Basic,0
CUST_05575,57,119.20935507386868,5622.357388192974,One year,DSL,No,No internet service,No internet service,No internet service,5,Bangalore,Premium,1
CUST_05576,31,58.47287390949662,2384.837527638867,One year,Fiber optic,Yes,Yes,Yes,No,18,Chennai,Premium,0
CUST_05577,30,60.43719232395047,6487.703354123809,Two year,No,No,No internet service,Yes,No,6,Chennai,Premium,0
CUST_05578,42,35.575807404339855,1040.2930688836764,Two year,DSL,No internet service,No internet service,No,No,8,Bangalore,Premium,0
CUST_05579,6,29.816409564928524,6487.77112792969,Two year,Fiber optic,Yes,No internet service,No,No,11,Bangalore,Premium,1
CUST_05580,0,77.02923708020427,3747.7783046621016,Month-to-month,No,No internet service,No,Yes,Yes,1,Delhi,Basic,1
CUST_05581,60,55.15707013207292,7274.770777874149,Two year,DSL,No,No internet service,No internet service,No internet service,3,Hyderabad,Basic,0
CUST_05582,13,26.192277690414997,6285.611554402494,Two year,No,Yes,No,No internet service,No,2,Hyderabad,Basic,0
CUST_05583,51,108.47268109137862,3211.6395923875853,Two year,Fiber optic,Yes,No internet service,No,No internet service,11,Pune,Standard,0
CUST_05584,5,38.23235976143197,7681.819370227358,One year,DSL,No,Yes,No,No internet service,2,Mumbai,Standard,0
CUST_05585,9,94.35560339436034,2421.2656153331823,Two year,DSL,Yes,Yes,No,No,8,Pune,Standard,0
CUST_05586,70,46.787316804047336,8219.997571839502,Two year,Fiber optic,Yes,No internet service,No internet service,No internet service,11,Delhi,Basic,0
CUST_05587,29,100.91629273678551,6525.419102712114,Month-to-month,Fiber optic,Yes,Yes,No internet service,No internet service,7,Pune,Basic,0
CUST_05588,20,30.076477825620714,8420.904088482228,One year,Fiber optic,No internet service,No,No,No internet service,18,Delhi,Standard,0
CUST_05589,59,95.11930424261968,475.2189562918865,Month-to-month,DSL,No,No internet service,No,No internet service,4,Delhi,Basic,0
CUST_05590,62,28.008125137852268,2342.3737411298234,Two year,Fiber optic,No,No,Yes,Yes,4,Delhi,Premium,0
CUST_05591,41,63.585410361408215,6305.403423755763,Two year,DSL,No,No internet service,Yes,Yes,7,Chennai,Standard,0
CUST_05592,50,92.86844376115967,7840.521966005684,Two year,DSL,Yes,No,Yes,Yes,2,Delhi,Basic,1
CUST_05593,63,35.66827488106386,262.0340708071999,Two year,No,Yes,Yes,Yes,No internet service,18,Pune,Premium,0
CUST_05594,55,47.137828862365744,18.0788484649098,Two year,Fiber optic,Yes,No,No,Yes,8,Mumbai,Standard,0
CUST_05595,40,106.20623319340416,2191.4499813514935,Month-to-month,Fiber optic,No,No,No internet service,No,13,Hyderabad,Basic,1
CUST_05596,31,108.28217073257989,7251.2687351889035,Two year,No,No internet service,Yes,No internet service,No internet service,19,Delhi,Basic,1
CUST_05597,14,22.583416150178074,6524.992612378835,Two year,DSL,No,Yes,Yes,Yes,1,Pune,Premium,0
CUST_05598,61,35.14523970600348,2904.233434116245,One year,DSL,No,No internet service,No internet service,Yes,14,Hyderabad,Standard,0
CUST_05599,26,29.98213790783162,35.05954417798601,One year,DSL,No internet service,No internet service,Yes,No internet service,3,Bangalore,Basic,0
CUST_05600,27,36.328695654432906,4723.014094769514,Two year,Fiber optic,Yes,No,No,No internet service,1,Mumbai,Premium,0
CUST_05601,63,116.9591478792398,2036.3383088469652,Two year,DSL,Yes,No internet service,Yes,No internet service,8,Bangalore,Basic,1
CUST_05602,58,74.26883537662655,6342.254931535674,Two year,No,No,No,No internet service,No,3,Pune,Basic,1
CUST_05603,57,65.74746382640254,3803.937853293434,Two year,DSL,No internet service,No internet service,No internet service,Yes,4,Delhi,Standard,0
CUST_05604,1,118.41567205544685,5773.901511290313,Two year,Fiber optic,No,Yes,No internet service,No,10,Chennai,Standard,0
CUST_05605,35,74.80952524579502,7247.283495112478,Two year,Fiber optic,No,Yes,No,Yes,3,Pune,Basic,0
CUST_05606,70,85.43402858924351,4562.314619515945,Month-to-month,DSL,No internet service,Yes,Yes,No internet service,3,Chennai,Basic,1
CUST_05607,12,51.94259569701638,2867.574896457376,Month-to-month,DSL,No internet service,Yes,No,Yes,14,Pune,Standard,0
CUST_05608,14,56.975716179970895,6545.268357301342,Month-to-month,Fiber optic,Yes,No,No,No internet service,4,Mumbai,Basic,1
CUST_05609,59,78.62975714852544,2267.318167739131,One year,DSL,No,Yes,Yes,Yes,2,Delhi,Basic,0
CUST_05610,21,25.118149968047405,7579.862598214774,Two year,No,No internet service,Yes,No internet service,No,15,Delhi,Basic,0
CUST_05611,62,44.100054376567066,623.8492995887613,One year,Fiber optic,No internet service,Yes,No internet service,Yes,0,Delhi,Premium,0
CUST_05612,24,38.07479844495133,7104.445013882676,One year,DSL,No internet service,Yes,No internet service,No internet service,0,Delhi,Premium,0
CUST_05613,47,19.621126100280367,794.575678712207,One year,DSL,No internet service,No internet service,No internet service,No,0,Pune,Standard,0
CUST_05614,42,72.76392959308303,494.1538678360571,Month-to-month,DSL,No,No,No,No,2,Mumbai,Basic,1
CUST_05615,37,75.22738963143567,3099.1453425871005,Two year,No,No,No,Yes,Yes,8,Mumbai,Basic,0
CUST_05616,40,57.161800749800406,8131.451624655491,Two year,Fiber optic,No,No internet service,Yes,Yes,12,Mumbai,Premium,0
CUST_05617,44,45.41020188540867,8359.92871165317,One year,No,No internet service,No internet service,Yes,No,12,Pune,Standard,0
CUST_05618,39,84.51010735145172,1731.9619891949633,Month-to-month,DSL,Yes,No,No,Yes,12,Chennai,Standard,1
CUST_05619,16,31.735234461214603,1278.743747125645,One year,No,No internet service,No,No internet service,No internet service,7,Delhi,Basic,0
CUST_05620,56,70.89873322680407,3011.7501582476234,One year,DSL,No,No internet service,No internet service,No internet service,7,Pune,Basic,0
CUST_05621,1,96.34354655268324,2877.1705843532677,Two year,DSL,No,Yes,Yes,Yes,18,Bangalore,Premium,0
CUST_05622,61,34.75839436315218,6460.8668313835,Month-to-month,Fiber optic,No,No,No internet service,No,4,Hyderabad,Premium,1
CUST_05623,8,94.83247293677351,3783.999693973731,Two year,Fiber optic,Yes,No internet service,No,Yes,9,Mumbai,Standard,0
CUST_05624,67,95.60103993364659,6632.972574200142,One year,DSL,Yes,Yes,No internet service,No,18,Mumbai,Premium,1
CUST_05625,16,24.1125181195064,6368.584488966439,Two year,DSL,No,Yes,No internet service,No,2,Pune,Premium,0
CUST_05626,49,19.916001260892546,4923.229068328082,One year,DSL,No internet service,No internet service,No internet service,No internet service,6,Chennai,Standard,0
CUST_05627,39,117.34141141079587,7087.849630008718,Month-to-month,Fiber optic,No,No,Yes,Yes,5,Chennai,Standard,1
CUST_05628,57,37.725031268880144,1677.4841862600617,Two year,Fiber optic,No,No,No,No,6,Hyderabad,Standard,0
CUST_05629,20,101.8581993282105,1390.476624192474,Two year,DSL,Yes,Yes,Yes,No,6,Chennai,Basic,0
CUST_05630,17,75.30876661062045,6385.015492619632,Two year,Fiber optic,Yes,No internet service,No,No,19,Pune,Basic,0
CUST_05631,54,44.97616006877368,2094.3686812012165,Two year,DSL,Yes,Yes,Yes,No,7,Mumbai,Premium,0
CUST_05632,28,31.25698453511888,41.70196356450269,Two year,No,Yes,Yes,No,No internet service,1,Delhi,Premium,0
CUST_05633,23,68.66108190492821,7753.246150442972,Month-to-month,Fiber optic,No,Yes,No,No internet service,14,Delhi,Premium,0
CUST_05634,16,59.550190786203885,5301.752126236439,Month-to-month,DSL,No internet service,No internet service,Yes,No internet service,9,Chennai,Basic,0
CUST_05635,17,89.28638068194093,3791.961554503353,Two year,No,No,No,Yes,No internet service,14,Hyderabad,Basic,0
CUST_05636,41,110.22519205386813,6173.697077896659,One year,DSL,No,Yes,No internet service,No internet service,1,Delhi,Standard,0
CUST_05637,44,100.13530487027072,2845.3197602838545,One year,No,No internet service,No,No,Yes,2,Mumbai,Standard,1
CUST_05638,16,45.99410912089081,8106.9954962833335,Two year,Fiber optic,No,No,No,Yes,18,Delhi,Basic,1
CUST_05639,72,107.6511882821352,600.0372908519392,Two year,Fiber optic,No internet service,No internet service,No,No internet service,4,Hyderabad,Basic,0
CUST_05640,13,103.00591403866962,5454.522553198146,Month-to-month,DSL,Yes,No,No,No,18,Chennai,Basic,0
CUST_05641,48,112.77189583962036,6610.969393629322,Month-to-month,Fiber optic,Yes,No,No,No,6,Bangalore,Premium,1
CUST_05642,28,64.78340374587475,3997.1259507527466,Two year,Fiber optic,Yes,Yes,No internet service,Yes,13,Pune,Standard,0
CUST_05643,3,96.39466758575864,6421.641587670117,Two year,No,No internet service,No internet service,No internet service,Yes,11,Delhi,Premium,1
CUST_05644,19,78.34912268341438,7880.053994806025,One year,Fiber optic,No,No internet service,No internet service,Yes,9,Mumbai,Standard,0
CUST_05645,46,49.671280760047296,6328.556265561691,Month-to-month,No,Yes,Yes,No,No internet service,9,Hyderabad,Basic,0
CUST_05646,8,119.43196225936187,2642.049767050191,Two year,No,Yes,Yes,Yes,No,3,Delhi,Premium,1
CUST_05647,26,21.907361617645456,4783.580950368276,Month-to-month,No,No,No,Yes,No,17,Bangalore,Standard,0
CUST_05648,14,34.55180240102562,7750.221038485324,Two year,Fiber optic,Yes,No,No,Yes,5,Chennai,Premium,0
CUST_05649,18,109.03932097825327,3827.2469075425033,Two year,DSL,Yes,No internet service,No internet service,Yes,19,Delhi,Basic,0
CUST_05650,51,24.17741002808862,5800.166633875094,Two year,DSL,No internet service,No internet service,Yes,Yes,3,Hyderabad,Standard,0
CUST_05651,25,108.45570806903922,3966.4958985430962,Two year,Fiber optic,No,No,Yes,Yes,4,Delhi,Basic,0
CUST_05652,25,90.95259055793649,1047.241139168152,One year,No,No internet service,Yes,No internet service,No internet service,13,Chennai,Standard,0
CUST_05653,25,21.741768550243314,515.0251475025663,Two year,Fiber optic,Yes,No internet service,No,No,8,Hyderabad,Premium,0
CUST_05654,45,61.790644371126014,8095.187725570525,One year,DSL,Yes,Yes,No,No internet service,14,Pune,Standard,0
CUST_05655,48,94.95609045022819,5213.579322157733,One year,No,No,No,No,No,0,Bangalore,Premium,1
CUST_05656,52,77.47622903234156,898.5580931049736,Two year,Fiber optic,Yes,No internet service,No,No internet service,12,Mumbai,Basic,0
CUST_05657,2,113.45887178037471,7290.793852941167,Month-to-month,No,No internet service,No internet service,No,No,1,Pune,Basic,0
CUST_05658,65,106.49969135702399,4451.4831838847185,Month-to-month,No,No internet service,No,Yes,No internet service,14,Chennai,Standard,1
CUST_05659,41,51.93005880408289,6565.528176018604,Two year,DSL,No,No,No internet service,No,14,Delhi,Basic,0
CUST_05660,18,26.631973943049218,1093.1460512947706,Two year,No,No,Yes,Yes,No internet service,15,Bangalore,Standard,0
CUST_05661,16,114.31421804385644,7710.414282778549,Two year,Fiber optic,Yes,Yes,Yes,No,2,Hyderabad,Premium,0
CUST_05662,32,70.76325031232851,5026.921599382941,Month-to-month,No,No,No,Yes,Yes,12,Pune,Standard,1
CUST_05663,48,25.58855768593875,6279.927094113366,Month-to-month,No,No,No,No internet service,No,19,Hyderabad,Standard,0
CUST_05664,55,101.29071256264652,284.162513758947,Two year,Fiber optic,Yes,No,Yes,No,0,Hyderabad,Standard,0
CUST_05665,62,106.5876600099099,2692.4161634879447,Month-to-month,DSL,Yes,No internet service,Yes,No internet service,13,Delhi,Basic,1
CUST_05666,2,83.22131329801024,2286.472004901882,One year,DSL,No internet service,No,No,Yes,2,Pune,Premium,1
CUST_05667,48,63.64591450000667,8072.4647500317205,Month-to-month,Fiber optic,No internet service,No internet service,No internet service,No internet service,16,Chennai,Standard,0
CUST_05668,54,85.54164725700441,1590.0417412430104,Month-to-month,No,No,No,No,No,16,Pune,Premium,1
CUST_05669,25,90.0817369619226,6015.212745988933,Two year,Fiber optic,Yes,No internet service,No,No,8,Bangalore,Basic,1
CUST_05670,71,109.08905572476873,380.6355071895034,One year,Fiber optic,No,Yes,Yes,No,19,Hyderabad,Standard,1
CUST_05671,51,115.49789139822329,1694.7564148585316,Two year,Fiber optic,No internet service,Yes,No,No,19,Mumbai,Standard,0
CUST_05672,6,70.46073510387296,2889.98275878542,Month-to-month,DSL,No,No internet service,Yes,No internet service,3,Chennai,Premium,0
CUST_05673,45,99.44644241970937,6756.998601673558,One year,No,No internet service,Yes,No,Yes,10,Bangalore,Premium,0
CUST_05674,45,116.3799747111488,6718.581352084191,Two year,Fiber optic,No internet service,Yes,No internet service,No,14,Bangalore,Premium,0
CUST_05675,15,33.426820490990536,8097.968991305499,Month-to-month,DSL,No,No internet service,No internet service,No internet service,12,Hyderabad,Standard,1
CUST_05676,23,19.863334124187023,7794.021957620516,One year,DSL,No internet service,No,No,No internet service,19,Mumbai,Standard,0
CUST_05677,60,106.63430483052598,709.4067951718287,Two year,No,No internet service,No,Yes,No internet service,11,Hyderabad,Premium,0
CUST_05678,53,37.9178799912104,7056.93801923131,One year,Fiber optic,Yes,No internet service,Yes,No internet service,14,Chennai,Premium,0
CUST_05679,61,22.3328341964437,3844.8543016584226,Month-to-month,No,No,Yes,Yes,No internet service,5,Delhi,Premium,0
CUST_05680,0,34.32980604105934,7362.445821569599,Two year,Fiber optic,No,No,No,No,17,Chennai,Basic,1
CUST_05681,48,57.179720946864464,775.3259854870495,Month-to-month,DSL,No,No,Yes,No,16,Mumbai,Standard,0
CUST_05682,24,40.36510156244317,6996.727518985221,One year,DSL,No internet service,Yes,No,Yes,16,Delhi,Premium,0
CUST_05683,9,49.13587016824519,1372.0878461645677,Month-to-month,No,No internet service,No internet service,No internet service,Yes,10,Pune,Basic,0
CUST_05684,15,117.47999324586472,2849.6447062481607,One year,Fiber optic,No internet service,No internet service,Yes,Yes,17,Pune,Standard,0
CUST_05685,57,89.84936550458265,262.69213125996384,Two year,No,No,No,No,Yes,2,Bangalore,Basic,0
CUST_05686,71,90.6435562818268,1067.4616440033092,Month-to-month,Fiber optic,Yes,No internet service,Yes,No internet service,3,Hyderabad,Premium,1
CUST_05687,28,27.65790822224813,3798.6469600678297,Two year,No,No,Yes,No,No internet service,12,Pune,Basic,0
CUST_05688,5,92.67403372191455,6959.145762851577,Two year,DSL,No,No internet service,Yes,No internet service,0,Chennai,Basic,1
CUST_05689,15,93.41312196144109,6580.267000718352,Two year,No,No,No internet service,No internet service,No internet service,18,Hyderabad,Premium,0
CUST_05690,19,85.29399187747649,2013.7956153866887,Two year,Fiber optic,Yes,No internet service,No,No internet service,19,Chennai,Premium,0
CUST_05691,70,41.30050219178325,1304.6383890056413,Month-to-month,No,No,No internet service,No,No internet service,4,Hyderabad,Standard,0
CUST_05692,42,61.14969026638286,3319.7326930113736,Month-to-month,Fiber optic,Yes,Yes,No internet service,No internet service,12,Pune,Basic,0
CUST_05693,25,104.32019837630178,7509.882121059688,Two year,No,Yes,No internet service,No internet service,No internet service,15,Delhi,Premium,1
CUST_05694,70,86.36056619274389,793.4674790505928,Two year,Fiber optic,No,No,Yes,Yes,15,Hyderabad,Premium,0
CUST_05695,32,92.74242116999004,4622.996635740779,One year,Fiber optic,No,No internet service,No,No,10,Mumbai,Premium,0
CUST_05696,25,77.91218881283251,771.2650402966013,Two year,Fiber optic,No,No,No,Yes,8,Mumbai,Standard,0
CUST_05697,44,63.857833109401405,4006.3392117150747,One year,No,No internet service,Yes,Yes,No internet service,17,Pune,Basic,0
CUST_05698,62,95.42330502684504,1093.4456061494516,One year,No,Yes,No internet service,Yes,No internet service,14,Hyderabad,Premium,0
CUST_05699,66,24.928433065363105,699.4178826646121,Two year,DSL,No,No,No,No internet service,12,Pune,Basic,0
CUST_05700,51,86.66239474358694,1636.784043045326,Month-to-month,Fiber optic,Yes,No internet service,No internet service,No,6,Bangalore,Premium,0
CUST_05701,67,119.71485980076928,2183.0815562858747,One year,DSL,No internet service,No internet service,Yes,No internet service,2,Mumbai,Premium,0
CUST_05702,25,97.57957680573922,2361.282945792745,Month-to-month,DSL,No internet service,No,No,No internet service,11,Chennai,Basic,1
CUST_05703,1,47.637478180900445,5491.162728551877,Two year,Fiber optic,No,Yes,Yes,Yes,17,Pune,Basic,1
CUST_05704,13,46.33758845994882,484.35626903327886,Two year,DSL,Yes,Yes,No internet service,Yes,8,Hyderabad,Standard,0
CUST_05705,29,86.0562982805328,703.4224461172986,Two year,No,No internet service,Yes,No,No internet service,2,Hyderabad,Standard,0
CUST_05706,48,109.3771342148701,1618.6056616671435,Two year,DSL,No internet service,Yes,No,No,0,Mumbai,Basic,0
CUST_05707,11,76.95087356647997,7414.838952796821,One year,No,Yes,Yes,No,No,6,Bangalore,Premium,0
CUST_05708,43,71.79503329134596,5349.826982868341,One year,Fiber optic,No internet service,Yes,No internet service,Yes,18,Chennai,Standard,0
CUST_05709,32,34.359181652054474,6212.9954492322395,Month-to-month,Fiber optic,Yes,No internet service,Yes,Yes,11,Mumbai,Basic,1
CUST_05710,12,90.97660944670129,3159.411803440065,Month-to-month,Fiber optic,No,No internet service,No internet service,No,13,Mumbai,Standard,0
CUST_05711,25,89.63445920306485,1826.5350008117473,One year,DSL,Yes,No,No internet service,Yes,12,Pune,Basic,0
CUST_05712,20,116.62904201805246,339.9882636874264,Two year,Fiber optic,No,Yes,No internet service,No internet service,4,Delhi,Premium,0
CUST_05713,27,48.61960279917777,4161.7591286015895,Month-to-month,Fiber optic,Yes,Yes,No,No internet service,11,Pune,Standard,0
CUST_05714,47,95.15743858948824,4889.051138576068,One year,No,No internet service,Yes,No internet service,No internet service,7,Mumbai,Standard,0
CUST_05715,39,62.274656642158156,7626.3777019117515,Month-to-month,DSL,No,No,No,No internet service,5,Chennai,Standard,1
CUST_05716,65,74.96422474484577,7499.9126457489665,One year,DSL,Yes,No internet service,No,Yes,17,Delhi,Standard,0
CUST_05717,72,101.27829327125693,3620.1795141616667,Two year,Fiber optic,No,No internet service,Yes,No internet service,6,Bangalore,Basic,0
CUST_05718,22,40.64349459193551,3610.7879938073656,One year,DSL,Yes,Yes,Yes,No internet service,18,Bangalore,Basic,0
CUST_05719,47,52.972611431796324,1384.6444099437012,Month-to-month,Fiber optic,Yes,No internet service,No internet service,No internet service,14,Mumbai,Standard,1
CUST_05720,1,96.8774843601549,2201.6823148808558,One year,No,No,No internet service,No,No internet service,9,Chennai,Premium,1
CUST_05721,19,76.18670735936182,7869.478454353802,Month-to-month,DSL,No,No internet service,No,No,8,Bangalore,Basic,1
CUST_05722,58,27.42713752431716,1214.2674447523843,Month-to-month,DSL,No,Yes,Yes,No internet service,19,Chennai,Basic,0
CUST_05723,45,61.87895841140833,8234.509555479652,Month-to-month,No,No internet service,No internet service,No,Yes,15,Pune,Premium,0
CUST_05724,2,77.83659792324767,4299.192382925296,Two year,DSL,Yes,No internet service,No internet service,No internet service,19,Pune,Standard,1
CUST_05725,54,110.77076627739537,3890.9386635722612,Two year,Fiber optic,Yes,No,No,No,3,Chennai,Standard,1
CUST_05726,11,37.22578109374115,1499.2827449816589,One year,DSL,No,Yes,No internet service,No internet service,9,Delhi,Basic,0
CUST_05727,39,100.20720277450326,5629.192886592402,One year,DSL,Yes,No internet service,Yes,Yes,9,Mumbai,Premium,0
CUST_05728,65,31.323697273812318,3918.4096867485864,Month-to-month,No,Yes,Yes,Yes,Yes,7,Chennai,Premium,0
CUST_05729,15,42.708037327732335,3161.9641420399425,Two year,No,Yes,No internet service,No,No,0,Chennai,Basic,0
CUST_05730,33,42.821076115992554,2261.6265660404465,One year,Fiber optic,No,Yes,No,Yes,2,Pune,Standard,0
CUST_05731,43,107.50287798270092,581.9410631721441,One year,DSL,Yes,No internet service,Yes,Yes,11,Chennai,Standard,0
CUST_05732,5,38.29980458552868,4422.941084586394,Two year,DSL,Yes,No internet service,No internet service,Yes,6,Mumbai,Premium,0
CUST_05733,63,98.26999415251173,2672.0884810033567,Month-to-month,No,No internet service,No,No internet service,No,0,Delhi,Premium,1
CUST_05734,21,65.10426647000122,6022.112651869513,One year,Fiber optic,No internet service,Yes,No internet service,No,19,Pune,Premium,0
CUST_05735,17,119.90725831532569,6154.916629946311,Month-to-month,DSL,No,No internet service,Yes,No,0,Chennai,Premium,1
CUST_05736,11,103.58733286251476,2834.931671863589,Two year,Fiber optic,Yes,No,Yes,No,3,Hyderabad,Premium,1
CUST_05737,51,93.44971971367744,5693.481638013266,Two year,DSL,Yes,No,Yes,No,17,Pune,Premium,1
CUST_05738,50,106.81408327852394,2212.0833880506707,One year,No,No internet service,Yes,No,No,4,Delhi,Premium,0
CUST_05739,70,82.67110004571343,6185.887545985941,One year,No,No,Yes,Yes,No,0,Mumbai,Premium,1
CUST_05740,47,104.05253016590676,154.36634851457296,Two year,No,No,No,No internet service,No,0,Bangalore,Premium,1
CUST_05741,18,44.6349384308685,1303.945561569423,Month-to-month,No,Yes,Yes,No internet service,No,4,Chennai,Basic,0
CUST_05742,5,27.965727532309643,2096.163470298874,Month-to-month,No,No internet service,Yes,Yes,No internet service,17,Hyderabad,Standard,0
CUST_05743,26,80.82506472284021,6574.038800619547,Two year,No,No internet service,Yes,Yes,No,8,Bangalore,Basic,0
CUST_05744,52,62.33842005168577,581.0033786619532,One year,Fiber optic,No internet service,No internet service,No internet service,No internet service,9,Pune,Basic,0
CUST_05745,47,61.49696111982806,1613.1006929951336,Two year,No,Yes,Yes,Yes,No,6,Bangalore,Premium,0
CUST_05746,6,71.7282809478647,3059.849662895056,One year,Fiber optic,Yes,Yes,No,No,14,Chennai,Premium,0
CUST_05747,58,54.861026379685335,95.82230040499024,Month-to-month,No,Yes,No,Yes,No,13,Chennai,Premium,1
CUST_05748,68,81.85807220716856,6482.310113125734,One year,DSL,No internet service,No,No internet service,No internet service,3,Bangalore,Basic,1
CUST_05749,10,21.11797346945825,4768.811879519045,Month-to-month,DSL,No,No,No internet service,No internet service,13,Hyderabad,Premium,1
CUST_05750,14,116.92891687193986,7657.562560703786,Two year,DSL,Yes,Yes,Yes,No,6,Delhi,Premium,0
CUST_05751,63,112.32031718864819,281.2052180462272,One year,Fiber optic,Yes,Yes,No internet service,No,7,Chennai,Standard,0
CUST_05752,2,113.39755658335723,2319.9357797059283,Month-to-month,No,No,No,Yes,No internet service,7,Chennai,Premium,1
CUST_05753,68,55.23035654953927,6220.476558378108,One year,Fiber optic,No,No,No internet service,No,4,Mumbai,Standard,0
CUST_05754,22,72.25287768122817,5744.617375766201,Month-to-month,No,No internet service,No internet service,No internet service,No,10,Chennai,Basic,0
CUST_05755,52,115.32132151187267,2079.6132112091323,Month-to-month,DSL,Yes,No internet service,No internet service,No internet service,1,Mumbai,Standard,1
CUST_05756,36,110.03929775561383,5070.623367999103,Two year,Fiber optic,No internet service,No internet service,Yes,No internet service,14,Bangalore,Premium,0
CUST_05757,8,98.60493654191703,6750.652413659967,Two year,No,Yes,Yes,Yes,No internet service,18,Hyderabad,Premium,0
CUST_05758,14,59.54782216445443,301.1351256842022,One year,Fiber optic,No internet service,Yes,Yes,No,17,Mumbai,Standard,0
CUST_05759,2,75.56260076458169,6104.924062246377,Month-to-month,Fiber optic,No internet service,No,No,No internet service,14,Mumbai,Standard,0
CUST_05760,69,98.87707237009806,2156.2873062967406,Two year,DSL,No,No internet service,No,No,18,Delhi,Premium,1
CUST_05761,16,45.84722354508324,8057.67462934651,One year,DSL,Yes,Yes,No,Yes,6,Bangalore,Standard,0
CUST_05762,25,81.89783555926735,4583.183917584921,Two year,DSL,No,No internet service,No internet service,Yes,3,Mumbai,Standard,0
CUST_05763,20,102.4493011348894,301.1816010785265,One year,DSL,No,No internet service,No internet service,No,13,Mumbai,Premium,0
CUST_05764,71,90.16038875675594,3439.8985085136337,Two year,DSL,No,Yes,Yes,No,7,Bangalore,Basic,0
CUST_05765,20,66.90702438148207,8214.257181417677,Two year,No,Yes,No internet service,No internet service,No internet service,9,Chennai,Basic,0
CUST_05766,10,77.63005267462614,6213.02372869742,Month-to-month,No,No internet service,No,No,No,12,Hyderabad,Premium,1
CUST_05767,37,118.844905400871,2566.662909268572,Month-to-month,DSL,No internet service,No,No,No,5,Pune,Standard,1
CUST_05768,71,79.40275505401543,4897.417190370214,Two year,DSL,Yes,Yes,Yes,No internet service,3,Pune,Basic,0
CUST_05769,34,98.13301090990166,5099.577698365415,Month-to-month,DSL,Yes,No internet service,No internet service,No,4,Bangalore,Standard,1
CUST_05770,13,92.11368596652159,216.03909976318914,Two year,Fiber optic,No internet service,No,No internet service,Yes,9,Pune,Premium,0
CUST_05771,13,89.55204278399505,1534.864570115901,One year,DSL,No internet service,No internet service,No,No,12,Delhi,Standard,0
CUST_05772,9,91.06964362163245,4698.171990764316,Two year,No,No,No,Yes,No internet service,18,Pune,Basic,1
CUST_05773,11,64.34979463070931,3434.1472011180244,Two year,No,No internet service,No,No,No,10,Delhi,Standard,0
CUST_05774,37,66.36433780084877,1629.9007427600036,One year,Fiber optic,No,No internet service,No internet service,No,18,Hyderabad,Basic,0
CUST_05775,33,65.7219992107998,6571.776209117889,One year,No,No internet service,Yes,No,No,4,Delhi,Standard,0
CUST_05776,40,21.391969935686024,4165.654577917265,Month-to-month,DSL,No internet service,Yes,No,Yes,4,Bangalore,Basic,0
CUST_05777,9,42.58866369389699,2647.1921935556143,One year,Fiber optic,No internet service,Yes,No internet service,No internet service,0,Chennai,Standard,0
CUST_05778,16,33.76552867828804,1389.347252298357,Month-to-month,Fiber optic,No,No internet service,No internet service,Yes,8,Pune,Basic,0
CUST_05779,16,108.41739116252025,5201.887643198613,Two year,No,No,No internet service,No internet service,Yes,6,Delhi,Basic,0
CUST_05780,66,46.046875378200795,5669.2283691737475,One year,DSL,No internet service,No internet service,No,No internet service,8,Bangalore,Premium,0
CUST_05781,61,32.12114871548512,5697.523591006922,Two year,DSL,No,Yes,No,No internet service,9,Delhi,Standard,0
CUST_05782,0,30.216227054910263,1886.4773899687768,Month-to-month,DSL,No,No internet service,No,Yes,2,Mumbai,Basic,0
CUST_05783,11,89.39896312432019,5067.660370059991,One year,Fiber optic,No,Yes,Yes,Yes,17,Mumbai,Standard,1
CUST_05784,3,18.620497713325847,7697.657634929182,Month-to-month,No,No,No,Yes,No,8,Chennai,Standard,1
CUST_05785,41,66.07304897916384,3013.73722967166,Month-to-month,No,Yes,Yes,No internet service,No internet service,4,Pune,Premium,0
CUST_05786,12,30.124852771016016,1805.7251226681217,One year,No,No,Yes,Yes,Yes,10,Mumbai,Basic,0
CUST_05787,3,104.66566451886233,6567.372194888103,One year,DSL,No internet service,Yes,No internet service,No,0,Mumbai,Basic,0
CUST_05788,68,115.76193635815073,1518.3210984324667,Month-to-month,Fiber optic,No,No internet service,No,Yes,1,Delhi,Standard,1
CUST_05789,18,115.79297085392017,2170.2966463894736,One year,Fiber optic,No internet service,Yes,No internet service,Yes,17,Delhi,Premium,0
CUST_05790,1,63.08033911257047,871.6657525540658,Month-to-month,No,No,No,No,No internet service,19,Hyderabad,Basic,1
CUST_05791,11,83.74051209234923,2290.109948945345,Two year,No,No internet service,No,No internet service,Yes,13,Chennai,Basic,1
CUST_05792,5,79.16982192409594,3498.4620316354467,Two year,Fiber optic,Yes,No,Yes,No internet service,7,Mumbai,Standard,1
CUST_05793,7,53.7039679413672,562.1869850004506,One year,No,No internet service,No,No,Yes,18,Hyderabad,Basic,1
CUST_05794,50,63.29457812489418,7411.834982230903,One year,Fiber optic,No,No,No,No,13,Delhi,Standard,0
CUST_05795,10,24.56101711779514,4374.9895875819275,Two year,Fiber optic,No,No,No,No internet service,13,Pune,Basic,0
CUST_05796,62,99.1613013324917,5006.295005678515,Month-to-month,No,No internet service,Yes,Yes,No internet service,19,Hyderabad,Basic,1
CUST_05797,56,42.561958239771144,3167.2457860685604,Month-to-month,Fiber optic,Yes,No internet service,Yes,No,7,Mumbai,Premium,1
CUST_05798,11,64.97378777591038,5699.54241707628,Month-to-month,Fiber optic,No,No internet service,Yes,No internet service,8,Hyderabad,Basic,0
CUST_05799,72,67.02331482889768,3680.372683488443,One year,No,No,No,No,No,13,Bangalore,Basic,0
CUST_05800,1,75.19259739343445,6475.463435641876,Month-to-month,No,No internet service,Yes,No internet service,No internet service,11,Chennai,Premium,0
CUST_05801,7,101.42341706458518,6985.132981297684,One year,No,No internet service,No,No internet service,No internet service,12,Mumbai,Basic,0
CUST_05802,10,88.57186671074247,5716.624167021486,One year,Fiber optic,Yes,No,Yes,No internet service,5,Bangalore,Standard,1
CUST_05803,52,85.63243101117759,4185.508721835823,One year,No,No internet service,No,No internet service,No internet service,13,Pune,Standard,1
CUST_05804,9,71.72804057210385,6653.208631808096,Two year,No,No,No,No,Yes,14,Hyderabad,Premium,0
CUST_05805,7,27.787487004552172,4210.52801133593,Month-to-month,Fiber optic,No internet service,No internet service,No,Yes,1,Pune,Basic,0
CUST_05806,35,59.00486410838786,963.8270088626822,One year,Fiber optic,Yes,No internet service,Yes,Yes,17,Mumbai,Premium,0
CUST_05807,13,115.64631883163632,1004.7977735565088,Month-to-month,No,Yes,Yes,Yes,No internet service,9,Hyderabad,Premium,0
CUST_05808,53,119.54590367940176,8063.882190367116,Two year,No,No,Yes,No internet service,Yes,6,Chennai,Basic,0
CUST_05809,20,92.51081090229366,1829.4414377397052,Month-to-month,Fiber optic,No internet service,No,No internet service,No internet service,4,Pune,Basic,1
CUST_05810,49,41.20652623361379,6938.675773848404,Two year,Fiber optic,No,No internet service,No internet service,No internet service,7,Pune,Basic,0
CUST_05811,38,28.392845892346386,2110.555264506792,One year,DSL,Yes,No,Yes,No,19,Chennai,Premium,0
CUST_05812,19,60.305964622712324,3671.8767560935166,One year,Fiber optic,Yes,No internet service,Yes,No,12,Delhi,Premium,0
CUST_05813,6,105.37033404065224,5573.269886816458,Two year,Fiber optic,No internet service,No internet service,Yes,No,6,Bangalore,Premium,1
CUST_05814,8,91.63015246929005,1365.5113605030588,One year,DSL,No internet service,Yes,No,No internet service,17,Chennai,Basic,1
CUST_05815,0,108.1570082291927,6271.324714302409,Month-to-month,No,No,Yes,No internet service,No,8,Bangalore,Premium,1
CUST_05816,25,80.80918409916053,5869.841833224557,Month-to-month,DSL,Yes,No internet service,Yes,No,11,Hyderabad,Premium,1
CUST_05817,37,31.293493188148616,4624.429065395251,Two year,Fiber optic,No,Yes,Yes,No internet service,16,Bangalore,Basic,0
CUST_05818,37,29.709188633812737,4817.876910751912,Month-to-month,DSL,No,No,Yes,No internet service,9,Pune,Basic,0
CUST_05819,60,22.896234868273186,915.1563526501296,One year,DSL,No,No internet service,No internet service,Yes,6,Mumbai,Premium,0
CUST_05820,43,75.84215699850016,3715.7206939907073,One year,DSL,Yes,No internet service,No internet service,No internet service,4,Delhi,Standard,0
CUST_05821,43,42.77439613572848,752.2985754233717,One year,DSL,No internet service,No internet service,No,Yes,14,Bangalore,Premium,0
CUST_05822,61,92.90713141820495,2629.296434546237,Month-to-month,DSL,Yes,No,No,No internet service,15,Bangalore,Standard,1
CUST_05823,5,87.99749345746574,7654.4475807307535,One year,DSL,No,No internet service,No,No,15,Chennai,Premium,0
CUST_05824,16,50.44729572564833,4891.192303505746,Month-to-month,No,Yes,Yes,No,No internet service,9,Mumbai,Standard,0
CUST_05825,50,36.033769979334565,6317.610562411045,Two year,DSL,No,No,Yes,Yes,13,Chennai,Basic,0
CUST_05826,37,28.444835679192124,4885.699927082319,One year,DSL,No,No internet service,No,No internet service,19,Bangalore,Basic,0
CUST_05827,23,93.2061579289359,1665.5161814123976,Two year,DSL,No internet service,No,Yes,No internet service,16,Hyderabad,Premium,0
CUST_05828,50,63.94498153344519,5063.164134445039,Month-to-month,DSL,No,No,Yes,No,5,Chennai,Basic,1
CUST_05829,9,51.00005124617017,6425.201671705462,Month-to-month,Fiber optic,Yes,Yes,No internet service,No internet service,0,Chennai,Premium,0
CUST_05830,71,105.37860761224384,1191.9512343181273,Two year,DSL,No internet service,Yes,Yes,No,10,Mumbai,Premium,0
CUST_05831,20,78.54854809007716,6947.002715022269,One year,DSL,No internet service,Yes,No internet service,Yes,0,Pune,Basic,0
CUST_05832,69,70.83623831245161,4728.8364620939055,One year,DSL,No internet service,No internet service,No,No internet service,11,Chennai,Standard,0
CUST_05833,56,93.82467482751281,54.26226479560299,One year,No,No internet service,No internet service,No,Yes,19,Chennai,Premium,0
CUST_05834,38,101.1894803039994,4426.76112111872,Two year,DSL,No internet service,Yes,No internet service,No internet service,14,Delhi,Standard,0
CUST_05835,32,87.97946185311739,3374.0855963045888,Month-to-month,Fiber optic,Yes,Yes,No internet service,No,4,Bangalore,Standard,1
CUST_05836,58,62.88064449713397,2532.4593087616745,Two year,No,No,No internet service,No,No internet service,9,Mumbai,Basic,0
CUST_05837,17,56.68847685256312,6559.803739343418,Month-to-month,Fiber optic,No,Yes,Yes,No,16,Chennai,Premium,1
CUST_05838,55,96.70982370381563,7647.558013194373,One year,No,No,No,Yes,Yes,9,Pune,Basic,0
CUST_05839,56,70.82653038530918,6486.823503825225,One year,No,No,No,No internet service,Yes,6,Pune,Premium,0
CUST_05840,47,89.84738000877239,7200.325037053786,Month-to-month,DSL,No internet service,No,Yes,No,17,Bangalore,Standard,1
CUST_05841,41,108.8206764862163,7726.279960317171,One year,DSL,No,No internet service,Yes,No internet service,5,Mumbai,Premium,0
CUST_05842,26,111.42084474314372,7758.921819095284,Two year,No,No,Yes,No,No,8,Pune,Standard,0
CUST_05843,51,46.32699520253841,990.3607288984967,Month-to-month,DSL,No internet service,No,No internet service,No,1,Chennai,Basic,0
CUST_05844,41,37.16477492779644,3889.0617167409036,One year,DSL,No internet service,No internet service,No,No,11,Hyderabad,Basic,0
CUST_05845,31,44.65131075435746,20.429875800665133,One year,No,No internet service,Yes,Yes,No,4,Pune,Basic,0
CUST_05846,25,94.63992059462129,4313.815643456551,One year,No,No,Yes,Yes,Yes,14,Delhi,Premium,0
CUST_05847,24,55.74591967670834,7857.437051104033,One year,Fiber optic,No internet service,No,No,No,12,Mumbai,Premium,0
CUST_05848,22,35.685706645815635,1706.7856271573069,Month-to-month,No,No internet service,Yes,Yes,No,1,Hyderabad,Basic,0
CUST_05849,56,28.035320235710863,5444.670185198129,Month-to-month,Fiber optic,Yes,Yes,Yes,Yes,14,Mumbai,Premium,0
CUST_05850,51,51.38594526062816,5483.6230717165745,One year,Fiber optic,Yes,No,No,Yes,13,Mumbai,Premium,0
CUST_05851,30,31.885916915752155,1378.1224981216901,Two year,DSL,No,No,Yes,Yes,8,Delhi,Premium,0
CUST_05852,63,33.95010847839731,2041.1897402906986,Two year,DSL,No internet service,Yes,No,No internet service,15,Hyderabad,Standard,0
CUST_05853,70,87.75616529151955,3936.868771550765,Two year,No,No,No internet service,No internet service,No internet service,1,Chennai,Premium,1
CUST_05854,32,20.01267375817734,1614.391931085758,Two year,No,Yes,No internet service,Yes,Yes,0,Bangalore,Basic,0
CUST_05855,1,29.990432685794676,4979.918925844886,Month-to-month,Fiber optic,Yes,No,Yes,No,8,Hyderabad,Basic,1
CUST_05856,17,104.12528010373583,4127.882962530886,Month-to-month,Fiber optic,No internet service,Yes,No,No,19,Pune,Premium,1
CUST_05857,46,104.18123667186183,4421.838950141949,Two year,DSL,No,No,No internet service,Yes,13,Mumbai,Standard,1
CUST_05858,32,51.58283483388485,1158.5537830239493,Month-to-month,No,Yes,No internet service,Yes,Yes,1,Pune,Standard,1
CUST_05859,34,26.971206853610358,4405.329983370574,Two year,No,No internet service,No internet service,Yes,No internet service,0,Hyderabad,Standard,0
CUST_05860,50,89.906974048335,437.67401652120964,One year,No,No,Yes,No internet service,Yes,9,Bangalore,Basic,0
CUST_05861,17,54.73343215293519,7495.182397735083,One year,No,No internet service,No,Yes,No internet service,18,Pune,Basic,0
CUST_05862,71,22.637391974902435,2929.443877413035,Two year,DSL,No internet service,No,No,Yes,17,Hyderabad,Premium,0
CUST_05863,29,34.098352092579454,7281.453189256471,Month-to-month,DSL,Yes,No internet service,No internet service,No,19,Bangalore,Premium,0
CUST_05864,43,31.99591082033048,5969.449319693766,Two year,Fiber optic,No,No,No internet service,Yes,19,Delhi,Premium,0
CUST_05865,52,78.08986707042155,6516.6759024186895,Month-to-month,DSL,Yes,No,Yes,No,10,Mumbai,Standard,1
CUST_05866,9,109.60799352756325,2685.966402679143,One year,Fiber optic,No,No,No internet service,Yes,8,Chennai,Premium,0
CUST_05867,51,98.89334739899266,1949.7240976724559,Month-to-month,DSL,No,Yes,No internet service,No internet service,14,Hyderabad,Premium,1
CUST_05868,48,73.74463659175746,3467.973377680336,Two year,DSL,No internet service,No internet service,No internet service,Yes,15,Delhi,Premium,0
CUST_05869,10,61.059826822602965,223.483764985364,One year,No,No internet service,No,Yes,No,12,Pune,Premium,0
CUST_05870,65,81.10502432502423,7810.88565119734,One year,Fiber optic,No,Yes,No internet service,No,5,Hyderabad,Premium,0
CUST_05871,57,63.26889957996824,3300.655003924668,Month-to-month,Fiber optic,No internet service,No,Yes,No,14,Delhi,Basic,0
CUST_05872,35,43.10211050278423,8402.937122283118,One year,Fiber optic,Yes,No,No internet service,Yes,14,Bangalore,Basic,0
CUST_05873,32,87.27814044593252,6476.613987288476,One year,DSL,No,No internet service,No,No internet service,17,Delhi,Standard,1
CUST_05874,46,107.07088246561474,700.9283131177515,Month-to-month,No,Yes,Yes,No internet service,No internet service,10,Pune,Standard,0
CUST_05875,12,56.03277372944777,5617.716972660729,One year,DSL,No internet service,No,No internet service,No internet service,0,Pune,Standard,1
CUST_05876,39,103.83692370451637,2315.2577961555353,Two year,No,No,No internet service,No internet service,No,13,Bangalore,Basic,0
CUST_05877,67,61.97036874131603,2085.221551821266,Month-to-month,DSL,No internet service,Yes,No,No,1,Delhi,Basic,0
CUST_05878,41,58.93626619614145,2194.1645661190514,Month-to-month,Fiber optic,Yes,No,No internet service,No internet service,1,Hyderabad,Premium,0
CUST_05879,18,20.88908446979682,7788.1485630124735,Month-to-month,DSL,No,No internet service,No,No internet service,19,Chennai,Standard,0
CUST_05880,18,88.91844793947585,4258.831853437402,Month-to-month,Fiber optic,No internet service,No,No,Yes,9,Mumbai,Premium,1
CUST_05881,57,100.36525756160994,5696.4521637200405,Two year,No,Yes,No,No,Yes,15,Pune,Basic,0
CUST_05882,22,85.68280579497322,2400.999458433061,Month-to-month,Fiber optic,Yes,Yes,Yes,Yes,2,Chennai,Premium,0
CUST_05883,53,33.43881704197824,4453.699688880172,Two year,Fiber optic,No internet service,No internet service,Yes,No internet service,13,Delhi,Premium,0
CUST_05884,64,28.5359336903696,2987.549372307312,Month-to-month,Fiber optic,No,Yes,No,No internet service,6,Bangalore,Premium,0
CUST_05885,11,76.43159266509103,2741.901340642271,Month-to-month,Fiber optic,No internet service,No,Yes,No internet service,18,Pune,Premium,0
CUST_05886,23,58.95465792682939,2112.78976848334,One year,No,No,No internet service,No,No,18,Pune,Basic,0
CUST_05887,33,61.767973915530135,3487.1965130210233,One year,DSL,Yes,No,Yes,No internet service,18,Hyderabad,Basic,1
CUST_05888,52,116.71562516778678,5616.375398363854,Two year,DSL,Yes,No,Yes,Yes,2,Mumbai,Basic,1
CUST_05889,7,91.84011246169267,1901.3753086012186,One year,DSL,Yes,No,No internet service,Yes,12,Mumbai,Basic,1
CUST_05890,17,60.00234939919118,8206.895896693684,Month-to-month,DSL,No internet service,No internet service,Yes,No,18,Hyderabad,Standard,0
CUST_05891,56,19.94812654385492,1074.9562397648206,Two year,Fiber optic,No internet service,No,Yes,Yes,13,Delhi,Standard,0
CUST_05892,4,21.477761181033568,4091.117535893223,One year,No,No internet service,No internet service,No internet service,Yes,7,Mumbai,Premium,0
CUST_05893,25,87.84997695587734,739.2093311260737,Month-to-month,No,Yes,No,No,No,7,Hyderabad,Premium,1
CUST_05894,29,103.44935347081191,210.24725330734265,One year,DSL,No,Yes,No internet service,Yes,16,Delhi,Premium,0
CUST_05895,53,90.18566821406775,7844.149025681519,One year,DSL,No internet service,No internet service,Yes,No,4,Hyderabad,Premium,0
CUST_05896,12,59.40055076568199,6891.683822289278,One year,No,No internet service,No,Yes,Yes,4,Mumbai,Standard,0
CUST_05897,28,21.175845268918096,5905.825874850985,One year,No,No internet service,Yes,No,No,1,Chennai,Basic,0
CUST_05898,2,116.67496628399343,7356.5484771378315,Month-to-month,Fiber optic,Yes,No internet service,Yes,No,10,Mumbai,Premium,1
CUST_05899,57,118.60627834012485,6827.760323629238,One year,No,No,Yes,No internet service,No internet service,14,Mumbai,Standard,0
CUST_05900,1,74.0351842473154,5507.8703494065785,Two year,No,No,No,No,No,6,Chennai,Standard,1
CUST_05901,27,25.208438398900768,7205.157607167308,Two year,Fiber optic,No,Yes,No internet service,Yes,10,Delhi,Premium,0
CUST_05902,1,73.17919560327562,3332.7702944486127,One year,Fiber optic,No internet service,No,Yes,No internet service,1,Pune,Premium,0
CUST_05903,6,109.01852396252245,4706.441049500339,Two year,Fiber optic,No internet service,No,No,No internet service,5,Pune,Standard,1
CUST_05904,25,87.35852203307778,6602.666958564872,One year,No,No,No internet service,Yes,No internet service,8,Hyderabad,Standard,0
CUST_05905,15,91.43890156533787,737.2567738015122,Month-to-month,No,Yes,No,Yes,No,16,Delhi,Premium,1
CUST_05906,22,26.666923418089425,7301.030852472189,Month-to-month,No,No,No,No internet service,No,18,Delhi,Basic,0
CUST_05907,39,28.864186977243747,1348.2359252186038,Two year,Fiber optic,No internet service,No internet service,Yes,No internet service,11,Hyderabad,Basic,0
CUST_05908,59,30.989575190340297,7351.038907076927,Two year,No,No,No internet service,No internet service,No,5,Delhi,Premium,0
CUST_05909,72,110.24643703342124,2658.725417190487,One year,No,No,No,Yes,Yes,15,Pune,Premium,1
CUST_05910,31,71.63666289890895,2789.772099510911,One year,Fiber optic,No,No,No internet service,Yes,1,Bangalore,Basic,0
CUST_05911,14,98.7406598320851,645.2327874748062,One year,DSL,Yes,No internet service,No internet service,Yes,10,Pune,Standard,0
CUST_05912,12,29.759708508127225,7532.200609883747,Month-to-month,DSL,No internet service,No internet service,No,No,14,Mumbai,Premium,0
CUST_05913,4,112.61955596187669,1498.1972330793558,One year,No,No internet service,Yes,No,Yes,5,Bangalore,Premium,1
CUST_05914,51,101.75649333271544,5362.083269077963,Month-to-month,Fiber optic,No,Yes,Yes,Yes,8,Hyderabad,Basic,1
CUST_05915,40,40.925942767086326,5480.133176868377,Two year,Fiber optic,No internet service,Yes,Yes,No,8,Pune,Premium,0
CUST_05916,52,107.16658779598326,2402.7270519630265,Month-to-month,No,Yes,No internet service,No,No,17,Chennai,Standard,1
CUST_05917,49,44.871161458474546,8378.376241148615,Two year,No,No,No internet service,No internet service,Yes,12,Chennai,Standard,0
CUST_05918,14,38.944667692583764,562.2578620182222,Month-to-month,DSL,Yes,No internet service,No internet service,No internet service,4,Hyderabad,Premium,0
CUST_05919,6,44.95288155484566,5173.970397230059,Month-to-month,Fiber optic,No,Yes,No,No internet service,16,Pune,Standard,0
CUST_05920,39,110.81541645380615,4085.491592691878,One year,No,No,No,No,No,10,Pune,Standard,1
CUST_05921,27,111.39038252251669,2100.1961968231835,Two year,Fiber optic,No,No,Yes,No,8,Hyderabad,Standard,1
CUST_05922,31,51.55756901817282,1405.2456154412316,Month-to-month,No,Yes,No,No internet service,No,19,Delhi,Premium,0
CUST_05923,14,89.95428687964423,6269.9495259045225,Month-to-month,DSL,No internet service,No internet service,No,No internet service,8,Mumbai,Premium,1
CUST_05924,69,86.9260160267467,7790.182765349423,Two year,No,No internet service,No,No internet service,Yes,8,Bangalore,Premium,0
CUST_05925,64,100.26938847730113,930.2073938999553,Month-to-month,DSL,No internet service,No,No internet service,No internet service,9,Hyderabad,Standard,1
CUST_05926,3,48.24396901449737,1663.3401590831384,Two year,DSL,No internet service,No internet service,No,No,19,Chennai,Basic,0
CUST_05927,10,70.03413127486098,8383.539996560985,Two year,No,Yes,No internet service,No internet service,No internet service,5,Mumbai,Basic,0
CUST_05928,25,86.10274300284526,145.42232288565253,Two year,No,No internet service,No internet service,Yes,No,3,Mumbai,Basic,1
CUST_05929,60,20.678195518610416,4328.993206596096,Month-to-month,DSL,No internet service,No internet service,No,Yes,0,Delhi,Standard,0
CUST_05930,36,56.42735202375737,4395.669194393949,Month-to-month,Fiber optic,No,No internet service,No internet service,No,5,Chennai,Basic,0
CUST_05931,22,88.98061248321403,2250.136056286454,One year,Fiber optic,Yes,Yes,No,Yes,5,Mumbai,Premium,0
CUST_05932,39,43.76469949815161,5641.810963923131,Two year,DSL,No,No internet service,No,Yes,11,Chennai,Standard,0
CUST_05933,22,115.6858189146617,8032.9887683139295,Month-to-month,DSL,No internet service,No,No internet service,No internet service,2,Bangalore,Basic,1
CUST_05934,15,21.076459893697574,3836.7145623736874,Month-to-month,No,No,No,Yes,No,12,Chennai,Standard,1
CUST_05935,60,115.72489313391713,6374.576244812898,Two year,No,No internet service,Yes,No,No internet service,9,Mumbai,Standard,0
CUST_05936,67,40.1099145370608,5497.967939140509,Two year,DSL,No,No internet service,No internet service,No,8,Pune,Premium,0
CUST_05937,30,22.979848276387738,4029.4928865608254,Two year,DSL,Yes,No,No,No,16,Chennai,Standard,0
CUST_05938,52,47.83235138880286,440.50792693078205,One year,Fiber optic,No,No,No,No,10,Chennai,Premium,0
CUST_05939,24,98.20079534360298,6309.521845647609,One year,Fiber optic,No,No internet service,No internet service,No internet service,5,Pune,Premium,0
CUST_05940,43,94.74908465770142,3099.0987744842487,One year,Fiber optic,No,Yes,Yes,No internet service,9,Chennai,Basic,0
CUST_05941,11,39.30172247512479,1922.1639470293344,Two year,DSL,No,No internet service,No internet service,No,17,Mumbai,Basic,0
CUST_05942,8,38.07259362636354,8061.214687503262,Month-to-month,DSL,No internet service,No internet service,No,No internet service,13,Bangalore,Standard,1
CUST_05943,11,83.54315141206315,6578.850491299028,Two year,Fiber optic,No,No internet service,Yes,No,3,Chennai,Basic,1
CUST_05944,68,64.72443434692451,8179.962957983775,Month-to-month,Fiber optic,Yes,No internet service,Yes,No internet service,12,Bangalore,Standard,1
CUST_05945,53,98.81357523975203,2191.2320186285347,One year,No,No,No internet service,Yes,No internet service,0,Mumbai,Premium,0
CUST_05946,53,20.461543426640468,7107.19900451564,One year,No,Yes,Yes,Yes,Yes,19,Hyderabad,Standard,0
CUST_05947,27,80.26200979757826,5172.692950950022,One year,DSL,No,No,No,No internet service,1,Chennai,Premium,1
CUST_05948,55,92.52854524846734,8343.114292669909,Month-to-month,No,No internet service,No internet service,No internet service,No,2,Bangalore,Premium,0
CUST_05949,68,119.32538342692423,8044.660332695042,Month-to-month,DSL,Yes,No,No internet service,No internet service,19,Chennai,Standard,1
CUST_05950,57,87.23573281215837,8270.714957204002,Two year,DSL,Yes,No,Yes,No internet service,2,Delhi,Premium,0
CUST_05951,41,41.64820596809656,8090.892938759388,Two year,DSL,No,No internet service,Yes,No,5,Delhi,Basic,0
CUST_05952,37,29.034991877763957,82.9794729647035,Two year,Fiber optic,No internet service,No,No internet service,No internet service,6,Mumbai,Standard,0
CUST_05953,67,83.37351101369569,6303.886448898147,One year,No,No internet service,No internet service,Yes,Yes,10,Pune,Basic,0
CUST_05954,52,71.36467288685803,2324.5489481801815,Two year,No,Yes,No internet service,No internet service,Yes,6,Bangalore,Premium,0
CUST_05955,32,109.71281942139167,5998.039824476543,One year,No,No,No internet service,No internet service,Yes,16,Bangalore,Premium,0
CUST_05956,70,92.11401816049005,8335.544209035654,Month-to-month,No,No internet service,Yes,Yes,Yes,18,Pune,Standard,0
CUST_05957,55,69.9937299043473,351.8463519068723,One year,Fiber optic,No internet service,No internet service,No internet service,No,11,Pune,Premium,0
CUST_05958,71,59.166126018045055,4827.190794750571,One year,No,No internet service,No internet service,No internet service,No,0,Chennai,Basic,0
CUST_05959,50,59.24621935622367,6251.872687146437,One year,No,No,No,No internet service,Yes,0,Delhi,Standard,0
CUST_05960,42,41.08303718742592,2166.989190745992,Month-to-month,Fiber optic,No,Yes,Yes,No,17,Chennai,Standard,0
CUST_05961,14,19.7672491190811,1927.4842702035023,Month-to-month,No,Yes,No,No,No internet service,9,Chennai,Basic,0
CUST_05962,37,76.64087999712483,529.8505768187546,Two year,No,No,No,No,No internet service,19,Pune,Premium,0
CUST_05963,14,39.66630271736795,814.6282284996173,Two year,Fiber optic,No internet service,No internet service,No,No internet service,2,Mumbai,Premium,0
CUST_05964,4,39.24934560826023,5588.552743815802,Two year,Fiber optic,Yes,Yes,No,Yes,13,Hyderabad,Standard,0
CUST_05965,53,30.78888532500101,4303.196470629007,Month-to-month,Fiber optic,No,Yes,No,Yes,7,Mumbai,Basic,1
CUST_05966,50,37.33873999802266,273.0726335018654,Month-to-month,Fiber optic,No internet service,No internet service,Yes,No,15,Mumbai,Standard,1
CUST_05967,9,21.242493254624044,8242.67103774096,Month-to-month,DSL,No internet service,Yes,Yes,No,17,Mumbai,Standard,1
CUST_05968,11,86.77160787435027,5582.581065004045,Month-to-month,Fiber optic,Yes,No internet service,No,No,8,Chennai,Premium,0
CUST_05969,3,58.942505863894816,4390.204402393782,Month-to-month,No,Yes,Yes,No,Yes,3,Chennai,Standard,1
CUST_05970,17,75.27550907486079,2331.2469750653227,One year,No,No,Yes,No internet service,No,0,Chennai,Basic,0
CUST_05971,35,82.96967703812155,5599.994740937243,Two year,No,No,No internet service,No internet service,No internet service,13,Chennai,Basic,0
CUST_05972,24,117.19342535216823,3106.8718129711697,One year,No,Yes,Yes,No internet service,No internet service,10,Pune,Basic,0
CUST_05973,35,24.9631183172611,5976.555487703236,Two year,DSL,Yes,Yes,No,No internet service,3,Delhi,Basic,0
CUST_05974,66,60.62760385280667,5807.575028041973,One year,DSL,No internet service,Yes,No,Yes,15,Bangalore,Premium,0
CUST_05975,8,43.081589219701065,804.652870242865,Month-to-month,DSL,No,No,Yes,No,8,Delhi,Premium,1
CUST_05976,60,66.62461704939504,7730.349327893831,Two year,No,No internet service,No internet service,No internet service,No,13,Bangalore,Premium,0
CUST_05977,52,111.88817466261659,4148.515602085461,One year,No,Yes,No,No internet service,Yes,5,Chennai,Premium,0
CUST_05978,17,91.84639505531143,3350.9589723143104,Two year,Fiber optic,Yes,Yes,Yes,Yes,1,Delhi,Basic,0
CUST_05979,42,85.51885782094912,8122.2299022593,Month-to-month,Fiber optic,Yes,Yes,Yes,No internet service,0,Bangalore,Basic,1
CUST_05980,34,63.00707939598009,3734.891122385297,Month-to-month,No,No,No,Yes,Yes,19,Hyderabad,Standard,1
CUST_05981,62,86.45347483419246,6135.395817171792,Two year,Fiber optic,Yes,Yes,No internet service,No internet service,18,Mumbai,Standard,1
CUST_05982,3,21.302288481989624,5574.867600033111,Two year,Fiber optic,Yes,Yes,Yes,No internet service,6,Bangalore,Premium,1
CUST_05983,40,77.79634454704923,1418.7183119404863,Month-to-month,No,No,No internet service,No,No,14,Pune,Standard,0
CUST_05984,44,74.48520938512331,8424.873006889287,Month-to-month,DSL,Yes,Yes,No,No internet service,4,Delhi,Premium,0
CUST_05985,49,53.357324060245666,3950.2918616713005,Month-to-month,No,No,No internet service,No,No,2,Delhi,Premium,0
CUST_05986,27,38.55444079325906,3366.545779243611,One year,No,Yes,No internet service,Yes,No internet service,14,Hyderabad,Premium,0
CUST_05987,41,100.3706662019287,7818.161645532898,Two year,Fiber optic,No,No,No internet service,No,3,Bangalore,Standard,1
CUST_05988,68,23.49393567441984,4506.999570847048,Month-to-month,Fiber optic,No,No,No internet service,Yes,4,Mumbai,Standard,0
CUST_05989,0,25.106632171205952,5998.462791084427,Two year,No,No,Yes,Yes,No,3,Delhi,Premium,0
CUST_05990,38,62.93321788638295,7195.858972876376,One year,DSL,No,No,Yes,Yes,2,Chennai,Basic,1
CUST_05991,16,43.760563835677715,2015.4634645353647,One year,No,No internet service,No internet service,No internet service,No,1,Pune,Standard,0
CUST_05992,34,94.03614617771608,1455.4155756199993,Month-to-month,DSL,No,No,No,Yes,4,Chennai,Basic,1
CUST_05993,45,82.68738784596148,599.0747250229126,Two year,DSL,No,No internet service,No,Yes,17,Bangalore,Premium,0
CUST_05994,41,96.79854920491641,7627.484644205126,One year,No,No,No,No internet service,Yes,1,Pune,Premium,0
CUST_05995,38,51.11725354645571,1717.5136976113874,Two year,No,No,Yes,Yes,No internet service,14,Hyderabad,Standard,0
CUST_05996,48,93.53293184102247,2628.3698017541888,Two year,No,Yes,No,No,Yes,17,Mumbai,Standard,0
CUST_05997,61,105.95493007469268,2442.214347001663,Month-to-month,DSL,Yes,Yes,No,No,17,Bangalore,Standard,0
CUST_05998,37,53.217998430694315,2601.5153101649535,One year,Fiber optic,No,No,No,Yes,7,Bangalore,Premium,0
CUST_05999,22,52.66937375850701,5684.49447776119,One year,DSL,No,No internet service,Yes,Yes,11,Pune,Basic,0
CUST_06000,21,109.79504319845547,8110.791205237246,One year,DSL,No internet service,No,Yes,No,8,Mumbai,Basic,1
CUST_06001,3,23.078605825146333,2812.4240437918575,Two year,DSL,No,No,No,Yes,18,Delhi,Standard,1
CUST_06002,48,53.719319384546125,3475.6631658150663,One year,Fiber optic,No,No internet service,Yes,No,0,Chennai,Standard,0
CUST_06003,58,30.10459419132402,6558.86871920924,One year,DSL,No,No internet service,No internet service,Yes,16,Delhi,Standard,0
CUST_06004,72,20.956020205497577,3685.090442599952,Two year,DSL,Yes,No,Yes,No,0,Hyderabad,Basic,1
CUST_06005,67,29.51268059997586,7872.694757548735,One year,DSL,No,No internet service,No internet service,No,19,Mumbai,Standard,0
CUST_06006,70,61.98707070038825,4286.295506420926,One year,Fiber optic,No,No internet service,No,Yes,16,Delhi,Standard,0
CUST_06007,1,88.06951906123466,2967.487046586986,Two year,DSL,No internet service,No,No,Yes,5,Bangalore,Premium,1
CUST_06008,48,47.50680729308022,8258.877807034076,One year,Fiber optic,Yes,Yes,No internet service,Yes,4,Bangalore,Standard,0
CUST_06009,30,104.66688135491472,3629.481872776374,Month-to-month,Fiber optic,No internet service,No,No,Yes,4,Hyderabad,Premium,0
CUST_06010,39,62.6367941313117,1978.8252574169771,Two year,No,No,No,No,Yes,10,Hyderabad,Basic,0
CUST_06011,47,116.75926119809785,1525.2583110448184,One year,No,No internet service,Yes,No,Yes,10,Mumbai,Standard,0
CUST_06012,50,115.3238782832574,8459.128005675859,Month-to-month,No,No,No,Yes,No internet service,10,Delhi,Basic,1
CUST_06013,42,96.87417471201513,6404.841613118899,Two year,Fiber optic,No,No,Yes,Yes,11,Bangalore,Basic,0
CUST_06014,54,113.10536060695506,3484.2524020148435,One year,No,Yes,No internet service,No internet service,No internet service,11,Mumbai,Basic,1
CUST_06015,48,90.12379976843339,7027.213874072276,Two year,No,No internet service,No,No internet service,No internet service,1,Mumbai,Basic,0
CUST_06016,56,109.3494853791005,4656.009590541862,Month-to-month,No,No,Yes,Yes,No internet service,2,Bangalore,Basic,0
CUST_06017,14,42.12031917136326,2710.098363557417,Two year,Fiber optic,No internet service,Yes,No,Yes,6,Delhi,Premium,0
CUST_06018,26,53.23286041803346,6323.398429698407,One year,DSL,Yes,No internet service,Yes,No,19,Chennai,Premium,0
CUST_06019,67,94.79886673249588,6344.679175206894,Month-to-month,No,No,No,No,No,13,Hyderabad,Basic,0
CUST_06020,63,61.30524629706883,4260.435401939832,Two year,No,Yes,No,No internet service,No,15,Pune,Basic,0
CUST_06021,29,103.40739825010083,401.03304289532025,One year,No,No internet service,No,No internet service,Yes,13,Delhi,Standard,0
CUST_06022,35,107.51916490195306,671.3047311178487,One year,No,No internet service,No,No internet service,No,16,Chennai,Basic,1
CUST_06023,66,48.57240744153434,6708.173080888782,Month-to-month,Fiber optic,No internet service,Yes,Yes,No,14,Chennai,Premium,0
CUST_06024,48,101.9919824353365,7002.726621132025,Month-to-month,DSL,No,Yes,Yes,Yes,10,Bangalore,Premium,1
CUST_06025,54,33.734955648645304,5771.25364743166,Two year,DSL,No,No internet service,No,Yes,12,Chennai,Premium,0
CUST_06026,55,52.088064576758605,7134.979656692787,One year,No,No,No,No internet service,No internet service,5,Hyderabad,Premium,0
CUST_06027,67,70.83242501438167,6120.6927235732655,Month-to-month,DSL,Yes,Yes,No,Yes,16,Mumbai,Basic,1
CUST_06028,43,41.097263734597,7625.799451156626,One year,No,No internet service,No,No,No,11,Delhi,Premium,0
CUST_06029,30,77.08531861667032,1293.6781483058437,Two year,No,No internet service,Yes,Yes,Yes,3,Pune,Premium,0
CUST_06030,57,77.02689802919994,3306.8236432685408,Month-to-month,DSL,No internet service,Yes,Yes,Yes,9,Hyderabad,Premium,0
CUST_06031,52,39.104095274792385,3954.5877537819288,Two year,DSL,Yes,No internet service,No,No,17,Chennai,Standard,0
CUST_06032,22,99.15541717831658,2542.7843071391676,Two year,Fiber optic,No,No,No,No,18,Mumbai,Basic,0
CUST_06033,27,82.42773791997269,6170.558213203584,Month-to-month,No,Yes,No internet service,No,Yes,6,Mumbai,Premium,1
CUST_06034,15,50.41157169614534,7757.306009229287,Two year,DSL,No internet service,No internet service,Yes,Yes,11,Chennai,Premium,0
CUST_06035,36,41.68284791396978,3516.6740142020017,One year,Fiber optic,No internet service,No internet service,No,Yes,10,Hyderabad,Basic,0
CUST_06036,20,107.63251416111834,8004.158943719953,Month-to-month,DSL,Yes,No internet service,Yes,No,2,Pune,Premium,1
CUST_06037,16,103.24570901291457,4401.2338703958885,One year,DSL,No,No internet service,No internet service,No internet service,1,Chennai,Premium,0
CUST_06038,36,41.43558883526369,4449.977546653746,Two year,No,No,No internet service,No internet service,Yes,1,Delhi,Premium,0
CUST_06039,18,21.631733104683896,5109.0621440287305,Month-to-month,Fiber optic,No internet service,No internet service,No,Yes,1,Mumbai,Standard,0
CUST_06040,29,100.06232476579864,2293.9840943421177,One year,No,Yes,No,Yes,Yes,14,Bangalore,Premium,0
CUST_06041,44,80.7818726370344,3269.663923303384,One year,DSL,No,No internet service,No internet service,No internet service,3,Mumbai,Premium,0
CUST_06042,17,28.28996686145289,4710.560075374766,One year,Fiber optic,Yes,No,Yes,Yes,2,Chennai,Basic,0
CUST_06043,61,77.9105370343273,8007.898835432406,One year,No,No internet service,No,Yes,No internet service,16,Pune,Basic,0
CUST_06044,35,64.12263390689282,5469.318450457163,One year,Fiber optic,No internet service,Yes,No internet service,Yes,1,Chennai,Standard,0
CUST_06045,51,97.00413340231654,2843.4946440120343,Two year,DSL,No internet service,No internet service,No,No,9,Bangalore,Basic,1
CUST_06046,18,39.326653900190465,106.79443887057538,Two year,Fiber optic,No internet service,No,No,No internet service,6,Bangalore,Basic,0
CUST_06047,43,64.2219879191127,8344.48804270546,Two year,DSL,No,Yes,No internet service,No,8,Mumbai,Standard,0
CUST_06048,6,33.936899653695505,4199.49501941563,Two year,No,No internet service,Yes,Yes,Yes,19,Chennai,Premium,1
CUST_06049,43,115.66777723670636,7978.3159329616,Two year,DSL,No,No internet service,No,No,14,Mumbai,Basic,0
CUST_06050,67,97.43129200636675,4677.546273388918,Two year,DSL,No,No internet service,Yes,No internet service,7,Hyderabad,Basic,0
CUST_06051,33,93.14568750314244,5153.552944405453,Two year,Fiber optic,Yes,No internet service,No internet service,Yes,16,Chennai,Standard,0
CUST_06052,65,88.4010798321218,6056.439754577492,One year,Fiber optic,No internet service,No internet service,No,No,10,Pune,Basic,1
CUST_06053,68,61.18031713157093,2740.516172941488,Two year,No,No,No,No,No internet service,15,Mumbai,Basic,0
CUST_06054,54,112.17480640172076,5946.781954445643,One year,Fiber optic,Yes,No,No,No internet service,17,Pune,Premium,1
CUST_06055,9,25.43753521655455,4486.248979359437,Month-to-month,No,Yes,No internet service,No internet service,No internet service,3,Chennai,Standard,1
CUST_06056,41,99.93242531125308,5721.974932358821,Two year,DSL,No internet service,No internet service,No internet service,No,17,Chennai,Premium,0
CUST_06057,40,39.95373867478473,7107.537719037263,One year,DSL,No internet service,No,No internet service,No internet service,19,Delhi,Premium,1
CUST_06058,68,51.0508514746525,1580.631482966968,Month-to-month,Fiber optic,Yes,No internet service,Yes,Yes,7,Mumbai,Premium,0
CUST_06059,9,70.98183235466544,5222.138821467914,Month-to-month,DSL,No,Yes,Yes,Yes,14,Chennai,Standard,1
CUST_06060,9,97.83081112766911,460.0082892686339,One year,DSL,No internet service,No,Yes,No internet service,12,Bangalore,Basic,1
CUST_06061,59,103.53056058068114,884.1401844657307,One year,No,Yes,Yes,No,No internet service,3,Bangalore,Premium,0
CUST_06062,50,77.54068951633273,5739.9083075092485,One year,Fiber optic,Yes,Yes,No,Yes,13,Delhi,Standard,0
CUST_06063,20,59.10961987133789,619.6931626381656,Two year,No,No,Yes,No,Yes,14,Chennai,Basic,0
CUST_06064,7,114.54324698312743,5067.824688382127,Month-to-month,DSL,No,Yes,No internet service,No internet service,14,Mumbai,Standard,1
CUST_06065,64,43.14517217561557,1884.1468617610515,Two year,DSL,Yes,No internet service,No internet service,Yes,4,Pune,Premium,0
CUST_06066,29,99.91564673982481,2597.2475154366466,Two year,DSL,No,No internet service,No,No internet service,14,Mumbai,Standard,1
CUST_06067,48,80.42906138771163,1117.5768112144706,Two year,Fiber optic,No internet service,No internet service,No internet service,No,17,Pune,Premium,0
CUST_06068,8,56.443291722291804,2127.1976177180227,Month-to-month,DSL,Yes,No internet service,Yes,No internet service,2,Pune,Standard,1
CUST_06069,16,18.139534405080752,6984.19691883754,Month-to-month,DSL,No,No,Yes,No internet service,19,Pune,Premium,0
CUST_06070,68,63.55312873755993,5436.966636354567,Month-to-month,No,No,No internet service,No internet service,No,9,Bangalore,Basic,0
CUST_06071,57,46.225439749314525,8073.862578754434,One year,Fiber optic,No,No,Yes,No internet service,4,Hyderabad,Standard,0
CUST_06072,56,28.643354559207182,431.4538631105523,Two year,DSL,No,Yes,Yes,No internet service,4,Chennai,Standard,0
CUST_06073,61,25.666173664484653,6739.23856011527,One year,No,Yes,No,Yes,No,14,Delhi,Basic,0
CUST_06074,51,53.4509493857834,5947.572668576079,One year,DSL,No,No internet service,No,Yes,0,Delhi,Premium,0
CUST_06075,60,80.70525365154614,2230.8885326855006,Two year,No,No internet service,Yes,No internet service,Yes,0,Pune,Premium,0
CUST_06076,39,103.42697016720692,6202.7919732393775,Month-to-month,DSL,No internet service,Yes,No internet service,Yes,15,Chennai,Premium,1
CUST_06077,37,36.72345098462735,6095.764800375809,Two year,Fiber optic,Yes,No internet service,No,Yes,16,Chennai,Basic,0
CUST_06078,42,61.31368507352306,3914.1660123442653,One year,Fiber optic,Yes,Yes,Yes,Yes,13,Pune,Standard,0
CUST_06079,62,57.97952629449952,5859.041247117159,Month-to-month,No,No internet service,Yes,No,No,14,Delhi,Standard,0
CUST_06080,18,70.3661889392686,3788.9352193737836,Month-to-month,DSL,No internet service,Yes,Yes,No,13,Delhi,Standard,1
CUST_06081,49,100.57790162257439,2864.0977457628715,One year,Fiber optic,Yes,No,No,No internet service,1,Mumbai,Basic,1
CUST_06082,32,74.47181223592196,3974.776325577723,Month-to-month,DSL,No internet service,Yes,Yes,Yes,2,Delhi,Premium,0
CUST_06083,12,104.358801177234,7610.488262021855,Month-to-month,Fiber optic,No internet service,Yes,No,No,11,Pune,Premium,1
CUST_06084,61,70.89227911903572,3280.0397310403705,Two year,No,Yes,No,No,No,1,Bangalore,Premium,0
CUST_06085,42,79.59243124848969,3442.083121187423,Two year,Fiber optic,Yes,No internet service,Yes,Yes,7,Delhi,Standard,0
CUST_06086,48,62.61309073428495,5178.47617669023,One year,DSL,No,No,Yes,No,11,Delhi,Basic,0
CUST_06087,35,101.95574919015463,6404.9415506279765,One year,DSL,No,No,No internet service,No internet service,8,Bangalore,Premium,0
CUST_06088,9,112.23037504919458,6249.054137159229,One year,DSL,No internet service,No internet service,No internet service,No internet service,13,Bangalore,Premium,0
CUST_06089,5,83.19276328856085,185.9328288622098,Month-to-month,No,Yes,No internet service,No,Yes,5,Chennai,Standard,1
CUST_06090,56,101.7198098156362,5848.656854665913,One year,No,No,No,No,Yes,16,Pune,Premium,0
CUST_06091,0,24.01834006790823,3839.5994359750975,Two year,DSL,No internet service,Yes,No internet service,Yes,10,Pune,Standard,0
CUST_06092,70,110.42339864755907,4463.331104796908,Month-to-month,DSL,No internet service,No internet service,No internet service,No internet service,18,Delhi,Premium,1
CUST_06093,57,37.27035681759071,4782.02842395035,One year,Fiber optic,No internet service,Yes,Yes,No,12,Bangalore,Standard,0
CUST_06094,20,44.16508358723241,6224.445792312307,Month-to-month,Fiber optic,No internet service,No internet service,No internet service,No internet service,2,Mumbai,Standard,0
CUST_06095,55,23.439666957088114,7069.366366965711,Month-to-month,Fiber optic,Yes,Yes,No,Yes,2,Hyderabad,Premium,1
CUST_06096,19,116.47081193135402,5499.585332370626,Month-to-month,DSL,No internet service,No,No internet service,No,13,Bangalore,Standard,1
CUST_06097,53,104.90510664781439,4801.061046876503,One year,Fiber optic,No,No,No internet service,No internet service,7,Hyderabad,Premium,0
CUST_06098,24,111.14482961729055,3188.310819321337,Month-to-month,DSL,Yes,No,No internet service,Yes,6,Delhi,Premium,1
CUST_06099,27,104.41604911152153,1187.483055525379,Month-to-month,No,No internet service,No,No internet service,Yes,3,Mumbai,Basic,0
CUST_06100,4,66.91211637757146,8148.655895711737,Month-to-month,Fiber optic,No,No internet service,No,No,2,Pune,Premium,1
CUST_06101,20,112.25635727725788,3935.346323503259,Two year,DSL,No,No,No internet service,No internet service,18,Mumbai,Premium,1
CUST_06102,17,116.88622768357321,4820.61225782689,One year,DSL,Yes,Yes,No internet service,No,1,Pune,Basic,0
CUST_06103,46,69.26183163251855,6388.6023686996905,Two year,No,Yes,No,No,No,4,Chennai,Basic,0
CUST_06104,69,35.913727695541496,598.2577335989109,Month-to-month,No,Yes,No,No internet service,No internet service,11,Pune,Standard,0
CUST_06105,56,85.17949591423563,7270.203378369651,Month-to-month,No,No,No,No,No internet service,1,Pune,Basic,1
CUST_06106,18,117.49470556506421,6778.372355030299,Two year,No,No,No,No internet service,No internet service,17,Chennai,Basic,1
CUST_06107,64,106.95897970560524,6586.703231759272,Month-to-month,Fiber optic,No internet service,No internet service,No internet service,No,14,Delhi,Standard,0
CUST_06108,2,105.90514796688257,204.45731852125192,Two year,No,Yes,No internet service,No internet service,No,15,Bangalore,Basic,0
CUST_06109,41,113.24943771434278,4483.932897663133,Month-to-month,DSL,Yes,No internet service,Yes,No internet service,11,Mumbai,Premium,1
CUST_06110,20,109.1831305763598,478.3043205525293,Month-to-month,DSL,Yes,Yes,No internet service,No internet service,11,Delhi,Basic,0
CUST_06111,39,97.18072972986587,4690.501213782724,Month-to-month,DSL,Yes,Yes,No,No,3,Delhi,Standard,1
CUST_06112,66,91.26382888050638,6111.878703299341,Month-to-month,DSL,No,No,Yes,No internet service,7,Pune,Premium,1
CUST_06113,24,45.006251721964944,1051.533822691943,One year,DSL,Yes,Yes,No internet service,Yes,10,Bangalore,Standard,0
CUST_06114,54,81.37668218570182,5911.998500658362,One year,No,No,Yes,No,No internet service,3,Mumbai,Basic,0
CUST_06115,51,71.19183941400073,3830.9375996473755,One year,DSL,No,Yes,No internet service,Yes,11,Pune,Premium,0
CUST_06116,43,105.9182973412611,6901.591958009269,Two year,No,Yes,Yes,No,Yes,9,Pune,Basic,0
CUST_06117,55,68.15468249598734,4543.901383823713,Two year,No,No,No internet service,No internet service,No,8,Mumbai,Standard,0
CUST_06118,54,31.02976188135429,2868.982866949491,Two year,No,No,No internet service,No,No,15,Mumbai,Standard,0
CUST_06119,69,18.507193502879616,2833.9524409598966,Two year,No,Yes,Yes,No,No,3,Chennai,Basic,0
CUST_06120,72,87.14305828780385,7630.480662704327,One year,Fiber optic,Yes,Yes,Yes,No internet service,16,Mumbai,Standard,0
CUST_06121,65,74.09065548697048,3859.2567804510923,Two year,Fiber optic,No internet service,No internet service,Yes,No,17,Hyderabad,Basic,0
CUST_06122,18,51.75821624456173,3459.6045558504024,Two year,Fiber optic,No,No,No,No internet service,6,Pune,Standard,0
CUST_06123,6,35.23515930386482,356.2080643309199,Two year,Fiber optic,No,No internet service,No,No,8,Bangalore,Standard,0
CUST_06124,62,65.604962885198,3108.201300588837,Month-to-month,Fiber optic,No internet service,Yes,Yes,Yes,5,Mumbai,Standard,1
CUST_06125,41,28.229220192848377,7224.536680038611,Two year,DSL,No internet service,Yes,No,No,19,Bangalore,Standard,0
CUST_06126,41,52.2830659005566,6472.697302709591,Month-to-month,Fiber optic,Yes,Yes,No internet service,Yes,2,Bangalore,Premium,0
CUST_06127,58,56.679614436034704,1891.7857861207592,Two year,DSL,No internet service,No internet service,No internet service,No internet service,14,Hyderabad,Premium,0
CUST_06128,19,65.49310687347213,3521.546278096934,Two year,DSL,Yes,Yes,No,No,0,Mumbai,Basic,0
CUST_06129,72,65.59531663656239,1685.3888125253939,Month-to-month,No,Yes,No internet service,No,No,16,Bangalore,Basic,1
CUST_06130,16,44.214575634376274,8111.667040391983,Two year,No,Yes,No,Yes,Yes,8,Pune,Basic,0
CUST_06131,26,104.72152012340274,5091.235845738413,Month-to-month,No,No,Yes,Yes,No,1,Mumbai,Basic,1
CUST_06132,46,54.26543763818805,6416.43735039679,Two year,Fiber optic,No,Yes,No,No internet service,5,Hyderabad,Standard,0
CUST_06133,1,41.417905507036664,6072.52496655844,Two year,DSL,Yes,No,No internet service,Yes,15,Chennai,Standard,1
CUST_06134,62,35.9326081078802,7428.633180274688,Month-to-month,Fiber optic,No internet service,No internet service,Yes,No internet service,12,Chennai,Standard,0
CUST_06135,61,50.90299623934023,8070.1982176225865,One year,No,No,Yes,No internet service,No internet service,5,Chennai,Basic,0
CUST_06136,18,24.890394063708506,293.2084459656948,Month-to-month,No,No,Yes,No internet service,Yes,14,Chennai,Premium,1
CUST_06137,16,21.35656734405911,8290.504607911396,One year,DSL,No internet service,Yes,No internet service,No internet service,4,Delhi,Basic,0
CUST_06138,68,79.72450407389252,7401.94117206407,Month-to-month,DSL,No,Yes,No internet service,No,16,Bangalore,Premium,0
CUST_06139,38,81.15300787701739,3266.1599205772527,One year,No,No internet service,No,Yes,No internet service,8,Delhi,Premium,1
CUST_06140,70,72.01799666910554,7118.021315369072,Two year,Fiber optic,No internet service,No internet service,No,No,12,Mumbai,Standard,0
CUST_06141,38,95.75308991363588,6265.484806131113,One year,Fiber optic,No,No,No,Yes,6,Pune,Standard,0
CUST_06142,35,21.993355516261953,6745.196143081966,Two year,DSL,No internet service,No internet service,Yes,No,15,Chennai,Basic,0
CUST_06143,39,113.46925703736571,1889.9013405408673,Month-to-month,No,No internet service,No,No internet service,No internet service,7,Mumbai,Basic,0
CUST_06144,44,27.69664257222017,5519.117319818313,One year,Fiber optic,Yes,No,No,No,17,Hyderabad,Premium,0
CUST_06145,3,86.75034542814655,237.90343544658472,Two year,DSL,Yes,No internet service,No,No internet service,4,Bangalore,Premium,1
CUST_06146,24,31.60645207196255,7212.679502313264,Month-to-month,DSL,No,Yes,No,No,12,Hyderabad,Standard,1
CUST_06147,68,107.75035419739483,8084.7464925396425,One year,DSL,No internet service,Yes,No internet service,Yes,6,Bangalore,Premium,0
CUST_06148,29,70.09275526839319,5634.1310234685125,Two year,Fiber optic,No,No,No,Yes,19,Hyderabad,Premium,0
CUST_06149,67,26.393941183833554,4366.46399823885,One year,DSL,No,No,Yes,No,12,Hyderabad,Basic,0
CUST_06150,28,80.9058594954075,6173.65109997757,One year,Fiber optic,Yes,No,No,Yes,1,Pune,Basic,0
CUST_06151,72,18.92921427598457,2786.196446721201,Two year,DSL,No internet service,Yes,No,No,18,Bangalore,Premium,0
CUST_06152,67,97.15426220090495,5331.021284081948,Two year,Fiber optic,No,No internet service,Yes,No internet service,13,Mumbai,Premium,0
CUST_06153,50,84.35966863790459,6116.32847119726,Month-to-month,No,No,Yes,No internet service,No,13,Hyderabad,Premium,1
CUST_06154,23,39.68772443507774,1228.2183885234328,Two year,Fiber optic,Yes,No,No,No internet service,8,Bangalore,Basic,0
CUST_06155,13,56.22459344996155,1206.0568226220964,Two year,No,Yes,Yes,No internet service,No,3,Bangalore,Basic,0
CUST_06156,68,18.79628283786681,6092.284023372751,One year,DSL,Yes,Yes,No internet service,No internet service,16,Hyderabad,Standard,0
CUST_06157,17,88.75574912706291,3680.379115511737,Two year,Fiber optic,No,Yes,No internet service,Yes,19,Mumbai,Standard,1
CUST_06158,41,50.91215002599136,7560.207109945354,One year,DSL,No internet service,No internet service,No,No,15,Chennai,Standard,0
CUST_06159,56,76.30206936026536,2663.8655984542966,One year,No,Yes,No,No,Yes,7,Pune,Standard,1
CUST_06160,11,115.58621804727521,377.897513343003,Two year,DSL,Yes,Yes,Yes,Yes,14,Delhi,Basic,1
CUST_06161,16,48.54560472065367,5530.24847994175,Two year,DSL,No internet service,Yes,No internet service,No internet service,17,Chennai,Standard,0
CUST_06162,29,119.00426417690646,5821.7171200430885,Two year,DSL,No,No,Yes,Yes,9,Hyderabad,Basic,1
CUST_06163,22,82.53829537277177,4713.564027357421,Two year,No,No,Yes,No,No internet service,3,Hyderabad,Basic,0
CUST_06164,0,42.693043961121504,5814.02750078158,Month-to-month,No,No internet service,Yes,No,Yes,6,Pune,Standard,0
CUST_06165,31,62.55134406816829,4460.484349831818,One year,Fiber optic,Yes,Yes,Yes,Yes,16,Bangalore,Basic,0
CUST_06166,8,93.52621848312616,5892.911546152105,Month-to-month,Fiber optic,No internet service,Yes,Yes,No,7,Pune,Premium,1
CUST_06167,14,63.54074658367429,390.67708240115985,Month-to-month,Fiber optic,No,No,No internet service,No,0,Mumbai,Standard,1
CUST_06168,27,24.987771868838344,3142.7464942147044,One year,Fiber optic,No,Yes,No,No internet service,9,Pune,Standard,0
CUST_06169,23,35.19757346101932,1806.149098083153,Month-to-month,DSL,Yes,No internet service,No internet service,Yes,14,Pune,Premium,0
CUST_06170,59,98.71237006996245,860.4843077038229,Two year,No,Yes,Yes,No internet service,Yes,5,Mumbai,Standard,0
CUST_06171,34,84.13405372324226,2003.5737399606219,Two year,No,No internet service,No internet service,No,No,9,Hyderabad,Basic,0
CUST_06172,26,76.12219868787764,1640.6966621456272,Two year,DSL,No,No,No,No internet service,0,Mumbai,Basic,1
CUST_06173,19,35.09744101705093,8272.100436083067,Two year,Fiber optic,No,Yes,No internet service,No,5,Delhi,Basic,0
CUST_06174,64,103.45125942573462,2448.482474088001,One year,No,No internet service,No internet service,Yes,Yes,12,Pune,Standard,1
CUST_06175,48,115.99549117779752,1976.9939847882067,Two year,DSL,Yes,No internet service,No,No internet service,2,Mumbai,Premium,0
CUST_06176,0,22.170483944048293,7099.405562173597,One year,DSL,No,Yes,No internet service,Yes,11,Mumbai,Premium,0
CUST_06177,9,25.95925080669324,3572.943754874292,One year,Fiber optic,No,Yes,Yes,No,14,Pune,Standard,1
CUST_06178,46,108.2418993380856,3592.86993374704,One year,Fiber optic,Yes,No,No internet service,No internet service,6,Bangalore,Basic,0
CUST_06179,58,101.18632991127708,3780.534335836447,One year,No,No,No,No,No,5,Hyderabad,Basic,1
CUST_06180,61,81.02931446215194,3551.0456809150533,Month-to-month,No,Yes,Yes,Yes,Yes,8,Mumbai,Standard,1
CUST_06181,17,114.38645131658606,2787.928188960952,Month-to-month,Fiber optic,No internet service,No,Yes,Yes,15,Hyderabad,Standard,1
CUST_06182,45,83.93591895518432,2446.7311517497274,Two year,No,Yes,No,Yes,No,11,Mumbai,Basic,1
CUST_06183,31,40.030498124409334,7498.781975949512,One year,Fiber optic,Yes,No,No,Yes,8,Mumbai,Standard,0
CUST_06184,26,92.32151701912382,1389.6017099200913,Two year,DSL,No internet service,No,No,No,7,Mumbai,Premium,0
CUST_06185,17,83.862455164055,1553.7708774923708,Two year,DSL,No,Yes,No internet service,No,4,Bangalore,Premium,0
CUST_06186,38,118.545959605023,4867.321409805209,Two year,DSL,No,Yes,No internet service,No internet service,2,Mumbai,Standard,0
CUST_06187,48,39.817365110228764,2932.9120726993187,Two year,No,Yes,No internet service,No,Yes,3,Chennai,Basic,0
CUST_06188,43,78.9842635089851,3593.4120726324845,One year,Fiber optic,Yes,No,No internet service,Yes,10,Delhi,Premium,0
CUST_06189,71,97.5770872669625,6859.128328128773,One year,DSL,No internet service,Yes,Yes,No,9,Pune,Standard,0
CUST_06190,53,52.57627511249342,7682.598654118608,Month-to-month,DSL,No internet service,No internet service,No,No internet service,7,Pune,Basic,0
CUST_06191,33,56.72731747602025,6723.476309998632,One year,No,No,No,No,No,8,Mumbai,Standard,0
CUST_06192,70,108.5659875094887,2010.6615292321546,One year,No,No,No internet service,No internet service,Yes,12,Pune,Standard,0
CUST_06193,35,59.227877720105894,8330.116478463964,Two year,DSL,No internet service,No,No,No internet service,18,Chennai,Standard,0
CUST_06194,17,81.72275089335267,3098.463079922125,One year,No,Yes,Yes,Yes,No internet service,10,Hyderabad,Standard,0
CUST_06195,37,108.70229002773621,1452.0268127982476,Two year,No,No internet service,No internet service,No,No,2,Bangalore,Standard,0
CUST_06196,58,39.402311475237255,4254.731055779916,One year,No,No,Yes,Yes,No,0,Hyderabad,Basic,0
CUST_06197,8,118.1514842279658,6169.873898043622,Month-to-month,No,Yes,No,No,No internet service,13,Bangalore,Premium,1
CUST_06198,72,89.59926046497323,724.303615255084,Two year,Fiber optic,No internet service,No,No,Yes,18,Hyderabad,Basic,0
CUST_06199,71,68.60441280242736,5398.021609815727,One year,No,No,No,No,Yes,0,Hyderabad,Premium,0
CUST_06200,50,61.95389756380176,7296.21694650439,One year,No,Yes,No internet service,No internet service,No internet service,11,Delhi,Standard,0
CUST_06201,34,115.34519078625347,2238.4305361942875,Two year,Fiber optic,Yes,No internet service,No internet service,No,13,Delhi,Standard,1
CUST_06202,4,38.983932408025964,5897.071085682833,Month-to-month,No,Yes,No internet service,Yes,No,14,Delhi,Basic,1
CUST_06203,13,49.791692198288054,3410.0249993244574,Month-to-month,No,Yes,Yes,No internet service,Yes,6,Hyderabad,Basic,0
CUST_06204,29,49.39486106588832,3530.6942841099317,One year,DSL,Yes,No internet service,No,Yes,3,Pune,Premium,0
CUST_06205,3,47.478646142915274,2399.864612713998,One year,DSL,No internet service,No,No internet service,No internet service,13,Bangalore,Standard,1
CUST_06206,38,65.79088061200031,5314.108181403192,One year,DSL,Yes,Yes,No internet service,Yes,17,Delhi,Basic,0
CUST_06207,63,118.89628179331899,3079.995664201771,Two year,Fiber optic,No internet service,No,Yes,Yes,15,Bangalore,Standard,0
CUST_06208,24,108.65625020505418,7065.719275361107,Two year,No,Yes,No,No,No,13,Bangalore,Standard,1
CUST_06209,27,51.450855968791586,8185.363798306121,Two year,Fiber optic,No,No internet service,Yes,No,10,Mumbai,Standard,0
CUST_06210,65,61.13275180447404,7949.413702107121,One year,Fiber optic,Yes,No internet service,No internet service,Yes,5,Chennai,Premium,0
CUST_06211,21,86.287036131365,1401.654859726529,Month-to-month,No,No internet service,No internet service,No,No,14,Hyderabad,Standard,1
CUST_06212,30,19.749471431054637,138.36212455547394,Two year,No,No,No,Yes,No,9,Chennai,Premium,0
CUST_06213,22,101.65567318593608,3737.0884693981416,Month-to-month,DSL,No,Yes,Yes,No,11,Hyderabad,Basic,0
CUST_06214,47,107.73940184581579,6200.391608475487,One year,No,No internet service,No internet service,No,Yes,8,Bangalore,Basic,0
CUST_06215,19,105.43443410110247,8308.775586017138,Two year,Fiber optic,No,No internet service,Yes,No,16,Chennai,Standard,0
CUST_06216,37,56.255547462324685,6662.987961934599,Two year,DSL,No internet service,Yes,Yes,Yes,17,Mumbai,Standard,0
CUST_06217,54,65.12394975114924,4942.219348076233,Two year,Fiber optic,Yes,No,Yes,Yes,10,Chennai,Premium,1
CUST_06218,67,19.263608834183096,241.52540153102095,One year,No,Yes,No,No internet service,No internet service,5,Pune,Standard,1
CUST_06219,0,58.73832550044218,7020.236145365381,One year,DSL,No internet service,Yes,Yes,No internet service,18,Chennai,Standard,0
CUST_06220,6,64.96353588139335,1520.5441777875685,One year,No,Yes,No internet service,No internet service,No internet service,1,Mumbai,Standard,1
CUST_06221,56,110.51137789298483,489.6544533323563,Month-to-month,DSL,No,Yes,Yes,Yes,19,Mumbai,Premium,1
CUST_06222,11,109.18674272323923,7230.74374325887,Month-to-month,DSL,Yes,No internet service,Yes,No internet service,12,Delhi,Premium,1
CUST_06223,4,116.54190053696676,4820.939861290363,Two year,DSL,Yes,Yes,Yes,No,8,Pune,Standard,1
CUST_06224,49,108.28070847923308,1108.3746530523313,Two year,No,No,No,Yes,No internet service,11,Hyderabad,Standard,0
CUST_06225,41,18.83647236161985,3296.654869042556,One year,DSL,No,No,No,Yes,15,Bangalore,Basic,0
CUST_06226,11,83.42900693788641,743.5644214072282,One year,DSL,Yes,No,No internet service,No,18,Chennai,Premium,0
CUST_06227,17,24.96024367651016,5429.607664361616,One year,No,Yes,No,No,No,1,Chennai,Basic,0
CUST_06228,65,45.80461721075851,2413.5480731185676,Two year,Fiber optic,Yes,Yes,No,No,15,Bangalore,Standard,0
CUST_06229,16,76.98737820599919,7364.210422241108,One year,No,No internet service,Yes,No,No internet service,4,Mumbai,Standard,0
CUST_06230,67,89.46260947756896,3052.825916448627,Month-to-month,No,No internet service,No internet service,No,No internet service,16,Mumbai,Standard,0
CUST_06231,70,84.77246664354371,4213.484426134943,Month-to-month,DSL,Yes,Yes,Yes,No internet service,5,Chennai,Standard,0
CUST_06232,61,23.00395347568161,556.805457645681,Two year,No,Yes,No internet service,Yes,No internet service,6,Chennai,Premium,0
CUST_06233,40,28.567594696094307,2355.576574374152,Two year,No,No,Yes,No,No,5,Bangalore,Standard,0
CUST_06234,33,31.115854918989886,5758.339998479647,Month-to-month,No,Yes,Yes,No,Yes,2,Bangalore,Basic,0
CUST_06235,69,27.324266430508494,6262.980796289943,One year,DSL,Yes,Yes,No internet service,No internet service,14,Pune,Basic,0
CUST_06236,44,36.17991117347087,2077.614974205284,Two year,No,No internet service,Yes,No,Yes,15,Hyderabad,Basic,0
CUST_06237,57,88.22575471377905,4291.402077349044,Two year,DSL,No internet service,No,Yes,No,16,Mumbai,Premium,1
CUST_06238,50,102.74539961823359,6952.298834344612,Two year,No,No internet service,Yes,No internet service,Yes,8,Delhi,Basic,0
CUST_06239,33,59.69901678748785,3240.3979846652082,Month-to-month,DSL,No,No internet service,No,Yes,8,Pune,Premium,0
CUST_06240,43,88.66371365569104,1152.6478897202862,Two year,DSL,Yes,No,No internet service,No internet service,16,Delhi,Premium,1
CUST_06241,14,38.4016586491143,3681.1246446929645,Month-to-month,No,No internet service,Yes,No,No internet service,6,Pune,Standard,0
CUST_06242,69,117.27457546660763,5112.532340194489,Month-to-month,Fiber optic,No,Yes,No internet service,No,1,Bangalore,Premium,1
CUST_06243,49,53.69974733147707,80.75431612776306,One year,No,Yes,No internet service,No internet service,No internet service,5,Hyderabad,Premium,0
CUST_06244,31,104.27842443289317,2974.5495916659424,One year,Fiber optic,Yes,No,Yes,Yes,9,Chennai,Premium,1
CUST_06245,66,114.42737000819749,5170.270632832787,One year,DSL,No,No,No internet service,Yes,16,Bangalore,Standard,1
CUST_06246,2,106.20082421328082,8092.117160278894,Two year,Fiber optic,Yes,No,No,Yes,13,Bangalore,Standard,0
CUST_06247,50,24.84090045710947,3483.310348858588,Month-to-month,Fiber optic,No,No,No internet service,Yes,2,Pune,Standard,0
CUST_06248,66,84.33133004534012,1400.3307557956457,Two year,DSL,No,No internet service,No,No internet service,15,Bangalore,Basic,1
CUST_06249,47,30.24925207029822,4549.24638895485,Month-to-month,Fiber optic,No internet service,Yes,No,No,15,Delhi,Basic,0
CUST_06250,16,18.577626053631263,2441.751526847489,Two year,No,No,Yes,Yes,No internet service,4,Bangalore,Premium,0
CUST_06251,6,23.28191128219288,1839.7588649879976,Month-to-month,Fiber optic,No internet service,No,No internet service,Yes,15,Hyderabad,Basic,1
CUST_06252,12,111.44721803759984,5025.800443076022,One year,DSL,Yes,No internet service,Yes,No,4,Delhi,Standard,0
CUST_06253,65,110.66327845456016,7786.524138241395,One year,Fiber optic,No internet service,Yes,No,No,4,Hyderabad,Basic,0
CUST_06254,3,41.03408755193145,7102.371701205823,Two year,DSL,No,No,No internet service,Yes,5,Pune,Standard,1
CUST_06255,9,73.80024390945988,1564.2053146876424,Month-to-month,DSL,No internet service,No,No internet service,Yes,17,Delhi,Basic,0
CUST_06256,16,115.41288275112447,6514.189565723482,One year,No,Yes,No internet service,No,No internet service,11,Pune,Standard,0
CUST_06257,51,68.66402522906978,1967.745756754918,Month-to-month,DSL,No internet service,No internet service,Yes,No,6,Hyderabad,Basic,1
CUST_06258,5,58.144937654867306,2483.7280931998853,Two year,Fiber optic,Yes,No internet service,Yes,No,16,Mumbai,Premium,0
CUST_06259,68,67.29136679255171,7821.876881385752,One year,No,No,No,No internet service,No internet service,9,Mumbai,Basic,1
CUST_06260,8,98.6020076782983,7745.527378354207,Two year,No,No internet service,No internet service,Yes,Yes,8,Delhi,Basic,0
CUST_06261,20,66.68231851838999,1448.326144872067,Two year,Fiber optic,Yes,No,No internet service,No,8,Mumbai,Premium,0
CUST_06262,23,97.8943234908017,562.4753219429695,Month-to-month,Fiber optic,Yes,Yes,Yes,No internet service,10,Chennai,Premium,1
CUST_06263,3,62.03313945537516,2504.2277516557992,Two year,No,No internet service,No,No,No,13,Pune,Standard,1
CUST_06264,23,43.70457846356105,4952.616057035033,Two year,DSL,No internet service,No,No,No internet service,4,Hyderabad,Premium,0
CUST_06265,58,51.300218441499304,7455.795211238078,Month-to-month,No,No internet service,Yes,No,No,6,Delhi,Basic,0
CUST_06266,2,25.937993392990926,1025.9787326539656,Month-to-month,No,No internet service,No internet service,No internet service,Yes,16,Pune,Standard,1
CUST_06267,67,68.7328767297462,3537.6780156817713,Two year,No,No internet service,No internet service,No internet service,Yes,8,Mumbai,Basic,0
CUST_06268,39,33.10731433868035,2322.9816909634983,One year,DSL,Yes,No,No,No,18,Delhi,Standard,0
CUST_06269,47,100.77779464614275,144.62750009590184,One year,Fiber optic,No,No,No,No,12,Chennai,Standard,0
CUST_06270,53,60.9002385640032,6705.601184046212,Month-to-month,Fiber optic,Yes,Yes,Yes,No,8,Delhi,Premium,0
CUST_06271,34,96.03023704715575,6916.276696088238,Two year,Fiber optic,No internet service,No internet service,No,No internet service,12,Delhi,Basic,0
CUST_06272,55,115.35496360894061,1894.464901978234,One year,DSL,No internet service,Yes,No,Yes,13,Pune,Standard,0
CUST_06273,39,104.64675087075007,1300.8198008424015,Month-to-month,DSL,No,No,No,No internet service,7,Bangalore,Standard,1
CUST_06274,67,115.0492953340736,1244.1651604234764,Month-to-month,Fiber optic,No internet service,No,No internet service,Yes,13,Bangalore,Standard,0
CUST_06275,45,75.92952574081448,3953.2000635806858,Month-to-month,Fiber optic,No,Yes,No internet service,Yes,12,Bangalore,Standard,1
CUST_06276,12,34.86309226601527,2108.7755726302,Two year,Fiber optic,No internet service,Yes,No,No internet service,9,Bangalore,Premium,0
CUST_06277,26,113.41038732673746,4355.318559587465,Month-to-month,Fiber optic,Yes,No internet service,Yes,Yes,1,Hyderabad,Premium,0
CUST_06278,5,106.58744784087062,3282.312434521905,One year,DSL,No,Yes,Yes,Yes,11,Chennai,Basic,1
CUST_06279,16,106.17012508882671,1806.7715661702077,Two year,Fiber optic,Yes,No internet service,No,No,15,Delhi,Standard,1
CUST_06280,35,88.71399159568928,6389.608759025139,One year,No,No internet service,No internet service,No internet service,No internet service,6,Pune,Basic,0
CUST_06281,1,81.7414587429801,1293.3865178284486,One year,Fiber optic,Yes,Yes,No,No internet service,1,Chennai,Basic,0
CUST_06282,51,19.501836969855812,6794.289434306948,One year,DSL,Yes,Yes,Yes,Yes,15,Delhi,Premium,0
CUST_06283,65,94.30151504698786,4780.188226461059,Two year,No,Yes,No internet service,No internet service,No internet service,5,Pune,Standard,1
CUST_06284,51,27.336581983246184,7075.339044181599,One year,No,No,Yes,No internet service,Yes,15,Bangalore,Premium,0
CUST_06285,42,44.494595482462735,58.366177872934365,Month-to-month,No,No,No internet service,No internet service,Yes,12,Hyderabad,Standard,0
CUST_06286,21,74.25201012583636,6372.6170184589655,Month-to-month,DSL,No,No internet service,No,No internet service,9,Delhi,Standard,0
CUST_06287,54,64.07672365735624,454.95526195596017,One year,Fiber optic,Yes,No,No,Yes,19,Delhi,Basic,0
CUST_06288,66,19.608987756687487,8076.737334878795,Month-to-month,DSL,Yes,No internet service,No,No,8,Mumbai,Basic,1
CUST_06289,59,102.04647596207465,5978.636340528518,Two year,DSL,No internet service,No,Yes,No internet service,1,Hyderabad,Premium,0
CUST_06290,57,107.6376977247645,2733.7013690503586,Two year,No,No,Yes,No internet service,No internet service,15,Hyderabad,Premium,0
CUST_06291,11,87.55104023667022,2730.9718803176484,Month-to-month,No,No internet service,No internet service,No internet service,Yes,2,Hyderabad,Standard,1
CUST_06292,68,73.18892158299587,7325.178364773378,Month-to-month,DSL,Yes,No internet service,Yes,No internet service,1,Chennai,Basic,0
CUST_06293,38,115.99525956774609,7675.889969535451,Two year,No,No,Yes,Yes,No internet service,9,Bangalore,Basic,1
CUST_06294,12,30.23553319031558,7580.324569770625,One year,DSL,No internet service,Yes,No internet service,No,19,Mumbai,Standard,0
CUST_06295,40,93.26682547382889,6877.73516154759,Two year,No,Yes,Yes,No internet service,No,4,Chennai,Premium,1
CUST_06296,56,31.09278251531018,6965.029600734115,One year,Fiber optic,Yes,No internet service,Yes,No internet service,7,Pune,Standard,0
CUST_06297,52,56.948169490188405,4876.21735220746,Month-to-month,Fiber optic,Yes,Yes,No,Yes,11,Bangalore,Basic,0
CUST_06298,11,77.71941993543983,257.45579111399593,Month-to-month,Fiber optic,No,Yes,No,No,3,Delhi,Premium,1
CUST_06299,12,93.18294443144393,754.0109784243949,One year,No,No,No,No,No,13,Mumbai,Standard,0
CUST_06300,56,18.379042227742367,5527.510661463389,One year,No,No internet service,No,Yes,No,14,Chennai,Basic,0
CUST_06301,39,44.58098440992117,3420.682889893843,Two year,Fiber optic,Yes,No internet service,No internet service,Yes,2,Mumbai,Premium,0
CUST_06302,44,72.89643992380167,4829.920288798334,One year,DSL,No,Yes,Yes,No internet service,14,Bangalore,Standard,0
CUST_06303,34,72.35311527447371,1978.0003950808957,Month-to-month,DSL,No,Yes,No,No internet service,3,Pune,Premium,0
CUST_06304,2,83.03789636451893,5526.356466841554,Month-to-month,Fiber optic,Yes,No,No,No,14,Pune,Standard,1
CUST_06305,4,48.99306524855869,2077.6801938479157,Month-to-month,No,Yes,No internet service,No,No internet service,8,Chennai,Basic,1
CUST_06306,10,73.13398361107144,3926.614152426953,One year,DSL,No internet service,Yes,Yes,No,17,Pune,Standard,1
CUST_06307,70,37.35825129832679,4078.5021883324057,One year,DSL,No internet service,No internet service,Yes,No,12,Chennai,Standard,0
CUST_06308,55,37.060965869152454,1524.9819254957483,Month-to-month,DSL,No internet service,No,No,Yes,8,Mumbai,Basic,1
CUST_06309,9,76.8095242691059,7449.99393521996,One year,No,No,Yes,No,Yes,3,Delhi,Premium,0
CUST_06310,33,87.91820367462479,4478.0141993086045,Two year,DSL,No,No,No internet service,No,12,Delhi,Premium,1
CUST_06311,66,30.280796601491367,7370.06000447305,Two year,DSL,No,No,Yes,Yes,9,Delhi,Basic,0
CUST_06312,71,30.52456999423078,2244.8277691964277,One year,Fiber optic,No,No,No internet service,Yes,7,Bangalore,Basic,0
CUST_06313,30,75.66087452896593,1479.7534894607684,One year,No,No,Yes,No,Yes,13,Mumbai,Premium,0
CUST_06314,70,45.54976673293185,170.81720511393982,Month-to-month,Fiber optic,Yes,No internet service,No,No internet service,15,Pune,Basic,1
CUST_06315,65,58.02470842859367,814.1600438002346,One year,DSL,No internet service,Yes,No,No internet service,18,Bangalore,Premium,0
CUST_06316,69,58.876341660052944,1268.845670648242,Month-to-month,No,No internet service,No,No internet service,Yes,6,Bangalore,Basic,1
CUST_06317,40,36.212391647061466,686.8528800899376,Two year,No,No internet service,No internet service,Yes,No internet service,11,Pune,Basic,0
CUST_06318,62,18.134092609923897,7625.330181396034,One year,Fiber optic,No internet service,No,Yes,No,12,Delhi,Basic,0
CUST_06319,31,105.02148461683875,7748.819727962041,Two year,Fiber optic,Yes,Yes,No internet service,No,14,Delhi,Basic,0
CUST_06320,19,90.9302008275642,7968.710186236922,One year,No,No,No internet service,Yes,Yes,14,Delhi,Basic,0
CUST_06321,56,88.43493292778768,8159.539615834823,One year,No,No,Yes,No internet service,Yes,17,Pune,Basic,1
CUST_06322,49,73.74352408755861,4189.744512579116,Month-to-month,Fiber optic,No,No internet service,No internet service,No internet service,1,Mumbai,Premium,1
CUST_06323,24,89.49890476696828,4513.668969549228,Month-to-month,DSL,No internet service,No,Yes,Yes,13,Mumbai,Basic,0
CUST_06324,11,113.44021450985782,1127.7036951608716,One year,No,No internet service,No,Yes,Yes,19,Pune,Standard,0
CUST_06325,70,85.8987210953877,1180.475384212957,One year,DSL,Yes,No,No internet service,No,6,Delhi,Premium,1
CUST_06326,38,45.03932299659989,6572.520112680765,Month-to-month,Fiber optic,Yes,Yes,Yes,No,19,Bangalore,Standard,0
CUST_06327,16,76.19712527757159,7276.294091690245,Two year,No,No,Yes,Yes,No internet service,1,Mumbai,Basic,0
CUST_06328,44,63.11708914335343,6673.947800612924,One year,Fiber optic,No,No,No internet service,No internet service,1,Chennai,Premium,0
CUST_06329,10,74.75475137343925,7096.872486887192,Month-to-month,No,No,No,No,No internet service,4,Bangalore,Standard,1
CUST_06330,69,70.79626869610816,2363.869415462839,One year,No,No,No internet service,No internet service,Yes,2,Pune,Basic,0
CUST_06331,22,105.59507909330343,3971.1699825915152,Month-to-month,Fiber optic,No,No internet service,Yes,Yes,2,Bangalore,Premium,0
CUST_06332,69,84.48361054486884,3912.929169959673,Two year,Fiber optic,No,Yes,No,Yes,0,Hyderabad,Basic,0
CUST_06333,37,37.2533647492786,8459.993825448155,One year,DSL,No internet service,No internet service,Yes,Yes,18,Mumbai,Standard,0
CUST_06334,1,24.427711445287827,8068.927966621925,One year,Fiber optic,Yes,Yes,No internet service,No,19,Chennai,Premium,1
CUST_06335,71,61.28510644549739,5094.359154705384,Two year,Fiber optic,Yes,Yes,No internet service,No internet service,11,Mumbai,Premium,0
CUST_06336,36,19.592283470288383,1188.2881152993612,One year,DSL,No internet service,No internet service,No internet service,No internet service,5,Bangalore,Premium,0
CUST_06337,48,50.46633335500024,2211.4115996654036,One year,Fiber optic,No,No internet service,No,No,19,Pune,Premium,0
CUST_06338,51,55.538189882801014,3103.425509355083,One year,DSL,No,No internet service,Yes,No,5,Mumbai,Premium,0
CUST_06339,32,56.31006514901224,7424.58129751967,Month-to-month,DSL,No,No,No,Yes,12,Bangalore,Standard,0
CUST_06340,21,117.89370248103705,1465.3045008115687,Month-to-month,Fiber optic,Yes,No,No internet service,No internet service,9,Chennai,Premium,1
CUST_06341,4,48.99788945119177,1881.8933468395874,One year,DSL,Yes,No internet service,Yes,No internet service,0,Bangalore,Premium,0
CUST_06342,17,45.05320452861936,2981.4809547434725,Two year,DSL,No,No,No internet service,No,15,Pune,Basic,0
CUST_06343,37,31.196854968889205,7880.052220157999,Two year,DSL,No,Yes,Yes,No internet service,13,Delhi,Premium,0
CUST_06344,36,70.12290123962651,4291.334153965316,One year,Fiber optic,No internet service,No,No,No,17,Pune,Standard,0
CUST_06345,63,33.67477923378931,5504.463262420288,Month-to-month,Fiber optic,No,No,No,No internet service,13,Bangalore,Standard,0
CUST_06346,9,80.86206069854002,3302.4280736052533,Month-to-month,DSL,No internet service,No,No,No,9,Delhi,Standard,1
CUST_06347,41,33.82629745171165,1617.0445464220147,One year,Fiber optic,No,Yes,No,Yes,19,Chennai,Basic,0
CUST_06348,47,76.82067841143852,1907.7941582987287,Month-to-month,No,No,Yes,Yes,No internet service,4,Chennai,Premium,0
CUST_06349,43,102.27946239581188,6826.257290719288,Month-to-month,DSL,No,No internet service,Yes,Yes,1,Bangalore,Standard,1
CUST_06350,15,22.33751261894745,7596.514649028869,Two year,No,No internet service,No,No,No,16,Delhi,Premium,0
CUST_06351,53,60.814191441657,4200.267713285655,One year,Fiber optic,No internet service,No,No,No internet service,0,Bangalore,Standard,0
CUST_06352,34,65.02699465632122,3046.027581909414,Month-to-month,No,No internet service,Yes,Yes,No internet service,0,Chennai,Standard,1
CUST_06353,27,98.68935863476746,6870.057628024239,Month-to-month,Fiber optic,Yes,No,No internet service,Yes,5,Delhi,Standard,1
CUST_06354,1,65.7273944584455,5727.18988223643,Month-to-month,Fiber optic,Yes,Yes,No,Yes,6,Hyderabad,Basic,1
CUST_06355,12,75.88865021854465,364.69307703314036,One year,DSL,No,No,Yes,No,6,Hyderabad,Premium,1
CUST_06356,40,98.70283386598325,2992.9843043240003,One year,No,No internet service,No internet service,No,Yes,15,Chennai,Premium,0
CUST_06357,58,75.09536627878765,5804.191201398107,Month-to-month,DSL,No internet service,Yes,Yes,No internet service,18,Pune,Premium,0
CUST_06358,68,54.546540178997404,4883.952235708069,Two year,No,No,Yes,No,No internet service,8,Delhi,Premium,0
CUST_06359,52,26.75591231729939,8313.96691363366,Two year,Fiber optic,No,Yes,No,No internet service,0,Bangalore,Standard,0
CUST_06360,44,92.45139421028291,7364.390638106914,One year,Fiber optic,No,No,No internet service,No internet service,17,Pune,Premium,0
CUST_06361,19,106.85609131653982,524.7011574125557,Two year,DSL,No,No internet service,No internet service,Yes,6,Pune,Basic,0
CUST_06362,23,116.94658277605673,6173.972790932963,Month-to-month,No,No internet service,Yes,No internet service,Yes,17,Chennai,Basic,0
CUST_06363,60,112.51318783869996,2870.7223257871133,One year,No,Yes,No internet service,No internet service,No,9,Chennai,Basic,0
CUST_06364,57,99.33662670099137,5803.4254875749975,One year,Fiber optic,No internet service,Yes,No,Yes,19,Mumbai,Premium,0
CUST_06365,26,83.63413708906427,5253.298939227224,Two year,DSL,Yes,No internet service,No,No,1,Pune,Basic,0
CUST_06366,25,97.70893487472512,4284.872298083506,One year,Fiber optic,No,No,No internet service,Yes,10,Pune,Standard,1
CUST_06367,6,62.072538710910926,7252.718119908105,Two year,Fiber optic,Yes,No,No internet service,Yes,17,Bangalore,Basic,0
CUST_06368,41,78.66717390866518,6029.107393734349,Two year,DSL,No internet service,No internet service,No,No internet service,10,Bangalore,Premium,0
CUST_06369,46,53.56738053219689,7563.20648120602,Month-to-month,No,No internet service,No internet service,Yes,Yes,13,Hyderabad,Standard,0
CUST_06370,52,51.32433992799904,2406.562999892064,Two year,No,No internet service,No,No internet service,No,12,Mumbai,Basic,0
CUST_06371,58,95.18256087415544,2970.8176636114144,Two year,Fiber optic,No internet service,No internet service,Yes,No internet service,0,Pune,Premium,0
CUST_06372,37,64.3011437949633,5293.391349092397,One year,No,No internet service,No internet service,No,Yes,9,Bangalore,Premium,0
CUST_06373,68,39.640448818964984,8215.551357702243,Month-to-month,DSL,No internet service,No internet service,Yes,No internet service,14,Pune,Premium,0
CUST_06374,52,38.59769251807032,3169.7593665779714,Month-to-month,No,No,Yes,No internet service,No internet service,18,Bangalore,Standard,1
CUST_06375,14,105.63558088013323,291.91473987246025,Two year,No,Yes,No internet service,No internet service,No internet service,16,Hyderabad,Premium,0
CUST_06376,25,87.13157042499246,3800.021637889037,One year,Fiber optic,No,Yes,No internet service,No,9,Mumbai,Basic,0
CUST_06377,47,73.6966994825278,4631.610549371174,One year,No,Yes,No,No internet service,No,7,Mumbai,Basic,0
CUST_06378,18,58.89575107162866,6811.975200589525,One year,DSL,Yes,No,No internet service,Yes,6,Delhi,Basic,0
CUST_06379,8,61.943373860286826,6197.989271331491,Month-to-month,Fiber optic,Yes,No,No,No internet service,17,Pune,Premium,1
CUST_06380,63,23.85838980788427,8200.268857852927,Month-to-month,DSL,No internet service,No internet service,Yes,Yes,3,Chennai,Premium,0
CUST_06381,53,64.40083477651996,6656.715175039946,Two year,No,No internet service,No,No,No,5,Delhi,Basic,0
CUST_06382,50,99.13640088345235,2550.9664032097808,Two year,No,No internet service,Yes,No,No internet service,1,Mumbai,Standard,1
CUST_06383,38,57.57462096972288,5458.187797733799,One year,Fiber optic,Yes,Yes,No,No,12,Pune,Standard,0
CUST_06384,3,57.12528775941231,5719.949802389557,Two year,DSL,Yes,No internet service,Yes,No internet service,11,Hyderabad,Standard,0
CUST_06385,2,19.603091467967356,8483.210006707675,One year,No,Yes,Yes,Yes,No internet service,4,Delhi,Standard,0
CUST_06386,63,64.69919678092299,1194.7749630255275,Month-to-month,No,No,Yes,No,No internet service,18,Hyderabad,Premium,1
CUST_06387,28,20.58444060069262,1640.8229138204545,Two year,Fiber optic,No internet service,No,Yes,Yes,1,Mumbai,Standard,0
CUST_06388,10,76.17564165689363,1337.0667284816996,One year,No,No internet service,Yes,No,No,10,Pune,Basic,0
CUST_06389,57,69.69190492139603,5014.407888355705,Month-to-month,No,No internet service,No,No,No,7,Hyderabad,Premium,1
CUST_06390,26,103.68086689024788,1165.6236946889585,One year,No,No,No,No internet service,No,3,Delhi,Premium,0
CUST_06391,20,77.34162231442356,5582.2573869282705,Two year,DSL,No,Yes,Yes,No internet service,3,Mumbai,Basic,0
CUST_06392,38,50.98959024286595,6835.611499430304,One year,DSL,No,Yes,No internet service,Yes,10,Mumbai,Basic,0
CUST_06393,45,70.65556296052524,3688.9495831225904,Month-to-month,DSL,Yes,No internet service,No,Yes,13,Delhi,Standard,0
CUST_06394,65,89.37004828649172,4773.730864586435,Two year,No,No,No internet service,No,Yes,8,Pune,Premium,0
CUST_06395,35,27.584307131859045,7759.708710476729,Month-to-month,Fiber optic,Yes,Yes,No,Yes,19,Chennai,Standard,1
CUST_06396,64,81.34955702398425,4849.058112892365,Two year,Fiber optic,Yes,No,No internet service,No internet service,13,Delhi,Standard,0
CUST_06397,62,111.49588076175387,1787.3922923597454,One year,Fiber optic,No internet service,No,No internet service,No internet service,2,Delhi,Premium,0
CUST_06398,34,48.51129015438693,2928.9697983965953,Month-to-month,DSL,No internet service,No internet service,No,Yes,12,Pune,Basic,0
CUST_06399,30,81.91575967739405,4512.152103925372,Month-to-month,DSL,No,No,No internet service,Yes,13,Bangalore,Premium,0
CUST_06400,27,101.77560393572485,1331.8421683226595,One year,DSL,Yes,No internet service,No,No,16,Mumbai,Basic,0
CUST_06401,0,70.20425253873967,5213.393243496965,Month-to-month,DSL,Yes,No,No,No internet service,2,Bangalore,Basic,1
CUST_06402,24,91.23391247007925,8493.605351360306,Month-to-month,No,Yes,Yes,No internet service,Yes,14,Bangalore,Standard,1
CUST_06403,42,49.72305452590453,5552.801572629261,Month-to-month,Fiber optic,No internet service,Yes,Yes,No internet service,1,Bangalore,Standard,1
CUST_06404,66,49.217962198364766,3176.7913235304904,Month-to-month,Fiber optic,No internet service,No,No,No,9,Hyderabad,Standard,1
CUST_06405,62,86.09357022345318,2831.8737424387723,One year,DSL,No internet service,No internet service,No,Yes,14,Delhi,Premium,1
CUST_06406,50,89.95170514529535,7919.859382354908,Month-to-month,Fiber optic,No internet service,Yes,No internet service,No internet service,18,Bangalore,Premium,1
CUST_06407,1,113.57498935023867,7410.184212688158,Month-to-month,Fiber optic,No internet service,No internet service,No internet service,No internet service,11,Hyderabad,Basic,1
CUST_06408,63,40.933534621233406,4024.5458165259442,Month-to-month,DSL,No internet service,Yes,No internet service,No internet service,16,Hyderabad,Basic,0
CUST_06409,68,65.75819480097284,3015.6623360914105,Two year,DSL,No,No,No,No internet service,15,Mumbai,Premium,0
CUST_06410,8,43.552374262716924,6044.15805346511,Two year,DSL,No,Yes,Yes,No internet service,7,Delhi,Premium,0
CUST_06411,1,26.16940040978503,2685.6099976514265,One year,DSL,No,No,Yes,No internet service,4,Pune,Basic,1
CUST_06412,33,59.12951385064375,1030.7782159660483,One year,No,No,No internet service,Yes,No,14,Chennai,Basic,0
CUST_06413,59,56.15623622339673,2648.7110647415466,One year,Fiber optic,Yes,Yes,No,No internet service,7,Delhi,Premium,0
CUST_06414,60,45.58428023818317,3701.6985203181066,Month-to-month,No,No internet service,No internet service,No internet service,No,17,Hyderabad,Standard,0
CUST_06415,30,48.29347889622048,2184.3992910853303,Two year,Fiber optic,No internet service,No internet service,Yes,No,7,Delhi,Premium,0
CUST_06416,9,54.76200424783037,1857.014022555566,Two year,No,No,No,Yes,No internet service,18,Mumbai,Standard,1
CUST_06417,35,118.86143854356953,70.08085972196628,One year,DSL,Yes,No internet service,Yes,Yes,16,Delhi,Standard,1
CUST_06418,48,97.86169212866257,5368.808471869123,Two year,No,No,Yes,No,No internet service,3,Hyderabad,Premium,0
CUST_06419,69,25.28292251086451,5229.755928725321,One year,DSL,No internet service,No,No internet service,No,3,Hyderabad,Basic,1
CUST_06420,48,106.98614400164358,1612.8300667713168,Month-to-month,DSL,No,No,No internet service,No internet service,19,Bangalore,Standard,0
CUST_06421,2,82.59693929266447,8022.039909102465,Two year,No,Yes,No,No internet service,No internet service,19,Hyderabad,Premium,1
CUST_06422,4,108.84056353243473,3491.980389107958,Month-to-month,Fiber optic,No internet service,No internet service,No internet service,No internet service,8,Mumbai,Standard,0
CUST_06423,60,52.854388087283276,234.11655559423218,Month-to-month,No,Yes,Yes,Yes,No,13,Hyderabad,Standard,0
CUST_06424,25,65.38092421079531,1882.1054022404032,Two year,DSL,No,Yes,No internet service,No,0,Delhi,Basic,0
CUST_06425,71,109.41515984542706,5888.116401588273,One year,DSL,No internet service,Yes,Yes,No,8,Pune,Standard,1
CUST_06426,4,45.80245986319551,1728.139981711469,Two year,Fiber optic,Yes,No,No,Yes,12,Pune,Premium,0
CUST_06427,14,111.38108937703237,475.28547618670797,Month-to-month,Fiber optic,Yes,No,No,Yes,17,Pune,Standard,1
CUST_06428,15,102.50697063871546,5257.384169869616,One year,Fiber optic,Yes,Yes,No,Yes,9,Chennai,Premium,0
CUST_06429,0,118.01690997274792,4414.68533381986,Month-to-month,DSL,No internet service,No internet service,No internet service,Yes,3,Hyderabad,Standard,1
CUST_06430,15,51.074273875669036,6475.056821787082,One year,No,No internet service,No,No internet service,No internet service,14,Pune,Basic,0
CUST_06431,36,42.0468243604879,6571.45943763141,Two year,Fiber optic,No,Yes,Yes,Yes,3,Mumbai,Basic,0
CUST_06432,2,51.74842349866427,8160.170822627516,Month-to-month,DSL,No,No internet service,No internet service,Yes,19,Mumbai,Standard,1
CUST_06433,51,115.374279190851,501.62280836524576,One year,No,No internet service,No,No,Yes,10,Pune,Basic,0
CUST_06434,46,51.97347619740004,348.7082588982128,One year,Fiber optic,Yes,No,No internet service,No internet service,11,Mumbai,Standard,0
CUST_06435,12,75.65160563563829,8391.405361370618,Two year,No,No internet service,No,Yes,Yes,12,Pune,Standard,0
CUST_06436,54,59.17528682382445,5487.599698625562,One year,No,No internet service,Yes,No,Yes,1,Mumbai,Basic,0
CUST_06437,20,58.414454737141654,6085.77291746034,One year,DSL,No internet service,No,No,Yes,7,Delhi,Basic,0
CUST_06438,65,37.72461820766363,836.3604913936988,Month-to-month,DSL,No internet service,No,Yes,No,3,Bangalore,Standard,1
CUST_06439,53,72.78211316135418,610.1512437755941,Two year,DSL,No,No internet service,No,Yes,8,Chennai,Premium,0
CUST_06440,26,104.6392340066551,1377.2709837632094,Two year,No,No,Yes,Yes,Yes,1,Pune,Premium,0
CUST_06441,37,23.047471382494823,3641.473102928137,Month-to-month,Fiber optic,Yes,No internet service,Yes,Yes,4,Bangalore,Basic,0
CUST_06442,57,108.701112553669,952.5143819410998,Month-to-month,Fiber optic,No internet service,No,No internet service,No internet service,4,Bangalore,Basic,1
CUST_06443,61,85.87824244400454,3803.8027864191026,Month-to-month,Fiber optic,No internet service,Yes,No,Yes,3,Bangalore,Premium,1
CUST_06444,45,80.90728421864009,4780.947530105538,One year,DSL,No,Yes,No internet service,Yes,18,Delhi,Premium,0
CUST_06445,10,81.84182375824722,20.82423360148562,Two year,Fiber optic,No,No,No internet service,No,8,Chennai,Standard,1
CUST_06446,71,48.21952326735588,987.0314403775529,Two year,Fiber optic,No internet service,Yes,Yes,No,11,Hyderabad,Basic,0
CUST_06447,7,60.344739394565345,3200.4056165751476,Two year,DSL,No,Yes,Yes,No internet service,2,Hyderabad,Standard,0
CUST_06448,70,99.52758060222989,470.34330165425894,One year,Fiber optic,No internet service,No internet service,No internet service,No internet service,4,Pune,Standard,0
CUST_06449,63,49.25086576750154,1150.592751633572,Two year,Fiber optic,Yes,Yes,Yes,Yes,1,Chennai,Premium,0
CUST_06450,20,65.94206137641507,1984.0969838474057,Two year,Fiber optic,Yes,Yes,No,No,12,Chennai,Standard,0
CUST_06451,71,20.00249168154064,3661.8791949699817,Two year,No,Yes,No internet service,No,No internet service,6,Mumbai,Basic,0
CUST_06452,62,92.82295199942168,6081.249112899167,Two year,No,No internet service,No,No internet service,No internet service,7,Bangalore,Basic,0
CUST_06453,63,60.605622021217776,1143.4648055068249,Month-to-month,DSL,No,No internet service,No,No,19,Mumbai,Basic,0
CUST_06454,19,71.58659438430757,6277.364606934956,One year,DSL,Yes,No,No internet service,Yes,10,Delhi,Standard,0
CUST_06455,7,29.69831041669738,7270.625109461467,Two year,No,No internet service,No,No,No,11,Delhi,Standard,0
CUST_06456,57,119.15485133631856,5543.842900720549,Two year,DSL,Yes,No,Yes,Yes,17,Chennai,Basic,1
CUST_06457,45,48.85171835245429,388.881348618581,Two year,DSL,Yes,No internet service,No,Yes,17,Delhi,Premium,0
CUST_06458,30,82.76894548283794,3755.624572518557,Two year,Fiber optic,No,No,Yes,No,15,Chennai,Premium,0
CUST_06459,8,77.28610717515548,5616.679825855345,Two year,DSL,No internet service,No internet service,No internet service,Yes,19,Hyderabad,Basic,1
CUST_06460,14,98.07940480034901,8317.748407739224,Month-to-month,DSL,No,No internet service,No,No internet service,5,Bangalore,Standard,1
CUST_06461,25,47.97136947343998,8091.238747603314,Month-to-month,Fiber optic,No,No,Yes,No,17,Delhi,Standard,1
CUST_06462,9,95.1045891897182,3374.354155959391,One year,Fiber optic,No,No,Yes,No internet service,16,Mumbai,Standard,0
CUST_06463,28,57.0151765299449,5242.327354613235,One year,No,Yes,No internet service,No internet service,Yes,17,Delhi,Standard,0
CUST_06464,35,59.93841851632761,7573.894079920965,Two year,DSL,Yes,No internet service,No internet service,Yes,2,Pune,Basic,0
CUST_06465,36,86.61667770165056,7066.9342702448985,Two year,Fiber optic,Yes,No,No,No,8,Bangalore,Standard,1
CUST_06466,70,97.9971487175278,4084.4559969443435,Month-to-month,DSL,No internet service,No,No,No,6,Delhi,Basic,0
CUST_06467,22,86.02039688429703,2233.8489686227495,One year,DSL,No,No,No,Yes,6,Chennai,Basic,1
CUST_06468,40,109.7877110982575,1180.8817487477013,Two year,No,Yes,No internet service,Yes,No,18,Delhi,Standard,0
CUST_06469,27,47.08622101002687,4157.047675416205,Two year,No,No,No internet service,No internet service,Yes,0,Hyderabad,Premium,0
CUST_06470,47,109.86290667439883,6149.178714661779,Two year,No,No,No internet service,No,No internet service,0,Hyderabad,Standard,1
CUST_06471,37,31.348079646224626,8243.586707500368,One year,No,No,No,No,No,0,Delhi,Premium,0
CUST_06472,30,85.27209254105802,7327.914022709439,Month-to-month,No,No,Yes,Yes,No internet service,10,Mumbai,Premium,0
CUST_06473,13,73.85832644077811,1750.371782414907,Month-to-month,Fiber optic,No,Yes,No,No,17,Delhi,Basic,0
CUST_06474,72,68.45286592239012,6123.15807170819,Two year,No,Yes,Yes,Yes,No internet service,12,Chennai,Premium,0
CUST_06475,28,49.71302694394218,2470.156835227207,Two year,Fiber optic,No internet service,Yes,Yes,Yes,14,Chennai,Premium,0
CUST_06476,50,69.38074002143989,5815.214545985765,Two year,No,No internet service,Yes,No internet service,Yes,16,Chennai,Basic,0
CUST_06477,48,34.50088235123973,5665.361915628273,Two year,Fiber optic,No internet service,No internet service,Yes,Yes,9,Mumbai,Standard,0
CUST_06478,42,55.670736309590914,2328.7563740144424,Two year,DSL,No internet service,No,No internet service,Yes,7,Hyderabad,Premium,0
CUST_06479,71,28.0654535833555,2006.0842766830237,One year,No,No,No,Yes,No,8,Chennai,Standard,0
CUST_06480,4,76.3283531782046,899.600102279269,Month-to-month,Fiber optic,Yes,No,No internet service,No internet service,18,Chennai,Basic,1
CUST_06481,41,27.768324392361947,446.67719937684365,One year,No,Yes,No,Yes,No,17,Delhi,Premium,1
CUST_06482,6,34.3551536783269,7299.381881220587,One year,Fiber optic,No,No,No,No,7,Hyderabad,Basic,0
CUST_06483,41,26.717613751723093,440.8225652944235,Two year,Fiber optic,No,Yes,No internet service,Yes,4,Chennai,Basic,0
CUST_06484,35,56.89368527511195,770.7025744660178,One year,No,Yes,No,No internet service,No,13,Chennai,Basic,0
CUST_06485,26,103.87976235067154,2043.9429639930713,Month-to-month,Fiber optic,Yes,No,Yes,No internet service,12,Delhi,Premium,0
CUST_06486,57,110.50343194665042,7547.117942017026,Two year,DSL,No internet service,Yes,No,No,0,Delhi,Basic,0
CUST_06487,45,25.332724369201365,2842.0001371010267,Month-to-month,No,No internet service,No,No,No internet service,10,Bangalore,Standard,1
CUST_06488,65,82.72411436788595,1644.8438463468146,One year,DSL,No internet service,Yes,No internet service,Yes,11,Delhi,Basic,0
CUST_06489,24,87.80731330839149,6087.341715333997,Two year,Fiber optic,Yes,Yes,No,Yes,5,Delhi,Premium,0
CUST_06490,72,72.44453412806646,2724.3496607961924,Month-to-month,Fiber optic,No internet service,No internet service,No,No,11,Bangalore,Premium,1
CUST_06491,26,86.03245586989368,2845.6158241622966,Month-to-month,No,Yes,No,Yes,No internet service,2,Chennai,Premium,1
CUST_06492,0,41.83645297519572,6285.999486750663,Two year,DSL,Yes,No,No,Yes,7,Pune,Standard,1
CUST_06493,41,67.94370960553964,2152.5191819896504,Month-to-month,DSL,No,No,No,Yes,1,Delhi,Premium,1
CUST_06494,51,57.86933660165451,7624.318724639116,Two year,No,Yes,Yes,No,No,5,Mumbai,Standard,0
CUST_06495,24,27.15021104684237,4779.978672781965,Two year,DSL,No,No internet service,No,No internet service,2,Bangalore,Basic,0
CUST_06496,53,81.80675685169388,4579.888574164415,One year,No,No,No,Yes,Yes,6,Pune,Standard,0
CUST_06497,66,68.51194965249772,2263.62845783159,Month-to-month,No,Yes,Yes,Yes,Yes,15,Pune,Basic,1
CUST_06498,5,46.06775074406349,7101.27019298203,Two year,Fiber optic,Yes,Yes,No,No internet service,16,Bangalore,Basic,0
CUST_06499,57,66.31589656114389,4876.061690492074,One year,Fiber optic,No internet service,Yes,Yes,No,11,Pune,Basic,0
CUST_06500,69,97.0803978765453,1337.0913593321266,One year,DSL,Yes,Yes,No internet service,No,14,Chennai,Premium,0
CUST_06501,52,99.76909180642252,1767.8216483100764,Two year,No,No internet service,No internet service,Yes,Yes,13,Pune,Standard,1
CUST_06502,65,84.25166513243565,3989.746618616699,Two year,No,No internet service,No internet service,Yes,Yes,0,Pune,Premium,0
CUST_06503,57,65.7102790068167,6630.921937735808,Month-to-month,No,Yes,Yes,Yes,No,11,Delhi,Premium,0
CUST_06504,1,76.7264631987925,7985.102510819056,Month-to-month,No,No internet service,No,No internet service,No,19,Mumbai,Standard,0
CUST_06505,21,57.27156787827295,5645.795382857263,Month-to-month,Fiber optic,No,No internet service,No internet service,Yes,19,Chennai,Basic,0
CUST_06506,36,30.9087469854123,4311.107042753485,Two year,DSL,No,No,No internet service,No internet service,13,Delhi,Standard,1
CUST_06507,19,57.33330093338137,2144.7086332569934,One year,Fiber optic,Yes,No,Yes,No internet service,15,Chennai,Premium,0
CUST_06508,23,72.0939411191027,5725.266040585668,One year,No,Yes,No internet service,No internet service,Yes,14,Pune,Standard,0
CUST_06509,64,79.08106949435958,8349.357609149449,Two year,DSL,Yes,No,No internet service,Yes,7,Bangalore,Basic,0
CUST_06510,64,113.45169955757133,4057.3190375237914,Month-to-month,DSL,No,No internet service,Yes,Yes,0,Bangalore,Premium,0
CUST_06511,0,97.28801139312286,1393.2874167440928,One year,No,No internet service,No internet service,No,Yes,12,Delhi,Standard,0
CUST_06512,2,33.50324126735708,894.5348118943426,One year,No,No,No,Yes,No,2,Chennai,Basic,1
CUST_06513,45,35.766585078598666,2301.8309408045607,Month-to-month,Fiber optic,No internet service,No,Yes,No internet service,11,Pune,Premium,0
CUST_06514,54,28.25046544245491,4848.007205338187,One year,Fiber optic,No internet service,Yes,Yes,No internet service,6,Delhi,Premium,0
CUST_06515,63,93.29453617653361,8048.802563856651,Month-to-month,No,Yes,No internet service,No,No internet service,7,Pune,Basic,0
CUST_06516,44,90.02447240616942,2555.518234550092,One year,No,Yes,No,Yes,No,16,Hyderabad,Standard,0
CUST_06517,25,118.60901597308188,2608.3279155739488,One year,Fiber optic,Yes,No internet service,Yes,Yes,17,Delhi,Basic,0
CUST_06518,64,71.24638860176356,4099.365868589616,One year,DSL,No,Yes,No,No internet service,9,Pune,Premium,0
CUST_06519,23,102.29432274258595,7809.076086311319,Month-to-month,DSL,No,Yes,Yes,No internet service,14,Hyderabad,Basic,0
CUST_06520,34,76.79686558156433,3572.4249390966547,One year,DSL,No,Yes,Yes,No,9,Bangalore,Premium,0
CUST_06521,23,107.15684467779859,1911.431701764435,One year,Fiber optic,Yes,Yes,Yes,Yes,8,Mumbai,Basic,0
CUST_06522,27,91.54414600888066,1401.6764208753846,One year,No,Yes,Yes,No,Yes,0,Bangalore,Standard,0
CUST_06523,15,83.57416952910779,3894.4043621691894,Two year,DSL,No internet service,Yes,Yes,Yes,4,Mumbai,Basic,0
CUST_06524,58,75.64251244027113,6809.3460098631285,One year,No,No internet service,Yes,No,No internet service,14,Chennai,Premium,0
CUST_06525,53,91.74299349318343,2489.2510968722727,One year,Fiber optic,Yes,Yes,No,No,13,Mumbai,Standard,0
CUST_06526,15,60.804691952443065,4365.217025954313,Month-to-month,Fiber optic,No,No internet service,No internet service,No internet service,10,Chennai,Premium,1
CUST_06527,14,27.850811231977737,5132.716166688061,Month-to-month,No,Yes,No,Yes,No,16,Hyderabad,Standard,1
CUST_06528,10,22.07858513737976,3838.8900316822856,Two year,No,No,No internet service,Yes,No,13,Chennai,Premium,0
CUST_06529,64,66.86042062413574,1643.9166271586005,Month-to-month,No,Yes,No internet service,No internet service,No internet service,5,Delhi,Premium,0
CUST_06530,67,79.12774138645442,7836.246840243443,Month-to-month,No,Yes,No,No internet service,No,3,Delhi,Premium,1
CUST_06531,42,26.04260111820379,4814.140413258893,Month-to-month,DSL,No internet service,No,Yes,No,12,Pune,Standard,1
CUST_06532,68,47.26416198903443,6202.517844357577,Two year,No,No,Yes,Yes,No,16,Delhi,Premium,0
CUST_06533,12,50.847285009499686,5412.916772124547,Two year,DSL,No,No,No internet service,Yes,11,Bangalore,Basic,0
CUST_06534,9,75.40514459124162,8483.44332029328,One year,Fiber optic,Yes,No internet service,Yes,Yes,11,Pune,Premium,1
CUST_06535,40,46.40521051636449,3888.42256030868,One year,DSL,No internet service,Yes,Yes,Yes,3,Delhi,Premium,0
CUST_06536,49,27.75615715471268,3622.6156703229103,Month-to-month,No,Yes,No internet service,Yes,Yes,1,Chennai,Standard,0
CUST_06537,70,34.81538757654811,3072.706344175433,One year,DSL,Yes,No,No internet service,No internet service,19,Chennai,Premium,1
CUST_06538,58,35.74267576362771,3085.332592124108,One year,Fiber optic,No,No internet service,No internet service,No internet service,5,Chennai,Premium,0
CUST_06539,38,103.95488431072167,2357.082927303602,Two year,No,Yes,No internet service,No,No internet service,5,Delhi,Premium,0
CUST_06540,2,47.000608071785734,8335.704721493012,Two year,Fiber optic,No internet service,Yes,No,Yes,0,Pune,Premium,0
CUST_06541,6,90.8985568593052,7403.973214948817,One year,Fiber optic,Yes,Yes,Yes,No internet service,10,Hyderabad,Premium,0
CUST_06542,48,75.91955212660919,2704.0204280471075,One year,No,No internet service,No internet service,Yes,Yes,11,Hyderabad,Basic,0
CUST_06543,25,117.65795286887709,2606.952756719905,One year,DSL,No,No,No,Yes,3,Bangalore,Basic,0
CUST_06544,32,45.82791222578063,896.1752793036349,Month-to-month,Fiber optic,No,Yes,No,No,15,Chennai,Standard,1
CUST_06545,47,34.15404809397842,7456.975758841519,Two year,No,Yes,No internet service,No,No,18,Chennai,Standard,0
CUST_06546,1,23.30785944484516,3171.319643111273,One year,Fiber optic,No internet service,Yes,Yes,Yes,10,Bangalore,Basic,0
CUST_06547,70,42.57788555269062,4874.923756174974,One year,DSL,No,Yes,Yes,No,10,Chennai,Standard,0
CUST_06548,31,87.77523041437004,7655.003896368058,Month-to-month,Fiber optic,No internet service,No,No,No,12,Mumbai,Basic,1
CUST_06549,3,26.69633891295978,3479.5097003582127,Two year,Fiber optic,No,No internet service,No internet service,No,12,Pune,Basic,0
CUST_06550,19,42.95958820526517,6861.854744312544,Month-to-month,Fiber optic,No,No internet service,No,No,7,Bangalore,Standard,0
CUST_06551,35,105.24145355476922,3667.6826818419577,Month-to-month,Fiber optic,No internet service,No internet service,No internet service,No internet service,10,Chennai,Standard,1
CUST_06552,31,77.46120083518107,5963.3810447485785,One year,DSL,No internet service,No internet service,No internet service,No,15,Bangalore,Premium,0
CUST_06553,27,25.091197105825938,3675.30614180408,Month-to-month,No,No internet service,No internet service,Yes,Yes,12,Mumbai,Basic,0
CUST_06554,0,22.863680713475855,3349.3829792929023,Month-to-month,Fiber optic,No,Yes,No internet service,No,2,Mumbai,Basic,0
CUST_06555,59,24.234533283228224,8421.195769964104,One year,DSL,No internet service,Yes,No internet service,No,10,Pune,Basic,0
CUST_06556,55,114.07125511501978,5211.951359874323,Two year,Fiber optic,Yes,Yes,No,No internet service,7,Delhi,Standard,0
CUST_06557,34,104.68688571322758,3134.2120025261097,One year,Fiber optic,No internet service,Yes,No,No internet service,9,Chennai,Basic,0
CUST_06558,29,104.18388428591501,2204.824804650389,Two year,Fiber optic,No,No,No internet service,No internet service,17,Pune,Basic,0
CUST_06559,53,112.27010974884168,355.2983522876061,Month-to-month,DSL,No internet service,No,No,No,16,Mumbai,Standard,1
CUST_06560,35,69.53604980559285,6011.095697989703,Month-to-month,Fiber optic,No internet service,No internet service,No,Yes,6,Mumbai,Basic,0
CUST_06561,54,43.22915645662109,3174.639305952212,One year,Fiber optic,No internet service,No,No,No internet service,17,Pune,Basic,0
CUST_06562,57,58.93749643232885,6983.877817171483,One year,No,Yes,Yes,No,No,9,Mumbai,Premium,0
CUST_06563,64,91.3241354341487,3104.3322829985073,One year,DSL,No,Yes,No internet service,No,19,Delhi,Premium,0
CUST_06564,68,107.35535289516903,3184.578210149107,Month-to-month,No,Yes,Yes,No internet service,No,12,Chennai,Premium,0
CUST_06565,50,62.379274523351484,6627.013296342106,Month-to-month,No,Yes,Yes,No internet service,No internet service,6,Bangalore,Basic,0
CUST_06566,21,72.60885744897024,4169.656182576009,Two year,No,No,Yes,No internet service,No,6,Delhi,Premium,0
CUST_06567,52,113.04186531417783,7523.677444241014,One year,No,No,No internet service,No internet service,No internet service,19,Chennai,Standard,1
CUST_06568,35,28.964860985161767,5023.53148836801,Month-to-month,Fiber optic,No internet service,No internet service,Yes,No,10,Mumbai,Premium,0
CUST_06569,67,105.95452013136064,2059.1493082289417,Two year,No,No,Yes,No,Yes,9,Delhi,Standard,0
CUST_06570,35,34.24936318969746,4838.081868172884,One year,DSL,No internet service,No internet service,Yes,Yes,11,Hyderabad,Standard,0
CUST_06571,51,67.35385772964327,51.942215278142534,One year,Fiber optic,Yes,No,No internet service,No,12,Hyderabad,Standard,0
CUST_06572,52,40.27915912363208,2667.754532364176,Two year,No,No internet service,No,No,No internet service,11,Mumbai,Basic,0
CUST_06573,49,79.50065833044164,1781.8517521024298,Two year,No,No,Yes,No internet service,No,11,Chennai,Standard,0
CUST_06574,40,74.97448901424315,5566.821391224092,Two year,DSL,No internet service,No internet service,Yes,Yes,5,Chennai,Basic,0
CUST_06575,17,56.76075115255669,1171.8792652453462,Month-to-month,DSL,Yes,Yes,No internet service,No,2,Delhi,Standard,1
CUST_06576,21,106.05695851420269,2478.606543430815,One year,No,No,No internet service,No,No internet service,7,Hyderabad,Basic,0
CUST_06577,65,85.3009586693821,2828.159157771039,One year,No,No,Yes,No internet service,No internet service,16,Chennai,Standard,0
CUST_06578,20,91.56292274611826,45.93316722347116,Two year,No,No internet service,Yes,No internet service,No internet service,12,Delhi,Standard,0
CUST_06579,43,33.36729329718219,414.674031920535,Month-to-month,No,No internet service,Yes,No,No internet service,7,Delhi,Basic,0
CUST_06580,46,108.082899153513,2656.9718175053476,Two year,No,No internet service,No,Yes,Yes,4,Hyderabad,Premium,0
CUST_06581,38,35.038096689241875,1904.0274359737994,Month-to-month,DSL,Yes,No internet service,Yes,No internet service,3,Mumbai,Standard,0
CUST_06582,28,40.724066349415935,1009.6029569337494,One year,DSL,Yes,No internet service,No,No internet service,15,Delhi,Standard,0
CUST_06583,53,31.061624126681807,1325.5991691942713,One year,Fiber optic,No,No,No,Yes,17,Mumbai,Premium,0
CUST_06584,16,62.916639212819184,7105.024506425892,Month-to-month,Fiber optic,No,No,Yes,No internet service,3,Hyderabad,Standard,1
CUST_06585,59,108.5463416387356,5813.916639498743,One year,DSL,Yes,No internet service,No,Yes,10,Delhi,Basic,1
CUST_06586,30,43.74964700020568,4124.284897955993,One year,Fiber optic,No internet service,No internet service,Yes,No internet service,7,Bangalore,Basic,0
CUST_06587,72,56.12284888314123,7727.075852041662,Two year,No,No internet service,Yes,No internet service,No internet service,0,Hyderabad,Standard,0
CUST_06588,48,104.29877484769304,268.6667727668086,Month-to-month,Fiber optic,Yes,Yes,Yes,No internet service,12,Hyderabad,Standard,1
CUST_06589,1,81.0171585354067,2943.7381266754774,One year,No,No internet service,No internet service,No,No internet service,3,Bangalore,Basic,0
CUST_06590,47,94.66487215192024,7001.940691869427,One year,No,Yes,No internet service,No internet service,No,3,Hyderabad,Premium,0
CUST_06591,13,39.82800504248371,5347.147252072696,Month-to-month,Fiber optic,No internet service,Yes,No,No,3,Bangalore,Standard,1
CUST_06592,58,91.08196605992269,8344.672819361032,One year,Fiber optic,No internet service,No,Yes,No internet service,12,Bangalore,Basic,0
CUST_06593,57,41.21627902146079,8029.375579330591,Month-to-month,No,No,No internet service,No internet service,No internet service,18,Hyderabad,Premium,0
CUST_06594,57,118.70602618548743,1459.452209298012,Month-to-month,DSL,No internet service,No internet service,Yes,No internet service,15,Bangalore,Standard,0
CUST_06595,50,75.1083879249272,8262.393710213686,Two year,Fiber optic,No internet service,No,No internet service,No,13,Bangalore,Standard,1
CUST_06596,1,88.95520432039997,8038.026054632082,Month-to-month,Fiber optic,Yes,No,No,No internet service,9,Hyderabad,Premium,1
CUST_06597,40,30.076961582433285,3186.9680361149744,Two year,DSL,Yes,No,Yes,Yes,4,Bangalore,Standard,0
CUST_06598,15,43.5669099642401,8354.790634105697,One year,Fiber optic,Yes,No internet service,No internet service,No,14,Mumbai,Standard,0
CUST_06599,3,32.253547275564145,322.0301000169241,Month-to-month,No,Yes,No internet service,No internet service,No,5,Hyderabad,Basic,1
CUST_06600,11,57.79741295771576,5622.486206774595,Two year,DSL,No internet service,No internet service,No internet service,No,18,Hyderabad,Premium,0
CUST_06601,28,46.98185814895065,2275.4656757707153,Month-to-month,DSL,Yes,Yes,Yes,No internet service,13,Mumbai,Standard,0
CUST_06602,6,92.75807048231806,1116.105985321501,One year,No,No,No,No,Yes,10,Chennai,Basic,1
CUST_06603,13,29.08831592207142,4916.651233373707,Two year,No,Yes,No,No,No,2,Pune,Standard,0
CUST_06604,11,94.71005558193757,2616.463314026819,Two year,No,No internet service,Yes,No internet service,Yes,1,Delhi,Basic,1
CUST_06605,4,22.661892113135924,5674.012566206183,Two year,DSL,No,Yes,No,Yes,5,Bangalore,Standard,0
CUST_06606,31,38.605819406884024,4598.119284034513,One year,No,No internet service,Yes,Yes,Yes,7,Pune,Standard,0
CUST_06607,42,98.78042918038949,3347.9432985072494,Two year,Fiber optic,No,Yes,No,No internet service,0,Bangalore,Standard,0
CUST_06608,68,93.76321739300528,1560.2155722729642,One year,Fiber optic,No,No,No,No internet service,13,Pune,Standard,0
CUST_06609,44,66.58526361972406,5117.804174959003,One year,No,No,Yes,Yes,No internet service,15,Delhi,Standard,0
CUST_06610,8,23.098236937910286,7051.534199211629,Month-to-month,Fiber optic,No internet service,Yes,Yes,No,16,Bangalore,Premium,0
CUST_06611,48,80.20916165026853,5107.237901895724,One year,Fiber optic,No,No,No,No,7,Pune,Premium,1
CUST_06612,32,59.48585860535804,5196.452318072403,Two year,DSL,No internet service,No,No,Yes,16,Bangalore,Premium,1
CUST_06613,17,50.28587132019292,4359.40452270137,Two year,No,No,No,No,No,12,Mumbai,Basic,0
CUST_06614,8,83.32188495630649,3311.05267517857,One year,Fiber optic,Yes,No,No internet service,No internet service,18,Mumbai,Premium,1
CUST_06615,61,62.53468534457609,3898.159109135739,One year,No,Yes,No internet service,Yes,No internet service,8,Pune,Standard,0
CUST_06616,56,27.42695224622422,8411.293183892536,Month-to-month,No,No,No internet service,No internet service,No internet service,2,Mumbai,Standard,0
CUST_06617,28,111.42694799225913,6376.688234857071,Month-to-month,Fiber optic,No,No internet service,No internet service,No internet service,17,Mumbai,Premium,0
CUST_06618,24,97.40629614424465,3670.005373478313,Two year,Fiber optic,Yes,No internet service,No internet service,Yes,0,Hyderabad,Basic,0
CUST_06619,14,23.75057551163635,3896.7880644142424,One year,DSL,Yes,No,No internet service,No,12,Bangalore,Standard,0
CUST_06620,5,71.55651475945095,4255.878689733314,Two year,DSL,No internet service,No internet service,No,No internet service,12,Delhi,Basic,1
CUST_06621,41,26.504511415660087,5610.3029967210905,One year,DSL,Yes,Yes,Yes,Yes,11,Bangalore,Standard,0
CUST_06622,28,103.40356562396546,3970.257742615996,Two year,Fiber optic,No internet service,Yes,No,No,0,Hyderabad,Basic,0
CUST_06623,3,80.52742402730112,5838.171282601663,Two year,DSL,No,Yes,Yes,Yes,9,Hyderabad,Basic,1
CUST_06624,56,35.589811624452985,2810.1709759870455,Two year,No,No internet service,No internet service,No internet service,No internet service,18,Bangalore,Basic,0
CUST_06625,48,20.11561696623248,3501.0453588031737,One year,DSL,No,No internet service,Yes,No internet service,6,Pune,Standard,0
CUST_06626,43,21.221263238934903,7346.898603738032,Month-to-month,DSL,No internet service,Yes,Yes,No internet service,13,Bangalore,Standard,1
CUST_06627,13,69.75127815061263,2807.7777631784847,Month-to-month,DSL,No internet service,No internet service,Yes,No,5,Mumbai,Premium,0
CUST_06628,2,92.90609482503093,8198.352370790364,One year,No,No internet service,No,Yes,No internet service,5,Hyderabad,Basic,1
CUST_06629,61,30.325726036063834,1481.186960325862,Month-to-month,No,No,No internet service,No,No,8,Bangalore,Basic,0
CUST_06630,63,40.57097472332567,2067.9281968282385,Two year,Fiber optic,No,Yes,No internet service,Yes,19,Delhi,Standard,0
CUST_06631,44,51.38051440729229,3950.9316459031284,One year,DSL,No internet service,Yes,No,No,15,Delhi,Basic,0
CUST_06632,57,40.243831770237605,6781.6208144016455,One year,No,No,No internet service,No internet service,Yes,4,Mumbai,Basic,0
CUST_06633,19,57.916329394090184,6223.223201243526,Month-to-month,No,No internet service,No internet service,No,No,14,Mumbai,Standard,0
CUST_06634,57,75.08073058803777,1497.8207614052537,Month-to-month,No,No,Yes,No,No internet service,0,Bangalore,Standard,0
CUST_06635,56,87.86354832061355,2025.5623902591926,Two year,Fiber optic,No internet service,Yes,No,No internet service,3,Delhi,Standard,0
CUST_06636,67,116.3050685851373,4897.380673129203,One year,Fiber optic,Yes,No internet service,Yes,Yes,9,Pune,Standard,0
CUST_06637,51,112.94605430768584,2521.5873696235985,Month-to-month,Fiber optic,Yes,No internet service,Yes,No,5,Hyderabad,Standard,0
CUST_06638,36,76.15295143254929,3600.1634022359967,One year,DSL,No internet service,Yes,Yes,No,1,Chennai,Standard,0
CUST_06639,7,92.88330575854818,4145.2917964809785,Two year,No,No,Yes,Yes,Yes,9,Delhi,Basic,0
CUST_06640,43,114.98896487179364,5058.394617382132,Two year,Fiber optic,No internet service,Yes,No,No,18,Hyderabad,Standard,0
CUST_06641,4,26.514138343223294,2147.417333893849,Two year,Fiber optic,Yes,Yes,No,No,8,Delhi,Premium,1
CUST_06642,68,18.57474550586577,1401.7546976331669,One year,No,Yes,Yes,No internet service,Yes,10,Bangalore,Basic,0
CUST_06643,30,21.039575900417493,3398.6146552689324,One year,No,No internet service,Yes,Yes,Yes,3,Chennai,Premium,0
CUST_06644,44,75.46163496204231,713.7464392251998,One year,DSL,Yes,Yes,Yes,Yes,9,Chennai,Standard,0
CUST_06645,8,95.80900938085848,4486.022181193118,One year,DSL,No internet service,No internet service,Yes,No,5,Bangalore,Standard,0
CUST_06646,31,55.441644975993526,7139.530960631052,One year,DSL,Yes,No,Yes,Yes,2,Bangalore,Basic,1
CUST_06647,32,73.61439582221709,1027.151543308319,Two year,Fiber optic,No,No,Yes,Yes,12,Mumbai,Standard,0
CUST_06648,66,70.66936449195076,974.1803735226649,Two year,Fiber optic,No,No internet service,Yes,Yes,18,Hyderabad,Basic,0
CUST_06649,29,27.666630942385996,698.4073699928808,Two year,No,No,No,No,Yes,2,Pune,Basic,0
CUST_06650,28,50.802002950852994,7209.559459760453,Month-to-month,DSL,No internet service,No internet service,Yes,No internet service,19,Hyderabad,Standard,1
CUST_06651,2,19.982385828594804,702.5389187806787,Two year,No,No internet service,No internet service,Yes,No internet service,17,Mumbai,Basic,0
CUST_06652,56,29.29198025826411,8359.724984130504,One year,DSL,No,No internet service,No,No internet service,11,Hyderabad,Basic,0
CUST_06653,29,100.80953873679734,3057.3660360991726,Two year,DSL,No,No internet service,No internet service,Yes,11,Chennai,Basic,0
CUST_06654,8,102.60017671932853,2806.5606338464886,Month-to-month,DSL,No,No,No,No,11,Delhi,Standard,1
CUST_06655,25,99.79852464459711,795.2205212871714,Month-to-month,DSL,Yes,No internet service,Yes,No internet service,6,Chennai,Basic,1
CUST_06656,1,92.13550137712814,4985.408765599052,Month-to-month,No,No,Yes,No,Yes,8,Mumbai,Premium,1
CUST_06657,61,98.91791033278997,4987.452925176379,Month-to-month,No,Yes,No internet service,Yes,No internet service,11,Hyderabad,Basic,0
CUST_06658,2,86.44019880949088,4206.461027074991,Month-to-month,Fiber optic,No,No,No,No internet service,18,Hyderabad,Basic,1
CUST_06659,45,86.32300055926143,2656.072888685126,One year,DSL,No internet service,No,No internet service,Yes,3,Delhi,Standard,1
CUST_06660,67,86.07090334416442,3144.3031095349033,Two year,No,No,No,Yes,Yes,9,Pune,Basic,0
CUST_06661,24,70.43236454717683,2736.509785140646,One year,DSL,Yes,No,No,No internet service,18,Delhi,Standard,0
CUST_06662,50,55.06141781341413,3632.5738350352167,One year,DSL,No,Yes,No,Yes,16,Delhi,Basic,0
CUST_06663,12,92.4799171484786,2917.0467106917586,Month-to-month,Fiber optic,Yes,No internet service,No,No internet service,17,Chennai,Premium,0
CUST_06664,43,48.461893385847645,5747.73790709705,Two year,Fiber optic,No,Yes,Yes,No internet service,9,Mumbai,Standard,0
CUST_06665,34,73.37601741071717,2526.860858449542,Two year,No,Yes,No internet service,No,No internet service,11,Mumbai,Premium,0
CUST_06666,54,62.2022732622239,2993.80987953596,Two year,No,Yes,No internet service,Yes,No internet service,19,Mumbai,Basic,0
CUST_06667,8,46.215472263557515,3711.570742781554,Month-to-month,Fiber optic,No,Yes,Yes,No,7,Chennai,Premium,1
CUST_06668,1,117.41837188615125,51.60427828577587,One year,No,No,Yes,No internet service,No,18,Bangalore,Basic,0
CUST_06669,60,44.392667810585586,4191.844394541606,Two year,No,No internet service,No,No internet service,Yes,0,Hyderabad,Basic,0
CUST_06670,40,49.54789249974906,2187.8635706824716,One year,Fiber optic,No internet service,No internet service,No,No,3,Chennai,Basic,0
CUST_06671,43,34.48192517932296,494.26815103596084,Two year,DSL,No internet service,No internet service,Yes,No,5,Mumbai,Basic,0
CUST_06672,63,101.94402378205763,7745.28265612299,Two year,DSL,Yes,No internet service,No,Yes,3,Chennai,Basic,0
CUST_06673,30,77.83211885655791,2752.7557008289573,Two year,Fiber optic,Yes,No internet service,Yes,No internet service,15,Chennai,Basic,0
CUST_06674,46,80.53000416018334,3632.0552064718777,Two year,DSL,No internet service,No internet service,Yes,No,7,Pune,Standard,0
CUST_06675,1,101.69726400350798,7035.524669024967,Month-to-month,DSL,No internet service,No internet service,No,No,8,Bangalore,Basic,1
CUST_06676,68,52.9778051802477,1432.7040499330512,Month-to-month,Fiber optic,No,No,Yes,No,14,Pune,Basic,1
CUST_06677,57,37.750609388781804,7230.319322868934,One year,No,No internet service,No internet service,No,No,17,Delhi,Basic,0
CUST_06678,43,38.2373471273782,2067.5730755923178,Month-to-month,Fiber optic,Yes,No,Yes,No internet service,2,Pune,Premium,0
CUST_06679,55,92.72722178915045,5014.21939668112,Two year,Fiber optic,No,No internet service,No,Yes,16,Pune,Premium,0
CUST_06680,42,80.63974575516964,5833.924020569524,One year,DSL,No internet service,No internet service,No,No,0,Mumbai,Standard,0
CUST_06681,33,39.04656561537307,7694.328288850471,One year,Fiber optic,No internet service,Yes,No internet service,No,6,Chennai,Premium,0
CUST_06682,29,32.7966702533232,5171.985470910807,One year,DSL,No internet service,No internet service,No internet service,No,9,Delhi,Standard,0
CUST_06683,70,30.310105126521226,3862.3121382025024,Two year,Fiber optic,No,Yes,Yes,No,14,Hyderabad,Basic,0
CUST_06684,69,82.03546206570985,4871.988646562956,Two year,No,No,Yes,No,Yes,12,Hyderabad,Basic,0
CUST_06685,54,18.0121017809067,1732.0634489624097,One year,DSL,No,Yes,No,No internet service,4,Hyderabad,Standard,0
CUST_06686,66,19.86857294556146,5862.728502259033,Month-to-month,Fiber optic,No internet service,No,No,Yes,6,Chennai,Standard,0
CUST_06687,12,57.73441983386172,1603.1221996128095,Two year,DSL,No,Yes,No,No,13,Chennai,Standard,0
CUST_06688,2,88.51768615616857,4744.574245647775,Two year,Fiber optic,No,Yes,No,No,13,Bangalore,Basic,0
CUST_06689,25,88.89401640273519,5510.9742556596675,Month-to-month,Fiber optic,No,Yes,Yes,Yes,8,Mumbai,Premium,0
CUST_06690,56,61.87206390798444,7639.782536218575,One year,Fiber optic,No,No internet service,No internet service,No internet service,5,Delhi,Basic,0
CUST_06691,23,88.4895078736661,3836.510103942126,Month-to-month,DSL,Yes,No,No,No internet service,18,Pune,Standard,1
CUST_06692,52,71.15181031717279,6594.376427929701,Two year,DSL,No internet service,No,No,No internet service,14,Hyderabad,Basic,0
CUST_06693,69,117.64700451332617,1438.9936017968735,One year,No,No,No,No,No internet service,15,Delhi,Basic,1
CUST_06694,42,34.570941811356974,1342.8585326203038,One year,No,Yes,No,Yes,Yes,11,Bangalore,Basic,0
CUST_06695,59,79.26806130597177,4469.336752372447,Month-to-month,No,Yes,No internet service,No internet service,Yes,2,Hyderabad,Premium,0
CUST_06696,57,68.10635514700238,5076.1623696638935,Two year,No,No internet service,Yes,No internet service,No internet service,2,Delhi,Premium,0
CUST_06697,48,37.83556715508483,5381.5167074965275,Two year,Fiber optic,No internet service,No internet service,No,Yes,5,Mumbai,Basic,0
CUST_06698,41,94.49902407845376,6342.807224445687,One year,DSL,No,No,Yes,Yes,18,Mumbai,Basic,0
CUST_06699,65,46.101818033063516,2519.6088791905827,Two year,Fiber optic,No internet service,No internet service,No internet service,No,11,Bangalore,Standard,0
CUST_06700,10,56.93440154754125,5298.958696752527,One year,DSL,No internet service,No internet service,No internet service,Yes,15,Delhi,Basic,1
CUST_06701,17,56.232718097928064,1613.7960226792288,One year,DSL,No internet service,No,Yes,Yes,17,Bangalore,Premium,0
CUST_06702,51,42.908856265170776,1875.5385682007973,One year,Fiber optic,No internet service,Yes,No internet service,No internet service,3,Bangalore,Premium,0
CUST_06703,45,61.93194383323733,588.913991187261,Two year,Fiber optic,No,No internet service,Yes,Yes,19,Bangalore,Basic,0
CUST_06704,43,66.28127985461707,6354.05897162871,Month-to-month,DSL,Yes,No,No internet service,No internet service,12,Chennai,Premium,1
CUST_06705,21,93.91061062654937,4318.314374810523,One year,No,No internet service,No internet service,Yes,No,12,Mumbai,Premium,0
CUST_06706,52,96.03699458645778,2038.2911548954846,Month-to-month,No,Yes,No internet service,No,No,1,Chennai,Premium,0
CUST_06707,58,34.17270876574953,4736.008389389863,Month-to-month,DSL,Yes,No internet service,No internet service,Yes,8,Pune,Basic,0
CUST_06708,29,78.46277453140827,3022.665364811786,Month-to-month,Fiber optic,Yes,Yes,No internet service,Yes,10,Chennai,Standard,1
CUST_06709,7,109.41217542449834,7119.214459073574,Month-to-month,Fiber optic,No internet service,No internet service,No internet service,No internet service,2,Mumbai,Premium,1
CUST_06710,56,29.096234106225204,4497.7503249062775,Month-to-month,DSL,No internet service,No internet service,Yes,No,16,Bangalore,Standard,1
CUST_06711,72,66.23723254248213,270.8545512461533,One year,Fiber optic,No,Yes,No internet service,No internet service,11,Delhi,Basic,0
CUST_06712,19,94.53601848565096,8373.578218733666,Two year,DSL,No internet service,No internet service,No internet service,Yes,4,Bangalore,Standard,1
CUST_06713,24,80.37211610699902,648.2002013171942,Month-to-month,DSL,No internet service,No internet service,Yes,No,13,Bangalore,Standard,0
CUST_06714,18,28.259736972855634,5921.117358250392,Two year,DSL,No internet service,Yes,No internet service,Yes,18,Chennai,Standard,0
CUST_06715,4,58.453824785799185,3726.804028116541,Two year,Fiber optic,Yes,No,No internet service,No,16,Delhi,Basic,0
CUST_06716,71,69.73842881812013,2132.7136349034568,One year,No,No,No internet service,Yes,No internet service,3,Mumbai,Basic,0
CUST_06717,26,119.57625137505984,5755.718744714343,Month-to-month,DSL,Yes,No,Yes,Yes,0,Hyderabad,Basic,1
CUST_06718,39,36.21800675101258,1085.8613541256998,Two year,Fiber optic,No,No,Yes,Yes,16,Mumbai,Basic,0
CUST_06719,25,118.20722425033148,7297.648496307963,Two year,No,No internet service,No,No internet service,No,9,Delhi,Premium,1
CUST_06720,26,56.36727799140328,2143.690864515187,Month-to-month,DSL,No internet service,Yes,No,No internet service,7,Mumbai,Basic,1
CUST_06721,61,38.43268957952978,3083.8499304128104,One year,No,Yes,Yes,Yes,No,10,Chennai,Standard,0
CUST_06722,49,60.23912637664759,5384.083323132193,One year,Fiber optic,Yes,No internet service,No internet service,No,19,Delhi,Standard,0
CUST_06723,41,80.62750265155135,26.73065462544012,Month-to-month,No,Yes,No,No,No,9,Hyderabad,Basic,1
CUST_06724,28,39.77673417892158,4027.8537472463704,Two year,No,No,Yes,No,Yes,18,Hyderabad,Premium,0
CUST_06725,38,47.72678649681703,7603.019352177176,One year,Fiber optic,Yes,Yes,Yes,No internet service,5,Delhi,Premium,0
CUST_06726,59,105.16374317699956,5789.285469282983,One year,DSL,No internet service,No,Yes,No internet service,10,Mumbai,Basic,0
CUST_06727,40,119.89896509022452,3308.1708954094984,Two year,Fiber optic,No,Yes,Yes,No internet service,15,Hyderabad,Premium,0
CUST_06728,32,50.453614532839495,5619.719999520395,Two year,Fiber optic,No,No,Yes,No,9,Pune,Standard,0
CUST_06729,15,33.183394002893905,7961.981862030127,Two year,DSL,No internet service,Yes,Yes,No internet service,0,Delhi,Premium,0
CUST_06730,22,98.90342363939224,1610.9646974028108,Two year,DSL,Yes,No,No internet service,No internet service,7,Delhi,Premium,0
CUST_06731,6,79.24648010206481,4528.795530969576,Month-to-month,Fiber optic,Yes,Yes,No internet service,Yes,16,Delhi,Basic,1
CUST_06732,25,28.240916624311318,2009.0441638494742,Two year,DSL,No internet service,Yes,Yes,Yes,18,Bangalore,Standard,0
CUST_06733,11,114.57069110647414,7263.533389445915,One year,DSL,No internet service,Yes,No internet service,Yes,8,Mumbai,Premium,0
CUST_06734,71,25.961051896788984,6133.948234084459,Two year,Fiber optic,No internet service,Yes,Yes,No,19,Delhi,Premium,0
CUST_06735,4,81.7863529666314,6812.725955556207,Two year,Fiber optic,No internet service,No,Yes,Yes,7,Delhi,Standard,1
CUST_06736,68,61.24160010114531,8016.6265328470345,Month-to-month,Fiber optic,No,No internet service,No,No internet service,8,Bangalore,Premium,1
CUST_06737,48,74.77563966047346,1988.4430412736644,Month-to-month,Fiber optic,No,No internet service,Yes,Yes,15,Chennai,Standard,0
CUST_06738,25,39.74784795733473,431.2360127965736,Two year,No,Yes,Yes,No,No,13,Bangalore,Premium,0
CUST_06739,4,88.18726072356647,2485.445354472834,Month-to-month,No,No,No internet service,No internet service,Yes,5,Delhi,Basic,1
CUST_06740,21,115.89140829160065,3403.499615784988,Month-to-month,DSL,No,Yes,Yes,No internet service,8,Mumbai,Premium,0
CUST_06741,12,64.7594391525814,5320.605480199253,Month-to-month,No,No,No internet service,No,Yes,10,Bangalore,Premium,0
CUST_06742,27,71.34174431195918,6784.130098918976,Month-to-month,No,No internet service,Yes,No,Yes,14,Delhi,Premium,0
CUST_06743,32,42.46079039802589,2985.0314892136607,Two year,No,No,No internet service,No internet service,Yes,14,Pune,Standard,0
CUST_06744,22,108.97053434261028,4034.2014415026324,Month-to-month,DSL,Yes,No internet service,No,No,4,Mumbai,Standard,1
CUST_06745,17,117.05978932427574,6680.33335009488,Month-to-month,No,No,Yes,Yes,No,7,Bangalore,Basic,1
CUST_06746,29,98.20228227877755,1929.2382567206723,One year,Fiber optic,No internet service,No internet service,Yes,No,19,Hyderabad,Basic,0
CUST_06747,25,73.36289722030001,1859.713012773779,Two year,Fiber optic,No,Yes,No,No,2,Mumbai,Basic,0
CUST_06748,15,115.59327609988033,5015.874219738345,Month-to-month,DSL,Yes,No internet service,Yes,No,19,Pune,Basic,1
CUST_06749,38,33.69270564746223,3716.634036452548,One year,DSL,No,No,Yes,Yes,3,Delhi,Basic,0
CUST_06750,32,66.80606770931229,8066.542683346561,Month-to-month,DSL,Yes,No,No,Yes,6,Mumbai,Standard,1
CUST_06751,25,72.83578208609413,3046.333065595191,Two year,No,No internet service,No,No internet service,No,16,Mumbai,Basic,1
CUST_06752,47,68.17547481474243,6460.550628944957,One year,DSL,Yes,Yes,No internet service,No,11,Delhi,Premium,0
CUST_06753,64,99.84666529222773,4963.792650061951,One year,DSL,Yes,Yes,Yes,Yes,5,Hyderabad,Basic,0
CUST_06754,37,86.38109488366914,480.91441191715415,Two year,DSL,No internet service,Yes,No,No internet service,3,Mumbai,Basic,1
CUST_06755,1,30.919163523662693,733.7582182161415,One year,Fiber optic,Yes,No,Yes,Yes,17,Delhi,Basic,1
CUST_06756,5,53.33803334899216,1741.173332827497,One year,DSL,No,No internet service,Yes,No,15,Mumbai,Basic,0
CUST_06757,45,52.58583853546241,1232.2205470054382,Month-to-month,Fiber optic,No,Yes,No,Yes,0,Chennai,Standard,0
CUST_06758,49,75.69448366487873,2811.7289751641624,One year,Fiber optic,Yes,No,No internet service,No,16,Hyderabad,Basic,0
CUST_06759,37,47.72875860110548,4928.98398550089,Two year,DSL,No,Yes,Yes,Yes,4,Pune,Standard,0
CUST_06760,17,29.961720494498884,5127.23908978865,Month-to-month,DSL,No,Yes,No internet service,Yes,17,Chennai,Basic,0
CUST_06761,26,84.67563189702781,5003.44635375036,One year,No,No internet service,No internet service,Yes,Yes,5,Mumbai,Standard,1
CUST_06762,40,104.8057677305723,1015.5564389584129,Month-to-month,DSL,Yes,Yes,No,No internet service,12,Hyderabad,Basic,0
CUST_06763,71,113.02402573752424,5109.1119349187275,Two year,DSL,No,Yes,No,Yes,7,Delhi,Premium,0
CUST_06764,16,117.20299860126653,3493.47309432434,One year,DSL,Yes,No internet service,No internet service,Yes,18,Chennai,Standard,0
CUST_06765,61,97.67391831331943,7677.692706673631,Two year,DSL,Yes,Yes,Yes,No internet service,15,Hyderabad,Standard,0
CUST_06766,28,32.24964768577402,7753.449951385464,Two year,DSL,No,Yes,No,Yes,17,Hyderabad,Basic,0
CUST_06767,57,105.0174060721459,6533.650397932325,One year,DSL,No internet service,No internet service,Yes,No internet service,6,Mumbai,Standard,1
CUST_06768,69,58.79592748501234,5981.75485562362,One year,No,No internet service,Yes,Yes,No internet service,8,Pune,Standard,0
CUST_06769,21,92.45095400682109,993.0289482868062,Month-to-month,No,Yes,Yes,No internet service,No internet service,0,Chennai,Standard,0
CUST_06770,5,72.18933650600525,736.3763026783657,Two year,DSL,No internet service,No,Yes,Yes,8,Pune,Premium,0
CUST_06771,25,102.51782563217593,7149.951366333276,One year,No,No,No internet service,Yes,No,9,Delhi,Basic,0
CUST_06772,38,61.40158474964824,3639.9481551921344,Two year,Fiber optic,No,No,No internet service,Yes,17,Bangalore,Premium,0
CUST_06773,11,24.302968695482118,3846.4548182544245,One year,No,No internet service,No internet service,No,No,0,Mumbai,Premium,1
CUST_06774,13,74.79601851001203,7208.980989490524,Two year,Fiber optic,No internet service,Yes,Yes,No,12,Pune,Basic,0
CUST_06775,21,35.47163657610267,5288.977394753606,Month-to-month,DSL,Yes,No,Yes,No internet service,13,Hyderabad,Premium,0
CUST_06776,50,116.48279849999811,1539.7322173316604,Two year,Fiber optic,No internet service,No,No,No internet service,6,Chennai,Premium,0
CUST_06777,22,71.75023271420014,1807.814208270792,One year,DSL,Yes,No,No internet service,No internet service,7,Bangalore,Standard,1
CUST_06778,47,74.46299697140057,72.09114775346845,Month-to-month,No,No,No,No,No internet service,0,Pune,Standard,0
CUST_06779,70,110.5411027071114,6045.903736812353,Month-to-month,Fiber optic,No internet service,No internet service,Yes,Yes,1,Hyderabad,Basic,1
CUST_06780,49,81.70769500541984,4136.958087350223,One year,Fiber optic,Yes,Yes,Yes,Yes,10,Chennai,Basic,1
CUST_06781,12,48.87839647335013,8075.593908683703,Month-to-month,Fiber optic,Yes,Yes,No internet service,No,0,Chennai,Premium,0
CUST_06782,9,48.201650925163854,6074.256580187809,Two year,DSL,Yes,No,No internet service,Yes,11,Bangalore,Basic,0
CUST_06783,54,69.16102229045853,892.9408686220188,Two year,DSL,Yes,Yes,No,Yes,7,Hyderabad,Basic,0
CUST_06784,8,106.39403935077421,1388.194663204884,One year,No,No,Yes,No internet service,No,2,Bangalore,Standard,1
CUST_06785,51,99.0623927551004,4273.6284540161705,Two year,No,No internet service,No internet service,No,Yes,9,Delhi,Premium,0
CUST_06786,1,116.19953977779817,7862.782698597297,One year,DSL,Yes,Yes,No,Yes,14,Mumbai,Standard,1
CUST_06787,24,25.33238453092477,2115.183744394235,Month-to-month,No,No internet service,Yes,Yes,No internet service,11,Mumbai,Standard,0
CUST_06788,12,45.36925903436254,7020.57127262131,Two year,Fiber optic,No internet service,Yes,No,No internet service,1,Delhi,Standard,0
CUST_06789,50,26.181186197000052,2666.6946675907966,One year,Fiber optic,No,Yes,No,No,4,Hyderabad,Premium,0
CUST_06790,57,94.6100777780485,2307.26796181211,Two year,Fiber optic,No internet service,No,No internet service,No internet service,8,Bangalore,Premium,0
CUST_06791,33,32.36503629333913,7663.613299821265,Month-to-month,No,No,No internet service,No internet service,Yes,17,Mumbai,Premium,0
CUST_06792,34,28.188404435755885,418.70318396024084,Month-to-month,Fiber optic,No,No internet service,Yes,No internet service,5,Delhi,Standard,1
CUST_06793,2,75.29056512415488,5622.405490540465,Two year,Fiber optic,Yes,No internet service,Yes,No internet service,10,Chennai,Basic,1
CUST_06794,58,59.97144063615416,384.1468561333345,Month-to-month,DSL,No,Yes,Yes,No,13,Pune,Premium,0
CUST_06795,69,90.94033655377164,6810.078437699957,One year,DSL,Yes,No,No,Yes,0,Pune,Basic,0
CUST_06796,47,67.67556995342784,7053.007738732606,Two year,No,No,No internet service,No internet service,No,3,Mumbai,Standard,0
CUST_06797,63,61.38412878592618,7595.450466263159,Two year,DSL,No,No,No,Yes,6,Mumbai,Premium,0
CUST_06798,18,61.40104577219103,1596.4159024408202,Month-to-month,No,No internet service,No internet service,Yes,Yes,8,Delhi,Basic,0
CUST_06799,66,106.93139080068318,1073.9933585677286,One year,No,Yes,No,No internet service,Yes,16,Bangalore,Premium,0
CUST_06800,72,58.313016373691575,4288.984264906089,Two year,DSL,No internet service,Yes,No,No internet service,16,Mumbai,Standard,0
CUST_06801,4,52.00650703250262,2321.9878960723945,Two year,DSL,No,Yes,No internet service,No,10,Bangalore,Premium,0
CUST_06802,66,52.530577856318395,5160.615159599607,Month-to-month,No,Yes,No internet service,No,Yes,11,Pune,Standard,1
CUST_06803,10,38.053281275118806,4375.604518621164,Month-to-month,No,No,No internet service,Yes,No internet service,14,Delhi,Standard,1
CUST_06804,67,105.79026275854693,1246.6355989320698,One year,No,No,No internet service,No,No,1,Chennai,Basic,0
CUST_06805,68,32.956343132813316,6288.4923288507225,One year,Fiber optic,No internet service,Yes,No,No internet service,7,Mumbai,Standard,0
CUST_06806,0,110.67829525555975,6835.699098656942,Month-to-month,Fiber optic,Yes,Yes,Yes,No internet service,19,Pune,Standard,1
CUST_06807,62,46.91370763492263,8186.530915947727,One year,DSL,Yes,No internet service,Yes,Yes,1,Bangalore,Premium,0
CUST_06808,28,109.74153586173237,3372.960749295184,Month-to-month,Fiber optic,Yes,No internet service,No,No,5,Bangalore,Standard,1
CUST_06809,11,98.66370699508687,2882.667722754544,Two year,Fiber optic,No,Yes,No,No internet service,0,Pune,Standard,1
CUST_06810,40,77.36272713693658,1648.7718483611177,Month-to-month,No,Yes,No internet service,No,No internet service,17,Pune,Standard,0
CUST_06811,1,86.28594039969711,1552.0973982844225,Month-to-month,Fiber optic,No,No internet service,Yes,No internet service,3,Hyderabad,Standard,1
CUST_06812,36,51.23609726414263,2741.173966593036,Month-to-month,DSL,No,No internet service,Yes,No internet service,7,Bangalore,Basic,0
CUST_06813,44,76.57131866142157,8345.769269368902,Two year,Fiber optic,No,Yes,Yes,Yes,7,Pune,Premium,0
CUST_06814,47,47.8250958741231,800.5380790102935,One year,Fiber optic,Yes,Yes,No internet service,Yes,13,Pune,Premium,0
CUST_06815,23,59.03182701682709,2217.944126021215,One year,Fiber optic,No internet service,No,No internet service,No,19,Pune,Standard,0
CUST_06816,21,95.99558063338297,747.2687622941029,One year,DSL,No,No,Yes,No internet service,13,Bangalore,Basic,0
CUST_06817,10,42.88112150864205,2338.941473184526,Month-to-month,DSL,No internet service,No,No internet service,Yes,0,Delhi,Basic,0
CUST_06818,57,103.56229361542884,801.7489507254397,Month-to-month,No,Yes,No,No internet service,No,19,Bangalore,Standard,0
CUST_06819,45,56.34005107382964,4329.4758078246305,One year,Fiber optic,Yes,No internet service,No,No,2,Hyderabad,Standard,0
CUST_06820,28,72.28133600733045,3736.132653159323,Two year,No,Yes,Yes,No,Yes,14,Chennai,Premium,0
CUST_06821,34,114.07996973141307,1494.2949023388287,Two year,No,Yes,Yes,No,Yes,18,Hyderabad,Premium,1
CUST_06822,14,87.48807427906124,1500.7205550011288,Two year,DSL,Yes,No,No internet service,No internet service,0,Pune,Premium,1
CUST_06823,59,83.85161951015199,5328.65716328789,Two year,No,No internet service,No internet service,No internet service,Yes,2,Chennai,Premium,0
CUST_06824,41,90.58398821571296,3301.563197317788,Month-to-month,Fiber optic,Yes,Yes,No,Yes,19,Mumbai,Standard,0
CUST_06825,42,111.64735655357727,494.64545337148525,One year,No,Yes,Yes,No,Yes,0,Chennai,Standard,0
CUST_06826,48,43.3483983405941,7823.073631224271,Two year,DSL,Yes,No internet service,Yes,No,18,Chennai,Premium,0
CUST_06827,63,80.55060299153251,3452.8069846387266,Month-to-month,DSL,Yes,No internet service,No internet service,Yes,16,Pune,Premium,0
CUST_06828,31,58.84017314713253,5031.265360294429,Month-to-month,DSL,Yes,No,No,No,12,Pune,Standard,1
CUST_06829,63,19.20923990744488,7528.0641592076445,Month-to-month,Fiber optic,No,No,No,No,19,Hyderabad,Premium,0
CUST_06830,1,30.780691433423137,3429.1126148750805,One year,No,No,No internet service,No,Yes,15,Delhi,Standard,0
CUST_06831,23,51.14917331688602,6978.838454286216,Month-to-month,Fiber optic,No internet service,Yes,No internet service,No,11,Delhi,Premium,1
CUST_06832,65,75.62999706055541,7776.928369082221,One year,DSL,Yes,No internet service,No,No internet service,6,Chennai,Standard,0
CUST_06833,37,107.91042722301971,1494.4395482327056,One year,Fiber optic,No internet service,No internet service,No,No internet service,16,Hyderabad,Basic,1
CUST_06834,30,98.69364005654683,7588.1210457480665,One year,DSL,No internet service,Yes,No,No,10,Delhi,Standard,1
CUST_06835,25,74.44003458712258,1034.4188129634995,One year,Fiber optic,Yes,Yes,No,Yes,7,Delhi,Basic,0
CUST_06836,28,25.534782626561697,2351.6306863555023,Month-to-month,Fiber optic,Yes,No,No,Yes,9,Hyderabad,Basic,1
CUST_06837,66,47.16244162028782,6873.249498969307,Month-to-month,No,No,No internet service,Yes,No,15,Chennai,Premium,0
CUST_06838,24,55.40428208500887,7657.606338575522,Month-to-month,No,Yes,No,No,Yes,9,Pune,Basic,1
CUST_06839,47,81.41515289079194,5820.865202980271,Two year,DSL,No,No internet service,Yes,No,7,Mumbai,Premium,0
CUST_06840,64,24.622209543943793,907.1328556497834,Two year,No,No internet service,No internet service,No internet service,No internet service,4,Hyderabad,Basic,0
CUST_06841,52,72.07974255904827,4454.020492706111,One year,No,No internet service,Yes,No internet service,No,16,Pune,Basic,0
CUST_06842,66,109.94938676676014,4875.082512960161,One year,Fiber optic,No,No internet service,No internet service,No,12,Hyderabad,Premium,0
CUST_06843,17,89.9541349611351,2408.7342298655776,One year,DSL,No,No internet service,No internet service,No internet service,9,Hyderabad,Standard,0
CUST_06844,8,99.30183426940116,8426.171034129175,One year,Fiber optic,Yes,Yes,No internet service,No internet service,9,Chennai,Premium,0
CUST_06845,37,87.53091613262549,2864.7963300814076,One year,Fiber optic,No,Yes,No,No,11,Chennai,Basic,0
CUST_06846,20,39.072089441604405,1801.3809531539068,Two year,No,No,Yes,No,No internet service,11,Pune,Premium,0
CUST_06847,64,29.2693496467339,952.1737950266784,One year,No,Yes,No internet service,No internet service,No internet service,6,Hyderabad,Premium,0
CUST_06848,20,102.60804864650072,3228.4476947259564,Month-to-month,DSL,No internet service,Yes,No,Yes,10,Delhi,Basic,1
CUST_06849,26,88.9414524735839,5892.7917425418245,One year,No,No,No internet service,Yes,No internet service,19,Mumbai,Basic,0
CUST_06850,69,76.65627899926956,1980.8797853068431,Month-to-month,Fiber optic,Yes,No,Yes,No internet service,11,Pune,Basic,1
CUST_06851,43,37.306852226761094,6545.274052526207,Month-to-month,No,Yes,Yes,No,No,3,Bangalore,Premium,1
CUST_06852,27,79.54118646179884,1166.4735528156893,Month-to-month,DSL,No,No,No internet service,No internet service,17,Hyderabad,Premium,0
CUST_06853,44,21.194822092660296,3754.048990560237,Month-to-month,DSL,No internet service,No,No internet service,No,9,Hyderabad,Premium,0
CUST_06854,16,30.121591708183864,5975.534063579439,One year,Fiber optic,Yes,Yes,Yes,Yes,19,Chennai,Standard,0
CUST_06855,39,49.812795280051304,1165.694353596543,One year,Fiber optic,No,Yes,No,No,1,Chennai,Premium,0
CUST_06856,2,63.261304295938764,5088.897625177398,One year,No,No internet service,No internet service,Yes,No,0,Bangalore,Standard,0
CUST_06857,65,30.297578573844035,6794.715210320193,One year,DSL,No,Yes,No,Yes,13,Pune,Basic,0
CUST_06858,45,30.23389875346865,5069.44573832505,One year,Fiber optic,Yes,No,No internet service,Yes,16,Chennai,Standard,0
CUST_06859,29,92.04115337953081,4356.237006146003,Two year,No,Yes,No,Yes,No internet service,3,Chennai,Premium,0
CUST_06860,68,76.11137946641554,7128.456810266494,Month-to-month,No,Yes,No,No,No,8,Pune,Basic,0
CUST_06861,8,72.44168203932182,8376.33540871032,Month-to-month,No,No,No internet service,No internet service,No,6,Delhi,Standard,0
CUST_06862,10,64.1483185019901,1555.8964618765922,Two year,Fiber optic,Yes,No internet service,No,No,16,Mumbai,Basic,1
CUST_06863,68,117.60739684714551,5881.9996671401705,Two year,Fiber optic,No,Yes,No internet service,Yes,2,Delhi,Basic,0
CUST_06864,65,23.07962885522643,702.1373759079503,One year,No,No internet service,Yes,No,No,0,Hyderabad,Standard,0
CUST_06865,30,36.4239719684809,381.37756534702,One year,No,No internet service,Yes,Yes,No internet service,9,Delhi,Basic,0
CUST_06866,32,84.04579125492621,2399.9065054994276,Month-to-month,Fiber optic,No internet service,No,No,Yes,4,Pune,Basic,1
CUST_06867,38,31.909296692826615,8253.341646284995,One year,DSL,No internet service,No,Yes,No,3,Bangalore,Premium,0
CUST_06868,45,78.11685567693573,4701.723514911329,Month-to-month,No,Yes,No,Yes,Yes,18,Delhi,Basic,0
CUST_06869,36,75.91164499907016,2293.4775394297976,One year,DSL,Yes,Yes,Yes,Yes,5,Chennai,Standard,0
CUST_06870,59,117.04252873124348,1142.5952697068603,One year,DSL,No,Yes,No internet service,Yes,5,Bangalore,Standard,0
CUST_06871,30,108.10542167900027,7822.995624359117,Month-to-month,Fiber optic,No internet service,No,Yes,No,8,Bangalore,Premium,1
CUST_06872,10,114.44644106428017,3091.5933474335598,Two year,Fiber optic,No internet service,Yes,Yes,No,19,Hyderabad,Premium,0
CUST_06873,1,29.58744168634592,2619.406247422519,Two year,DSL,No,No internet service,Yes,No internet service,8,Hyderabad,Standard,0
CUST_06874,26,106.55114059992725,7295.245830215562,One year,Fiber optic,No,Yes,No internet service,Yes,14,Chennai,Standard,0
CUST_06875,1,31.16724749628721,5144.544818571605,Two year,DSL,No,No,No,No,19,Mumbai,Premium,0
CUST_06876,20,82.55908221148688,1448.3714989442817,One year,DSL,No,Yes,No internet service,No,7,Bangalore,Standard,0
CUST_06877,57,91.44797238915623,3593.2523283456144,Two year,Fiber optic,No internet service,No internet service,No internet service,No internet service,1,Chennai,Basic,0
CUST_06878,4,34.40705681122716,7891.255919672614,Two year,Fiber optic,Yes,No,No,No,9,Hyderabad,Premium,1
CUST_06879,51,82.53125634481304,7662.008719454855,Month-to-month,No,No internet service,Yes,No,No,13,Hyderabad,Premium,0
CUST_06880,44,23.350970277023393,612.6712618876045,Two year,Fiber optic,No,Yes,Yes,No,1,Mumbai,Premium,0
CUST_06881,19,47.91314074576868,2296.3771009277416,One year,No,Yes,Yes,Yes,Yes,12,Bangalore,Premium,0
CUST_06882,60,111.9581663812799,1328.8031740832453,Month-to-month,Fiber optic,No internet service,Yes,No,No internet service,18,Bangalore,Basic,1
CUST_06883,37,35.51657861599065,4545.790960339281,Two year,Fiber optic,No,No internet service,No,No internet service,6,Chennai,Premium,0
CUST_06884,19,24.657539229933406,6379.35849505116,Month-to-month,Fiber optic,Yes,Yes,No internet service,No internet service,11,Mumbai,Premium,0
CUST_06885,24,63.25517636485686,2524.7975170249174,Two year,Fiber optic,Yes,Yes,No internet service,No,5,Delhi,Standard,0
CUST_06886,1,104.7630572697817,6447.322728382299,One year,DSL,No,No,No internet service,No,2,Chennai,Premium,1
CUST_06887,31,25.820582960765577,5690.0454907726835,One year,Fiber optic,Yes,No internet service,No,No,4,Bangalore,Standard,0
CUST_06888,25,54.264607253501666,6194.780780194557,Month-to-month,DSL,No internet service,No,Yes,Yes,3,Chennai,Standard,1
CUST_06889,69,109.77703312505128,8061.003176233104,Two year,Fiber optic,No internet service,No internet service,No internet service,Yes,13,Chennai,Standard,0
CUST_06890,40,30.05186609433434,3619.557803192813,Two year,Fiber optic,No internet service,Yes,No internet service,No internet service,5,Chennai,Basic,0
CUST_06891,66,49.688187603018555,2923.661984754566,Month-to-month,DSL,Yes,No internet service,No,Yes,16,Chennai,Premium,1
CUST_06892,0,97.3989023766418,5818.392019372975,Month-to-month,Fiber optic,Yes,No,No internet service,Yes,16,Bangalore,Premium,1
CUST_06893,50,73.40752068815804,6867.699674014617,One year,No,No,Yes,No,No,12,Mumbai,Standard,0
CUST_06894,4,102.89798034462548,1641.8389642780426,Month-to-month,No,No,No,Yes,No,11,Mumbai,Premium,1
CUST_06895,12,29.382730090977436,7200.554214110806,Two year,Fiber optic,Yes,No,No internet service,No internet service,1,Hyderabad,Standard,0
CUST_06896,18,111.89652548073173,508.70482865429324,Month-to-month,No,No internet service,No internet service,No internet service,No,13,Pune,Premium,1
CUST_06897,11,113.3610030405513,72.23180510879786,One year,No,Yes,Yes,No internet service,No,4,Hyderabad,Standard,1
CUST_06898,47,33.84192805496404,1361.7790812632138,Month-to-month,No,No internet service,No,No,Yes,7,Delhi,Standard,0
CUST_06899,24,21.455297369488505,8319.055079906959,Two year,No,No,No,No,No internet service,14,Mumbai,Standard,0
CUST_06900,56,118.96382095946802,4458.881532953979,Month-to-month,DSL,Yes,No internet service,Yes,Yes,8,Chennai,Basic,1
CUST_06901,34,67.18966241484729,412.9847844626757,Month-to-month,DSL,Yes,No,No,No internet service,15,Pune,Standard,0
CUST_06902,4,76.351691211614,8476.044152109665,Month-to-month,DSL,Yes,Yes,No internet service,No internet service,12,Hyderabad,Basic,1
CUST_06903,21,80.82228283399078,6336.337263442804,One year,No,No internet service,Yes,No internet service,No,14,Chennai,Basic,0
CUST_06904,56,98.54618320361128,7125.959054218217,One year,No,No,No internet service,No,Yes,3,Delhi,Standard,0
CUST_06905,46,100.82277284268362,1824.1615456040677,One year,DSL,No internet service,No,Yes,Yes,15,Mumbai,Basic,0
CUST_06906,53,37.78037288061694,912.4221011927857,One year,No,No,No internet service,No,No,11,Bangalore,Premium,0
CUST_06907,2,42.136947544619716,4386.9504841309745,Two year,DSL,No internet service,No internet service,No,No internet service,19,Delhi,Basic,0
CUST_06908,52,107.43696895252995,6567.59415408198,Two year,DSL,No,No,No internet service,No internet service,11,Bangalore,Basic,1
CUST_06909,30,101.59079568455982,5427.655492965497,One year,DSL,No internet service,Yes,No internet service,No internet service,14,Mumbai,Basic,1
CUST_06910,68,80.99717691850344,5370.645249937127,One year,No,Yes,No internet service,No internet service,No internet service,4,Bangalore,Basic,0
CUST_06911,32,119.45931423073468,6439.688981844329,One year,DSL,No internet service,Yes,No,No,0,Mumbai,Standard,0
CUST_06912,71,92.98876224223501,1943.5906423448887,Month-to-month,Fiber optic,Yes,Yes,No,No internet service,19,Chennai,Premium,0
CUST_06913,49,40.015350349285384,5629.006548320812,Two year,DSL,Yes,No,Yes,Yes,2,Delhi,Premium,0
CUST_06914,15,104.35769456193319,3343.8826956061007,Month-to-month,DSL,Yes,No,No internet service,No internet service,7,Chennai,Basic,1
CUST_06915,38,60.30272890975428,609.6490624871171,One year,Fiber optic,No internet service,Yes,Yes,No internet service,6,Mumbai,Premium,0
CUST_06916,45,21.687571375211498,1732.5735861563942,Two year,No,Yes,Yes,No internet service,No internet service,12,Mumbai,Standard,0
CUST_06917,46,50.7849703367904,6752.739715935899,One year,DSL,No internet service,Yes,Yes,No,9,Chennai,Basic,0
CUST_06918,43,95.8822258740573,7617.284181118436,Month-to-month,Fiber optic,No,No internet service,No internet service,No internet service,16,Pune,Basic,0
CUST_06919,8,115.94103313302027,2416.894605383693,Two year,No,No internet service,Yes,No,No,10,Chennai,Basic,1
CUST_06920,49,46.16591446292577,1632.6414761641956,Month-to-month,Fiber optic,No internet service,No internet service,No internet service,Yes,7,Chennai,Premium,1
CUST_06921,59,43.144665089790934,244.6772450075727,Two year,DSL,No internet service,No,Yes,No internet service,14,Delhi,Basic,0
CUST_06922,14,75.4888917310266,8056.369249993338,One year,Fiber optic,No,No,Yes,No internet service,11,Delhi,Basic,1
CUST_06923,35,100.79175776556957,5818.457474148633,Two year,No,No,Yes,No internet service,Yes,17,Pune,Premium,0
CUST_06924,62,94.14561958041655,8135.529350976086,Month-to-month,DSL,No,No,No,No internet service,9,Mumbai,Standard,1
CUST_06925,68,75.11580806140728,7345.168769956247,Month-to-month,Fiber optic,Yes,Yes,No internet service,No internet service,11,Hyderabad,Premium,1
CUST_06926,40,82.40174752467681,2905.837639200038,Month-to-month,No,No internet service,No internet service,No,No,3,Chennai,Standard,1
CUST_06927,23,42.69409364728709,973.7775940982087,Month-to-month,No,No internet service,Yes,No internet service,No,14,Bangalore,Standard,1
CUST_06928,48,62.122575030341764,4250.999734003689,One year,DSL,Yes,No,No,Yes,17,Bangalore,Standard,0
CUST_06929,17,44.04729390507059,245.43463308948554,Month-to-month,DSL,Yes,Yes,No internet service,No,12,Pune,Basic,0
CUST_06930,6,108.21063343415304,1289.59283991274,One year,DSL,No internet service,No,No internet service,No,16,Bangalore,Standard,1
CUST_06931,3,29.480559751282605,1997.9755593059388,Two year,DSL,Yes,No internet service,No,Yes,0,Pune,Basic,0
CUST_06932,68,87.33353690134982,5664.0144284974385,Month-to-month,Fiber optic,Yes,No,No,Yes,4,Chennai,Premium,0
CUST_06933,59,44.54888611083239,4342.780734078643,Two year,No,No,No,No internet service,No internet service,16,Hyderabad,Standard,0
CUST_06934,54,66.50889579128358,2583.122674948751,Two year,DSL,Yes,No,Yes,No internet service,19,Pune,Basic,0
CUST_06935,15,48.540103585156544,4808.365561940946,One year,DSL,Yes,No,No,No internet service,17,Hyderabad,Basic,0
CUST_06936,28,50.97102234006611,1079.9688678711314,Month-to-month,DSL,No internet service,No,Yes,No internet service,8,Pune,Standard,1
CUST_06937,22,44.56008738832424,6427.916331675472,One year,Fiber optic,Yes,No,Yes,No,9,Pune,Standard,0
CUST_06938,13,94.78487796193474,6057.4820469053575,Month-to-month,No,Yes,Yes,Yes,No,16,Delhi,Standard,1
CUST_06939,48,55.303017432262806,1854.3756951222504,Two year,No,Yes,No internet service,Yes,Yes,0,Hyderabad,Basic,0
CUST_06940,32,92.08841580683644,5161.413176094634,One year,DSL,No,Yes,No internet service,Yes,3,Bangalore,Basic,0
CUST_06941,24,64.5191328706093,4287.012689649172,Month-to-month,No,No internet service,No internet service,No,No,17,Bangalore,Standard,0
CUST_06942,20,73.8190962942293,533.8439571100014,Two year,Fiber optic,No,Yes,No internet service,No internet service,14,Chennai,Premium,0
CUST_06943,16,73.41532252277571,2377.3015226040925,One year,No,Yes,No internet service,No internet service,No internet service,14,Delhi,Basic,0
CUST_06944,22,117.53691209304606,8495.612295530316,One year,DSL,No internet service,No internet service,No internet service,No internet service,0,Pune,Basic,0
CUST_06945,56,55.440370482517025,862.2614775419415,One year,No,No internet service,Yes,No internet service,No internet service,0,Mumbai,Premium,0
CUST_06946,57,39.18377773055495,4313.380706161967,One year,Fiber optic,Yes,Yes,No internet service,Yes,10,Pune,Premium,0
CUST_06947,13,111.00277791739342,7222.048906640844,Two year,Fiber optic,No,No internet service,No,No,10,Delhi,Premium,0
CUST_06948,19,35.83360751018847,2568.1291868298003,Two year,No,Yes,No,No internet service,Yes,5,Mumbai,Basic,0
CUST_06949,29,103.11113027612316,2229.330675944992,Two year,No,No,No internet service,No internet service,No,0,Pune,Premium,0
CUST_06950,18,33.32191933762643,7573.706664437326,Two year,DSL,Yes,No,No internet service,No internet service,13,Delhi,Premium,0
CUST_06951,52,85.18988209119544,2603.5676102977027,Month-to-month,DSL,No internet service,No internet service,Yes,Yes,5,Hyderabad,Basic,0
CUST_06952,55,33.35516295298268,5543.966266046182,Two year,DSL,No internet service,No,No internet service,No,16,Delhi,Basic,0
CUST_06953,22,112.1547535624218,6297.334733095394,One year,No,No,Yes,No,No,8,Chennai,Basic,0
CUST_06954,61,75.63084483058879,6707.055749622865,One year,Fiber optic,Yes,Yes,No,No,16,Mumbai,Premium,0
CUST_06955,32,51.58593159228893,8455.551243637943,One year,Fiber optic,No,No,No,No,13,Hyderabad,Standard,0
CUST_06956,17,32.312923046286684,6830.675135279374,One year,No,No internet service,No,Yes,No internet service,18,Hyderabad,Standard,0
CUST_06957,72,55.86160808689138,5590.7771147200665,Month-to-month,Fiber optic,No internet service,No,No,No internet service,7,Delhi,Basic,0
CUST_06958,32,89.9120435566188,7613.321896911614,One year,Fiber optic,No,No,Yes,No,11,Hyderabad,Premium,0
CUST_06959,31,57.26499016071181,7700.525999489552,One year,No,No,Yes,No,No,1,Bangalore,Premium,0
CUST_06960,60,43.10160188173529,8272.397893868854,One year,Fiber optic,No,No internet service,Yes,No,2,Bangalore,Premium,0
CUST_06961,53,76.89576372596936,6603.978373289555,Two year,No,No,Yes,No,No internet service,12,Bangalore,Basic,0
CUST_06962,16,60.6178289893862,1671.3736181333466,Two year,DSL,No,No internet service,No internet service,Yes,4,Delhi,Standard,0
CUST_06963,18,34.912236075089815,6038.575246083644,Month-to-month,Fiber optic,Yes,Yes,No,No,17,Mumbai,Premium,1
CUST_06964,69,33.706775008300596,655.2394420228684,Month-to-month,No,No,No,No,Yes,0,Delhi,Standard,0
CUST_06965,33,90.16112300262918,2714.9615545783677,Month-to-month,Fiber optic,No,Yes,No,No internet service,4,Chennai,Standard,1
CUST_06966,24,117.41653334265816,1000.2793024967789,One year,Fiber optic,No internet service,Yes,No internet service,No internet service,11,Hyderabad,Premium,0
CUST_06967,67,41.77559522792975,8075.413191620115,Month-to-month,DSL,No internet service,No,Yes,No internet service,18,Bangalore,Basic,0
CUST_06968,10,96.86115728481198,2891.312379887039,Two year,No,Yes,No,Yes,No internet service,5,Delhi,Standard,1
CUST_06969,15,26.93588364994745,6067.495113131645,Two year,DSL,No,Yes,No internet service,No internet service,1,Delhi,Standard,0
CUST_06970,60,56.92074374332253,4863.922972337931,Two year,Fiber optic,No,Yes,No internet service,Yes,1,Hyderabad,Standard,0
CUST_06971,6,69.6821915864422,929.9118055506348,One year,Fiber optic,No internet service,No internet service,Yes,Yes,19,Delhi,Standard,0
CUST_06972,15,45.412188419556365,4779.323606925603,One year,Fiber optic,No internet service,No internet service,Yes,Yes,12,Bangalore,Standard,0
CUST_06973,15,72.01699848445355,5624.801695329772,Month-to-month,No,No internet service,Yes,Yes,Yes,13,Hyderabad,Premium,0
CUST_06974,39,108.02667162171315,7495.029376534207,Month-to-month,DSL,No,No internet service,Yes,No,5,Mumbai,Basic,0
CUST_06975,11,114.33267216020933,612.4664189991723,Month-to-month,No,No,No,Yes,No internet service,11,Bangalore,Standard,1
CUST_06976,34,28.256809346051043,2525.5674615914018,Month-to-month,Fiber optic,Yes,Yes,No internet service,Yes,12,Chennai,Basic,1
CUST_06977,20,45.72828526638864,5890.435886266779,One year,DSL,No internet service,Yes,Yes,Yes,7,Chennai,Basic,0
CUST_06978,49,117.87165958680794,309.2009354647083,Two year,Fiber optic,No internet service,No internet service,Yes,No,13,Pune,Premium,0
CUST_06979,42,45.582677861028856,1744.540415297308,One year,DSL,No internet service,Yes,No,No,17,Pune,Basic,0
CUST_06980,16,88.65614981663099,1872.762302304395,Month-to-month,No,No internet service,Yes,No internet service,No internet service,3,Hyderabad,Basic,0
CUST_06981,31,43.852276774777195,5695.226633145453,One year,No,No internet service,No,No internet service,No internet service,5,Bangalore,Basic,1
CUST_06982,40,54.3492905187459,2443.5184833107455,Two year,No,No,Yes,Yes,No,5,Pune,Basic,0
CUST_06983,5,37.51045676548354,5103.7704072906545,One year,No,No,No internet service,No,No,14,Bangalore,Standard,0
CUST_06984,26,105.3426197571088,8206.085524708438,Two year,No,No internet service,No,No,No,12,Bangalore,Premium,0
CUST_06985,19,108.03017390958941,6746.286973334466,Month-to-month,DSL,No internet service,No internet service,Yes,No internet service,6,Chennai,Premium,0
CUST_06986,24,48.285075807374014,2841.6815889947,One year,DSL,No,Yes,No,No,12,Hyderabad,Premium,0
CUST_06987,65,102.00616206540425,4024.896535695488,Month-to-month,Fiber optic,No,No internet service,Yes,Yes,5,Chennai,Basic,0
CUST_06988,8,54.54064830377237,1720.1160376207065,Month-to-month,DSL,Yes,No internet service,No internet service,No internet service,5,Pune,Basic,0
CUST_06989,52,28.099981135306145,151.33712739386144,Two year,Fiber optic,No,No,No,No internet service,13,Delhi,Standard,1
CUST_06990,60,95.3237925237915,2475.3660068950476,Two year,No,Yes,Yes,Yes,Yes,2,Pune,Basic,0
CUST_06991,37,78.83751738768215,3151.323840240286,Month-to-month,DSL,No internet service,No,Yes,Yes,10,Mumbai,Basic,0
CUST_06992,2,45.987009254416535,4804.962360694508,Two year,DSL,No internet service,Yes,Yes,No internet service,12,Chennai,Premium,0
CUST_06993,69,43.8059735322084,8025.573319054955,Two year,No,No internet service,No,No internet service,No internet service,2,Hyderabad,Basic,0
CUST_06994,54,117.51358378919677,8057.681283795293,Month-to-month,No,No,Yes,No,No,11,Chennai,Premium,1
CUST_06995,0,105.97510617109532,612.5737709244872,Month-to-month,No,No,No,No internet service,No,19,Delhi,Premium,1
CUST_06996,69,100.599429596124,5231.424653783387,Two year,Fiber optic,No internet service,Yes,No internet service,Yes,4,Delhi,Premium,0
CUST_06997,44,31.057806281449892,377.23518483079556,Month-to-month,Fiber optic,No internet service,No,No,Yes,12,Delhi,Basic,1
CUST_06998,46,95.02910197332257,5515.023676586798,Month-to-month,DSL,Yes,No internet service,No internet service,Yes,10,Delhi,Basic,0
CUST_06999,25,39.883102562735225,1016.3573742177934,Two year,No,No,No,Yes,Yes,16,Mumbai,Standard,0
